============================================
Multiple Demand System Mapping (SLURM)
============================================
Job ID: 870822
Node: compute-3
Start time: Mon Mar  9 13:55:24 CET 2026

Contrast base: /ptmp/hmueller2/2025_ibc_latent/outputs/glm/contrast_maps_fsLR
Output directory: /ptmp/hmueller2/2025_ibc_latent/outputs/md_system
Config file: /ptmp/hmueller2/2025_ibc_latent/misc/subjects_resting.txt
Subjects: 04 06 07 09 11 13 14 15 
Mode: vertex
Run group map: 1
Save individual contrasts: 0
Vertex smooth FWHM: 4.0
Vertex threshold z: 2.3

Script directory: /home/hmueller2/ibc_code/ibc_latent/Multiple-Demand
Working directory: /home/hmueller2/ibc_code/ibc_latent
Container: /home/rglz/containers/gfae.sif

============================================
Running vertex-wise MD mapping
============================================
Command: python Command: /home/hmueller2/ibc_code/ibc_latent/Multiple-Demand/md_mapping.py Command: --subjects Command: 04 Command: 06 Command: 07 Command: 09 Command: 11 Command: 13 Command: 14 Command: 15 Command: --contrast-base Command: /ptmp/hmueller2/2025_ibc_latent/outputs/glm/contrast_maps_fsLR Command: --output Command: /ptmp/hmueller2/2025_ibc_latent/outputs/md_system/vertex_wise Command: --smooth Command: 4.0 Command: --wb-command Command: /home/hmueller2/workbench/bin_linux64/wb_command Command: --left-surface Command: /home/hmueller2/ibc_code/ibc_latent/MSCcodebase/Utilities/Conte69_atlas-v2.LR.32k_fs_LR.wb/Conte69.L.midthickness.32k_fs_LR.surf.gii Command: --right-surface Command: /home/hmueller2/ibc_code/ibc_latent/MSCcodebase/Utilities/Conte69_atlas-v2.LR.32k_fs_LR.wb/Conte69.R.midthickness.32k_fs_LR.surf.gii Command: --group Command: --no-individual-contrasts Command: --threshold Command: 2.3 
INFO: /home/hmueller2/matlab/startup.m does not exist ... creating

============================================================
Processing subject 04
============================================================
  Looking for contrasts in: /ptmp/hmueller2/2025_ibc_latent/outputs/glm/contrast_maps_fsLR/sub-04
  Subject directory contents (92 items): ['.DS_Store', '._.DS_Store', 'res_task-ArchiEmotional_space-fsLR_dir-ffx', 'res_task-ArchiSocial_space-fsLR_dir-ffx', 'res_task-ArchiSpatial_space-fsLR_dir-ffx', 'res_task-ArchiStandard_space-fsLR_dir-ffx', 'res_task-Attention_space-fsLR_dir-ffx', 'res_task-Audi_space-fsLR_dir-ffx', 'res_task-BiologicalMotion1_space-fsLR_dir-ffx', 'res_task-BiologicalMotion2_space-fsLR_dir-ffx', 'res_task-BreathHolding_space-fsLR_dir-ffx', 'res_task-Catell_space-fsLR_dir-ffx', 'res_task-Checkerboard_space-fsLR_dir-ffx', 'res_task-Color_space-fsLR_dir-ffx', 'res_task-ColumbiaCards_space-fsLR_dir-ffx', 'res_task-Discount_space-fsLR_dir-ffx', 'res_task-DotPatterns_space-fsLR_dir-ffx', 'res_task-EmoMem_space-fsLR_dir-ffx', 'res_task-EmoReco_space-fsLR_dir-ffx', 'res_task-EmotionalPain_space-fsLR_dir-ffx', 'res_task-Enumeration_space-fsLR_dir-ffx', 'res_task-FaceBody_space-fsLR_dir-ffx', 'res_task-FingerTap_space-fsLR_dir-ffx', 'res_task-HcpEmotion_space-fsLR_dir-ffx', 'res_task-HcpGambling_space-fsLR_dir-ffx', 'res_task-HcpLanguage_space-fsLR_dir-ffx', 'res_task-HcpMotor_space-fsLR_dir-ffx', 'res_task-HcpRelational_space-fsLR_dir-ffx', 'res_task-HcpSocial_space-fsLR_dir-ffx', 'res_task-HcpWm_space-fsLR_dir-ffx', 'res_task-ItemRecognition_space-fsLR_dir-ffx', 'res_task-Lec1_space-fsLR_dir-ffx', 'res_task-Lec2_space-fsLR_dir-ffx', 'res_task-MCSE_space-fsLR_dir-ffx', 'res_task-MTTNS_space-fsLR_dir-ffx', 'res_task-MTTWE_space-fsLR_dir-ffx', 'res_task-MVEB_space-fsLR_dir-ffx', 'res_task-MVIS_space-fsLR_dir-ffx', 'res_task-MathLanguage_space-fsLR_dir-ffx', 'res_task-Motion_space-fsLR_dir-ffx', 'res_task-Moto_space-fsLR_dir-ffx', 'res_task-NARPS_space-fsLR_dir-ffx', 'res_task-PainMovie_space-fsLR_dir-ffx', 'res_task-PreferenceFaces_space-fsLR_dir-ffx', 'res_task-PreferenceFood_space-fsLR_dir-ffx', 'res_task-PreferenceHouses_space-fsLR_dir-ffx', 'res_task-PreferencePaintings_space-fsLR_dir-ffx', 'res_task-RSVPLanguage_space-fsLR_dir-ffx', 'res_task-RewProc_space-fsLR_dir-ffx', 'res_task-Scene_space-fsLR_dir-ffx', 'res_task-SelectiveStopSignal_space-fsLR_dir-ffx', 'res_task-Self_space-fsLR_dir-ffx', 'res_task-SpatialNavigation_space-fsLR_dir-ffx', 'res_task-StopNogo_space-fsLR_dir-ffx', 'res_task-StopSignal_space-fsLR_dir-ffx', 'res_task-Stroop_space-fsLR_dir-ffx', 'res_task-TheoryOfMind_space-fsLR_dir-ffx', 'res_task-TwoByTwo_space-fsLR_dir-ffx', 'res_task-VSTMC_space-fsLR_dir-ffx', 'res_task-VSTM_space-fsLR_dir-ffx', 'res_task-Visu_space-fsLR_dir-ffx', 'res_task-VisualSearch_space-fsLR_dir-ffx', 'res_task-WardAndAllport_space-fsLR_dir-ffx', 'res_task-WedgeAnti_space-fsLR_dir-ffx', 'res_task-WedgeClock_space-fsLR_dir-ffx', 'ses-00', 'ses-01', 'ses-02', 'ses-03', 'ses-04', 'ses-09', 'ses-11', 'ses-12', 'ses-15', 'ses-16', 'ses-17', 'ses-18', 'ses-19', 'ses-21', 'ses-24', 'ses-25', 'ses-26', 'ses-29', 'ses-30', 'ses-31', 'ses-35', 'ses-36', 'ses-37', 'ses-38', 'ses-39', 'ses-40', 'ses-42']
  Glob pattern: /ptmp/hmueller2/2025_ibc_latent/outputs/glm/contrast_maps_fsLR/sub-04/res_task-*_space-fsLR_dir-ffx
  Found 63 task directories: ['/ptmp/hmueller2/2025_ibc_latent/outputs/glm/contrast_maps_fsLR/sub-04/res_task-ArchiEmotional_space-fsLR_dir-ffx', '/ptmp/hmueller2/2025_ibc_latent/outputs/glm/contrast_maps_fsLR/sub-04/res_task-ArchiSocial_space-fsLR_dir-ffx', '/ptmp/hmueller2/2025_ibc_latent/outputs/glm/contrast_maps_fsLR/sub-04/res_task-ArchiSpatial_space-fsLR_dir-ffx', '/ptmp/hmueller2/2025_ibc_latent/outputs/glm/contrast_maps_fsLR/sub-04/res_task-ArchiStandard_space-fsLR_dir-ffx', '/ptmp/hmueller2/2025_ibc_latent/outputs/glm/contrast_maps_fsLR/sub-04/res_task-Attention_space-fsLR_dir-ffx', '/ptmp/hmueller2/2025_ibc_latent/outputs/glm/contrast_maps_fsLR/sub-04/res_task-Audi_space-fsLR_dir-ffx', '/ptmp/hmueller2/2025_ibc_latent/outputs/glm/contrast_maps_fsLR/sub-04/res_task-BiologicalMotion1_space-fsLR_dir-ffx', '/ptmp/hmueller2/2025_ibc_latent/outputs/glm/contrast_maps_fsLR/sub-04/res_task-BiologicalMotion2_space-fsLR_dir-ffx', '/ptmp/hmueller2/2025_ibc_latent/outputs/glm/contrast_maps_fsLR/sub-04/res_task-BreathHolding_space-fsLR_dir-ffx', '/ptmp/hmueller2/2025_ibc_latent/outputs/glm/contrast_maps_fsLR/sub-04/res_task-Catell_space-fsLR_dir-ffx', '/ptmp/hmueller2/2025_ibc_latent/outputs/glm/contrast_maps_fsLR/sub-04/res_task-Checkerboard_space-fsLR_dir-ffx', '/ptmp/hmueller2/2025_ibc_latent/outputs/glm/contrast_maps_fsLR/sub-04/res_task-Color_space-fsLR_dir-ffx', '/ptmp/hmueller2/2025_ibc_latent/outputs/glm/contrast_maps_fsLR/sub-04/res_task-ColumbiaCards_space-fsLR_dir-ffx', '/ptmp/hmueller2/2025_ibc_latent/outputs/glm/contrast_maps_fsLR/sub-04/res_task-Discount_space-fsLR_dir-ffx', '/ptmp/hmueller2/2025_ibc_latent/outputs/glm/contrast_maps_fsLR/sub-04/res_task-DotPatterns_space-fsLR_dir-ffx', '/ptmp/hmueller2/2025_ibc_latent/outputs/glm/contrast_maps_fsLR/sub-04/res_task-EmoMem_space-fsLR_dir-ffx', '/ptmp/hmueller2/2025_ibc_latent/outputs/glm/contrast_maps_fsLR/sub-04/res_task-EmoReco_space-fsLR_dir-ffx', '/ptmp/hmueller2/2025_ibc_latent/outputs/glm/contrast_maps_fsLR/sub-04/res_task-EmotionalPain_space-fsLR_dir-ffx', '/ptmp/hmueller2/2025_ibc_latent/outputs/glm/contrast_maps_fsLR/sub-04/res_task-Enumeration_space-fsLR_dir-ffx', '/ptmp/hmueller2/2025_ibc_latent/outputs/glm/contrast_maps_fsLR/sub-04/res_task-FaceBody_space-fsLR_dir-ffx', '/ptmp/hmueller2/2025_ibc_latent/outputs/glm/contrast_maps_fsLR/sub-04/res_task-FingerTap_space-fsLR_dir-ffx', '/ptmp/hmueller2/2025_ibc_latent/outputs/glm/contrast_maps_fsLR/sub-04/res_task-HcpEmotion_space-fsLR_dir-ffx', '/ptmp/hmueller2/2025_ibc_latent/outputs/glm/contrast_maps_fsLR/sub-04/res_task-HcpGambling_space-fsLR_dir-ffx', '/ptmp/hmueller2/2025_ibc_latent/outputs/glm/contrast_maps_fsLR/sub-04/res_task-HcpLanguage_space-fsLR_dir-ffx', '/ptmp/hmueller2/2025_ibc_latent/outputs/glm/contrast_maps_fsLR/sub-04/res_task-HcpMotor_space-fsLR_dir-ffx', '/ptmp/hmueller2/2025_ibc_latent/outputs/glm/contrast_maps_fsLR/sub-04/res_task-HcpRelational_space-fsLR_dir-ffx', '/ptmp/hmueller2/2025_ibc_latent/outputs/glm/contrast_maps_fsLR/sub-04/res_task-HcpSocial_space-fsLR_dir-ffx', '/ptmp/hmueller2/2025_ibc_latent/outputs/glm/contrast_maps_fsLR/sub-04/res_task-HcpWm_space-fsLR_dir-ffx', '/ptmp/hmueller2/2025_ibc_latent/outputs/glm/contrast_maps_fsLR/sub-04/res_task-ItemRecognition_space-fsLR_dir-ffx', '/ptmp/hmueller2/2025_ibc_latent/outputs/glm/contrast_maps_fsLR/sub-04/res_task-Lec1_space-fsLR_dir-ffx', '/ptmp/hmueller2/2025_ibc_latent/outputs/glm/contrast_maps_fsLR/sub-04/res_task-Lec2_space-fsLR_dir-ffx', '/ptmp/hmueller2/2025_ibc_latent/outputs/glm/contrast_maps_fsLR/sub-04/res_task-MCSE_space-fsLR_dir-ffx', '/ptmp/hmueller2/2025_ibc_latent/outputs/glm/contrast_maps_fsLR/sub-04/res_task-MTTNS_space-fsLR_dir-ffx', '/ptmp/hmueller2/2025_ibc_latent/outputs/glm/contrast_maps_fsLR/sub-04/res_task-MTTWE_space-fsLR_dir-ffx', '/ptmp/hmueller2/2025_ibc_latent/outputs/glm/contrast_maps_fsLR/sub-04/res_task-MVEB_space-fsLR_dir-ffx', '/ptmp/hmueller2/2025_ibc_latent/outputs/glm/contrast_maps_fsLR/sub-04/res_task-MVIS_space-fsLR_dir-ffx', '/ptmp/hmueller2/2025_ibc_latent/outputs/glm/contrast_maps_fsLR/sub-04/res_task-MathLanguage_space-fsLR_dir-ffx', '/ptmp/hmueller2/2025_ibc_latent/outputs/glm/contrast_maps_fsLR/sub-04/res_task-Motion_space-fsLR_dir-ffx', '/ptmp/hmueller2/2025_ibc_latent/outputs/glm/contrast_maps_fsLR/sub-04/res_task-Moto_space-fsLR_dir-ffx', '/ptmp/hmueller2/2025_ibc_latent/outputs/glm/contrast_maps_fsLR/sub-04/res_task-NARPS_space-fsLR_dir-ffx', '/ptmp/hmueller2/2025_ibc_latent/outputs/glm/contrast_maps_fsLR/sub-04/res_task-PainMovie_space-fsLR_dir-ffx', '/ptmp/hmueller2/2025_ibc_latent/outputs/glm/contrast_maps_fsLR/sub-04/res_task-PreferenceFaces_space-fsLR_dir-ffx', '/ptmp/hmueller2/2025_ibc_latent/outputs/glm/contrast_maps_fsLR/sub-04/res_task-PreferenceFood_space-fsLR_dir-ffx', '/ptmp/hmueller2/2025_ibc_latent/outputs/glm/contrast_maps_fsLR/sub-04/res_task-PreferenceHouses_space-fsLR_dir-ffx', '/ptmp/hmueller2/2025_ibc_latent/outputs/glm/contrast_maps_fsLR/sub-04/res_task-PreferencePaintings_space-fsLR_dir-ffx', '/ptmp/hmueller2/2025_ibc_latent/outputs/glm/contrast_maps_fsLR/sub-04/res_task-RSVPLanguage_space-fsLR_dir-ffx', '/ptmp/hmueller2/2025_ibc_latent/outputs/glm/contrast_maps_fsLR/sub-04/res_task-RewProc_space-fsLR_dir-ffx', '/ptmp/hmueller2/2025_ibc_latent/outputs/glm/contrast_maps_fsLR/sub-04/res_task-Scene_space-fsLR_dir-ffx', '/ptmp/hmueller2/2025_ibc_latent/outputs/glm/contrast_maps_fsLR/sub-04/res_task-SelectiveStopSignal_space-fsLR_dir-ffx', '/ptmp/hmueller2/2025_ibc_latent/outputs/glm/contrast_maps_fsLR/sub-04/res_task-Self_space-fsLR_dir-ffx', '/ptmp/hmueller2/2025_ibc_latent/outputs/glm/contrast_maps_fsLR/sub-04/res_task-SpatialNavigation_space-fsLR_dir-ffx', '/ptmp/hmueller2/2025_ibc_latent/outputs/glm/contrast_maps_fsLR/sub-04/res_task-StopNogo_space-fsLR_dir-ffx', '/ptmp/hmueller2/2025_ibc_latent/outputs/glm/contrast_maps_fsLR/sub-04/res_task-StopSignal_space-fsLR_dir-ffx', '/ptmp/hmueller2/2025_ibc_latent/outputs/glm/contrast_maps_fsLR/sub-04/res_task-Stroop_space-fsLR_dir-ffx', '/ptmp/hmueller2/2025_ibc_latent/outputs/glm/contrast_maps_fsLR/sub-04/res_task-TheoryOfMind_space-fsLR_dir-ffx', '/ptmp/hmueller2/2025_ibc_latent/outputs/glm/contrast_maps_fsLR/sub-04/res_task-TwoByTwo_space-fsLR_dir-ffx', '/ptmp/hmueller2/2025_ibc_latent/outputs/glm/contrast_maps_fsLR/sub-04/res_task-VSTMC_space-fsLR_dir-ffx', '/ptmp/hmueller2/2025_ibc_latent/outputs/glm/contrast_maps_fsLR/sub-04/res_task-VSTM_space-fsLR_dir-ffx', '/ptmp/hmueller2/2025_ibc_latent/outputs/glm/contrast_maps_fsLR/sub-04/res_task-Visu_space-fsLR_dir-ffx', '/ptmp/hmueller2/2025_ibc_latent/outputs/glm/contrast_maps_fsLR/sub-04/res_task-VisualSearch_space-fsLR_dir-ffx', '/ptmp/hmueller2/2025_ibc_latent/outputs/glm/contrast_maps_fsLR/sub-04/res_task-WardAndAllport_space-fsLR_dir-ffx', '/ptmp/hmueller2/2025_ibc_latent/outputs/glm/contrast_maps_fsLR/sub-04/res_task-WedgeAnti_space-fsLR_dir-ffx', '/ptmp/hmueller2/2025_ibc_latent/outputs/glm/contrast_maps_fsLR/sub-04/res_task-WedgeClock_space-fsLR_dir-ffx']
    Processing task 'ArchiEmotional':
      Task dir: /ptmp/hmueller2/2025_ibc_latent/outputs/glm/contrast_maps_fsLR/sub-04/res_task-ArchiEmotional_space-fsLR_dir-ffx
      Z-map dir: /ptmp/hmueller2/2025_ibc_latent/outputs/glm/contrast_maps_fsLR/sub-04/res_task-ArchiEmotional_space-fsLR_dir-ffx/z_score_maps
      Z-map dir exists: True
      Glob pattern for z-maps: /ptmp/hmueller2/2025_ibc_latent/outputs/glm/contrast_maps_fsLR/sub-04/res_task-ArchiEmotional_space-fsLR_dir-ffx/z_score_maps/*.dscalar.nii
      Found 14 z-maps
    Processing task 'ArchiSocial':
      Task dir: /ptmp/hmueller2/2025_ibc_latent/outputs/glm/contrast_maps_fsLR/sub-04/res_task-ArchiSocial_space-fsLR_dir-ffx
      Z-map dir: /ptmp/hmueller2/2025_ibc_latent/outputs/glm/contrast_maps_fsLR/sub-04/res_task-ArchiSocial_space-fsLR_dir-ffx/z_score_maps
      Z-map dir exists: True
      Glob pattern for z-maps: /ptmp/hmueller2/2025_ibc_latent/outputs/glm/contrast_maps_fsLR/sub-04/res_task-ArchiSocial_space-fsLR_dir-ffx/z_score_maps/*.dscalar.nii
      Found 13 z-maps
    Processing task 'ArchiSpatial':
      Task dir: /ptmp/hmueller2/2025_ibc_latent/outputs/glm/contrast_maps_fsLR/sub-04/res_task-ArchiSpatial_space-fsLR_dir-ffx
      Z-map dir: /ptmp/hmueller2/2025_ibc_latent/outputs/glm/contrast_maps_fsLR/sub-04/res_task-ArchiSpatial_space-fsLR_dir-ffx/z_score_maps
      Z-map dir exists: True
      Glob pattern for z-maps: /ptmp/hmueller2/2025_ibc_latent/outputs/glm/contrast_maps_fsLR/sub-04/res_task-ArchiSpatial_space-fsLR_dir-ffx/z_score_maps/*.dscalar.nii
      Found 7 z-maps
    Processing task 'ArchiStandard':
      Task dir: /ptmp/hmueller2/2025_ibc_latent/outputs/glm/contrast_maps_fsLR/sub-04/res_task-ArchiStandard_space-fsLR_dir-ffx
      Z-map dir: /ptmp/hmueller2/2025_ibc_latent/outputs/glm/contrast_maps_fsLR/sub-04/res_task-ArchiStandard_space-fsLR_dir-ffx/z_score_maps
      Z-map dir exists: True
      Glob pattern for z-maps: /ptmp/hmueller2/2025_ibc_latent/outputs/glm/contrast_maps_fsLR/sub-04/res_task-ArchiStandard_space-fsLR_dir-ffx/z_score_maps/*.dscalar.nii
      Found 23 z-maps
    Processing task 'Attention':
      Task dir: /ptmp/hmueller2/2025_ibc_latent/outputs/glm/contrast_maps_fsLR/sub-04/res_task-Attention_space-fsLR_dir-ffx
      Z-map dir: /ptmp/hmueller2/2025_ibc_latent/outputs/glm/contrast_maps_fsLR/sub-04/res_task-Attention_space-fsLR_dir-ffx/z_score_maps
      Z-map dir exists: True
      Glob pattern for z-maps: /ptmp/hmueller2/2025_ibc_latent/outputs/glm/contrast_maps_fsLR/sub-04/res_task-Attention_space-fsLR_dir-ffx/z_score_maps/*.dscalar.nii
      Found 10 z-maps
    Processing task 'Audi':
      Task dir: /ptmp/hmueller2/2025_ibc_latent/outputs/glm/contrast_maps_fsLR/sub-04/res_task-Audi_space-fsLR_dir-ffx
      Z-map dir: /ptmp/hmueller2/2025_ibc_latent/outputs/glm/contrast_maps_fsLR/sub-04/res_task-Audi_space-fsLR_dir-ffx/z_score_maps
      Z-map dir exists: True
      Glob pattern for z-maps: /ptmp/hmueller2/2025_ibc_latent/outputs/glm/contrast_maps_fsLR/sub-04/res_task-Audi_space-fsLR_dir-ffx/z_score_maps/*.dscalar.nii
      Found 25 z-maps
    Processing task 'BiologicalMotion1':
      Task dir: /ptmp/hmueller2/2025_ibc_latent/outputs/glm/contrast_maps_fsLR/sub-04/res_task-BiologicalMotion1_space-fsLR_dir-ffx
      Z-map dir: /ptmp/hmueller2/2025_ibc_latent/outputs/glm/contrast_maps_fsLR/sub-04/res_task-BiologicalMotion1_space-fsLR_dir-ffx/z_score_maps
      Z-map dir exists: True
      Glob pattern for z-maps: /ptmp/hmueller2/2025_ibc_latent/outputs/glm/contrast_maps_fsLR/sub-04/res_task-BiologicalMotion1_space-fsLR_dir-ffx/z_score_maps/*.dscalar.nii
      Found 10 z-maps
    Processing task 'BiologicalMotion2':
      Task dir: /ptmp/hmueller2/2025_ibc_latent/outputs/glm/contrast_maps_fsLR/sub-04/res_task-BiologicalMotion2_space-fsLR_dir-ffx
      Z-map dir: /ptmp/hmueller2/2025_ibc_latent/outputs/glm/contrast_maps_fsLR/sub-04/res_task-BiologicalMotion2_space-fsLR_dir-ffx/z_score_maps
      Z-map dir exists: True
      Glob pattern for z-maps: /ptmp/hmueller2/2025_ibc_latent/outputs/glm/contrast_maps_fsLR/sub-04/res_task-BiologicalMotion2_space-fsLR_dir-ffx/z_score_maps/*.dscalar.nii
      Found 10 z-maps
    Processing task 'BreathHolding':
      Task dir: /ptmp/hmueller2/2025_ibc_latent/outputs/glm/contrast_maps_fsLR/sub-04/res_task-BreathHolding_space-fsLR_dir-ffx
      Z-map dir: /ptmp/hmueller2/2025_ibc_latent/outputs/glm/contrast_maps_fsLR/sub-04/res_task-BreathHolding_space-fsLR_dir-ffx/z_score_maps
      Z-map dir exists: True
      Glob pattern for z-maps: /ptmp/hmueller2/2025_ibc_latent/outputs/glm/contrast_maps_fsLR/sub-04/res_task-BreathHolding_space-fsLR_dir-ffx/z_score_maps/*.dscalar.nii
      Found 4 z-maps
    Processing task 'Catell':
      Task dir: /ptmp/hmueller2/2025_ibc_latent/outputs/glm/contrast_maps_fsLR/sub-04/res_task-Catell_space-fsLR_dir-ffx
      Z-map dir: /ptmp/hmueller2/2025_ibc_latent/outputs/glm/contrast_maps_fsLR/sub-04/res_task-Catell_space-fsLR_dir-ffx/z_score_maps
      Z-map dir exists: True
      Glob pattern for z-maps: /ptmp/hmueller2/2025_ibc_latent/outputs/glm/contrast_maps_fsLR/sub-04/res_task-Catell_space-fsLR_dir-ffx/z_score_maps/*.dscalar.nii
      Found 3 z-maps
    Processing task 'Checkerboard':
      Task dir: /ptmp/hmueller2/2025_ibc_latent/outputs/glm/contrast_maps_fsLR/sub-04/res_task-Checkerboard_space-fsLR_dir-ffx
      Z-map dir: /ptmp/hmueller2/2025_ibc_latent/outputs/glm/contrast_maps_fsLR/sub-04/res_task-Checkerboard_space-fsLR_dir-ffx/z_score_maps
      Z-map dir exists: True
      Glob pattern for z-maps: /ptmp/hmueller2/2025_ibc_latent/outputs/glm/contrast_maps_fsLR/sub-04/res_task-Checkerboard_space-fsLR_dir-ffx/z_score_maps/*.dscalar.nii
      Found 3 z-maps
    Processing task 'Color':
      Task dir: /ptmp/hmueller2/2025_ibc_latent/outputs/glm/contrast_maps_fsLR/sub-04/res_task-Color_space-fsLR_dir-ffx
      Z-map dir: /ptmp/hmueller2/2025_ibc_latent/outputs/glm/contrast_maps_fsLR/sub-04/res_task-Color_space-fsLR_dir-ffx/z_score_maps
      Z-map dir exists: True
      Glob pattern for z-maps: /ptmp/hmueller2/2025_ibc_latent/outputs/glm/contrast_maps_fsLR/sub-04/res_task-Color_space-fsLR_dir-ffx/z_score_maps/*.dscalar.nii
      Found 4 z-maps
    Processing task 'ColumbiaCards':
      Task dir: /ptmp/hmueller2/2025_ibc_latent/outputs/glm/contrast_maps_fsLR/sub-04/res_task-ColumbiaCards_space-fsLR_dir-ffx
      Z-map dir: /ptmp/hmueller2/2025_ibc_latent/outputs/glm/contrast_maps_fsLR/sub-04/res_task-ColumbiaCards_space-fsLR_dir-ffx/z_score_maps
      Z-map dir exists: True
      Glob pattern for z-maps: /ptmp/hmueller2/2025_ibc_latent/outputs/glm/contrast_maps_fsLR/sub-04/res_task-ColumbiaCards_space-fsLR_dir-ffx/z_score_maps/*.dscalar.nii
      Found 3 z-maps
    Processing task 'Discount':
      Task dir: /ptmp/hmueller2/2025_ibc_latent/outputs/glm/contrast_maps_fsLR/sub-04/res_task-Discount_space-fsLR_dir-ffx
      Z-map dir: /ptmp/hmueller2/2025_ibc_latent/outputs/glm/contrast_maps_fsLR/sub-04/res_task-Discount_space-fsLR_dir-ffx/z_score_maps
      Z-map dir exists: True
      Glob pattern for z-maps: /ptmp/hmueller2/2025_ibc_latent/outputs/glm/contrast_maps_fsLR/sub-04/res_task-Discount_space-fsLR_dir-ffx/z_score_maps/*.dscalar.nii
      Found 2 z-maps
    Processing task 'DotPatterns':
      Task dir: /ptmp/hmueller2/2025_ibc_latent/outputs/glm/contrast_maps_fsLR/sub-04/res_task-DotPatterns_space-fsLR_dir-ffx
      Z-map dir: /ptmp/hmueller2/2025_ibc_latent/outputs/glm/contrast_maps_fsLR/sub-04/res_task-DotPatterns_space-fsLR_dir-ffx/z_score_maps
      Z-map dir exists: True
      Glob pattern for z-maps: /ptmp/hmueller2/2025_ibc_latent/outputs/glm/contrast_maps_fsLR/sub-04/res_task-DotPatterns_space-fsLR_dir-ffx/z_score_maps/*.dscalar.nii
      Found 11 z-maps
    Processing task 'EmoMem':
      Task dir: /ptmp/hmueller2/2025_ibc_latent/outputs/glm/contrast_maps_fsLR/sub-04/res_task-EmoMem_space-fsLR_dir-ffx
      Z-map dir: /ptmp/hmueller2/2025_ibc_latent/outputs/glm/contrast_maps_fsLR/sub-04/res_task-EmoMem_space-fsLR_dir-ffx/z_score_maps
      Z-map dir exists: True
      Glob pattern for z-maps: /ptmp/hmueller2/2025_ibc_latent/outputs/glm/contrast_maps_fsLR/sub-04/res_task-EmoMem_space-fsLR_dir-ffx/z_score_maps/*.dscalar.nii
      Found 6 z-maps
    Processing task 'EmoReco':
      Task dir: /ptmp/hmueller2/2025_ibc_latent/outputs/glm/contrast_maps_fsLR/sub-04/res_task-EmoReco_space-fsLR_dir-ffx
      Z-map dir: /ptmp/hmueller2/2025_ibc_latent/outputs/glm/contrast_maps_fsLR/sub-04/res_task-EmoReco_space-fsLR_dir-ffx/z_score_maps
      Z-map dir exists: True
      Glob pattern for z-maps: /ptmp/hmueller2/2025_ibc_latent/outputs/glm/contrast_maps_fsLR/sub-04/res_task-EmoReco_space-fsLR_dir-ffx/z_score_maps/*.dscalar.nii
      Found 10 z-maps
    Processing task 'EmotionalPain':
      Task dir: /ptmp/hmueller2/2025_ibc_latent/outputs/glm/contrast_maps_fsLR/sub-04/res_task-EmotionalPain_space-fsLR_dir-ffx
      Z-map dir: /ptmp/hmueller2/2025_ibc_latent/outputs/glm/contrast_maps_fsLR/sub-04/res_task-EmotionalPain_space-fsLR_dir-ffx/z_score_maps
      Z-map dir exists: True
      Glob pattern for z-maps: /ptmp/hmueller2/2025_ibc_latent/outputs/glm/contrast_maps_fsLR/sub-04/res_task-EmotionalPain_space-fsLR_dir-ffx/z_score_maps/*.dscalar.nii
      Found 3 z-maps
    Processing task 'Enumeration':
      Task dir: /ptmp/hmueller2/2025_ibc_latent/outputs/glm/contrast_maps_fsLR/sub-04/res_task-Enumeration_space-fsLR_dir-ffx
      Z-map dir: /ptmp/hmueller2/2025_ibc_latent/outputs/glm/contrast_maps_fsLR/sub-04/res_task-Enumeration_space-fsLR_dir-ffx/z_score_maps
      Z-map dir exists: True
      Glob pattern for z-maps: /ptmp/hmueller2/2025_ibc_latent/outputs/glm/contrast_maps_fsLR/sub-04/res_task-Enumeration_space-fsLR_dir-ffx/z_score_maps/*.dscalar.nii
      Found 3 z-maps
    Processing task 'FaceBody':
      Task dir: /ptmp/hmueller2/2025_ibc_latent/outputs/glm/contrast_maps_fsLR/sub-04/res_task-FaceBody_space-fsLR_dir-ffx
      Z-map dir: /ptmp/hmueller2/2025_ibc_latent/outputs/glm/contrast_maps_fsLR/sub-04/res_task-FaceBody_space-fsLR_dir-ffx/z_score_maps
      Z-map dir exists: True
      Glob pattern for z-maps: /ptmp/hmueller2/2025_ibc_latent/outputs/glm/contrast_maps_fsLR/sub-04/res_task-FaceBody_space-fsLR_dir-ffx/z_score_maps/*.dscalar.nii
      Found 15 z-maps
    Processing task 'FingerTap':
      Task dir: /ptmp/hmueller2/2025_ibc_latent/outputs/glm/contrast_maps_fsLR/sub-04/res_task-FingerTap_space-fsLR_dir-ffx
      Z-map dir: /ptmp/hmueller2/2025_ibc_latent/outputs/glm/contrast_maps_fsLR/sub-04/res_task-FingerTap_space-fsLR_dir-ffx/z_score_maps
      Z-map dir exists: True
      Glob pattern for z-maps: /ptmp/hmueller2/2025_ibc_latent/outputs/glm/contrast_maps_fsLR/sub-04/res_task-FingerTap_space-fsLR_dir-ffx/z_score_maps/*.dscalar.nii
      Found 3 z-maps
    Processing task 'HcpEmotion':
      Task dir: /ptmp/hmueller2/2025_ibc_latent/outputs/glm/contrast_maps_fsLR/sub-04/res_task-HcpEmotion_space-fsLR_dir-ffx
      Z-map dir: /ptmp/hmueller2/2025_ibc_latent/outputs/glm/contrast_maps_fsLR/sub-04/res_task-HcpEmotion_space-fsLR_dir-ffx/z_score_maps
      Z-map dir exists: True
      Glob pattern for z-maps: /ptmp/hmueller2/2025_ibc_latent/outputs/glm/contrast_maps_fsLR/sub-04/res_task-HcpEmotion_space-fsLR_dir-ffx/z_score_maps/*.dscalar.nii
      Found 4 z-maps
    Processing task 'HcpGambling':
      Task dir: /ptmp/hmueller2/2025_ibc_latent/outputs/glm/contrast_maps_fsLR/sub-04/res_task-HcpGambling_space-fsLR_dir-ffx
      Z-map dir: /ptmp/hmueller2/2025_ibc_latent/outputs/glm/contrast_maps_fsLR/sub-04/res_task-HcpGambling_space-fsLR_dir-ffx/z_score_maps
      Z-map dir exists: True
      Glob pattern for z-maps: /ptmp/hmueller2/2025_ibc_latent/outputs/glm/contrast_maps_fsLR/sub-04/res_task-HcpGambling_space-fsLR_dir-ffx/z_score_maps/*.dscalar.nii
      Found 4 z-maps
    Processing task 'HcpLanguage':
      Task dir: /ptmp/hmueller2/2025_ibc_latent/outputs/glm/contrast_maps_fsLR/sub-04/res_task-HcpLanguage_space-fsLR_dir-ffx
      Z-map dir: /ptmp/hmueller2/2025_ibc_latent/outputs/glm/contrast_maps_fsLR/sub-04/res_task-HcpLanguage_space-fsLR_dir-ffx/z_score_maps
      Z-map dir exists: True
      Glob pattern for z-maps: /ptmp/hmueller2/2025_ibc_latent/outputs/glm/contrast_maps_fsLR/sub-04/res_task-HcpLanguage_space-fsLR_dir-ffx/z_score_maps/*.dscalar.nii
      Found 4 z-maps
    Processing task 'HcpMotor':
      Task dir: /ptmp/hmueller2/2025_ibc_latent/outputs/glm/contrast_maps_fsLR/sub-04/res_task-HcpMotor_space-fsLR_dir-ffx
      Z-map dir: /ptmp/hmueller2/2025_ibc_latent/outputs/glm/contrast_maps_fsLR/sub-04/res_task-HcpMotor_space-fsLR_dir-ffx/z_score_maps
      Z-map dir exists: True
      Glob pattern for z-maps: /ptmp/hmueller2/2025_ibc_latent/outputs/glm/contrast_maps_fsLR/sub-04/res_task-HcpMotor_space-fsLR_dir-ffx/z_score_maps/*.dscalar.nii
      Found 11 z-maps
    Processing task 'HcpRelational':
      Task dir: /ptmp/hmueller2/2025_ibc_latent/outputs/glm/contrast_maps_fsLR/sub-04/res_task-HcpRelational_space-fsLR_dir-ffx
      Z-map dir: /ptmp/hmueller2/2025_ibc_latent/outputs/glm/contrast_maps_fsLR/sub-04/res_task-HcpRelational_space-fsLR_dir-ffx/z_score_maps
      Z-map dir exists: True
      Glob pattern for z-maps: /ptmp/hmueller2/2025_ibc_latent/outputs/glm/contrast_maps_fsLR/sub-04/res_task-HcpRelational_space-fsLR_dir-ffx/z_score_maps/*.dscalar.nii
      Found 3 z-maps
    Processing task 'HcpSocial':
      Task dir: /ptmp/hmueller2/2025_ibc_latent/outputs/glm/contrast_maps_fsLR/sub-04/res_task-HcpSocial_space-fsLR_dir-ffx
      Z-map dir: /ptmp/hmueller2/2025_ibc_latent/outputs/glm/contrast_maps_fsLR/sub-04/res_task-HcpSocial_space-fsLR_dir-ffx/z_score_maps
      Z-map dir exists: True
      Glob pattern for z-maps: /ptmp/hmueller2/2025_ibc_latent/outputs/glm/contrast_maps_fsLR/sub-04/res_task-HcpSocial_space-fsLR_dir-ffx/z_score_maps/*.dscalar.nii
      Found 3 z-maps
    Processing task 'HcpWm':
      Task dir: /ptmp/hmueller2/2025_ibc_latent/outputs/glm/contrast_maps_fsLR/sub-04/res_task-HcpWm_space-fsLR_dir-ffx
      Z-map dir: /ptmp/hmueller2/2025_ibc_latent/outputs/glm/contrast_maps_fsLR/sub-04/res_task-HcpWm_space-fsLR_dir-ffx/z_score_maps
      Z-map dir exists: True
      Glob pattern for z-maps: /ptmp/hmueller2/2025_ibc_latent/outputs/glm/contrast_maps_fsLR/sub-04/res_task-HcpWm_space-fsLR_dir-ffx/z_score_maps/*.dscalar.nii
      Found 14 z-maps
    Processing task 'ItemRecognition':
      Task dir: /ptmp/hmueller2/2025_ibc_latent/outputs/glm/contrast_maps_fsLR/sub-04/res_task-ItemRecognition_space-fsLR_dir-ffx
      Z-map dir: /ptmp/hmueller2/2025_ibc_latent/outputs/glm/contrast_maps_fsLR/sub-04/res_task-ItemRecognition_space-fsLR_dir-ffx/z_score_maps
      Z-map dir exists: True
      Glob pattern for z-maps: /ptmp/hmueller2/2025_ibc_latent/outputs/glm/contrast_maps_fsLR/sub-04/res_task-ItemRecognition_space-fsLR_dir-ffx/z_score_maps/*.dscalar.nii
      Found 17 z-maps
    Processing task 'Lec1':
      Task dir: /ptmp/hmueller2/2025_ibc_latent/outputs/glm/contrast_maps_fsLR/sub-04/res_task-Lec1_space-fsLR_dir-ffx
      Z-map dir: /ptmp/hmueller2/2025_ibc_latent/outputs/glm/contrast_maps_fsLR/sub-04/res_task-Lec1_space-fsLR_dir-ffx/z_score_maps
      Z-map dir exists: True
      Glob pattern for z-maps: /ptmp/hmueller2/2025_ibc_latent/outputs/glm/contrast_maps_fsLR/sub-04/res_task-Lec1_space-fsLR_dir-ffx/z_score_maps/*.dscalar.nii
      Found 6 z-maps
    Processing task 'Lec2':
      Task dir: /ptmp/hmueller2/2025_ibc_latent/outputs/glm/contrast_maps_fsLR/sub-04/res_task-Lec2_space-fsLR_dir-ffx
      Z-map dir: /ptmp/hmueller2/2025_ibc_latent/outputs/glm/contrast_maps_fsLR/sub-04/res_task-Lec2_space-fsLR_dir-ffx/z_score_maps
      Z-map dir exists: True
      Glob pattern for z-maps: /ptmp/hmueller2/2025_ibc_latent/outputs/glm/contrast_maps_fsLR/sub-04/res_task-Lec2_space-fsLR_dir-ffx/z_score_maps/*.dscalar.nii
      Found 3 z-maps
    Processing task 'MCSE':
      Task dir: /ptmp/hmueller2/2025_ibc_latent/outputs/glm/contrast_maps_fsLR/sub-04/res_task-MCSE_space-fsLR_dir-ffx
      Z-map dir: /ptmp/hmueller2/2025_ibc_latent/outputs/glm/contrast_maps_fsLR/sub-04/res_task-MCSE_space-fsLR_dir-ffx/z_score_maps
      Z-map dir exists: True
      Glob pattern for z-maps: /ptmp/hmueller2/2025_ibc_latent/outputs/glm/contrast_maps_fsLR/sub-04/res_task-MCSE_space-fsLR_dir-ffx/z_score_maps/*.dscalar.nii
      Found 9 z-maps
    Processing task 'MTTNS':
      Task dir: /ptmp/hmueller2/2025_ibc_latent/outputs/glm/contrast_maps_fsLR/sub-04/res_task-MTTNS_space-fsLR_dir-ffx
      Z-map dir: /ptmp/hmueller2/2025_ibc_latent/outputs/glm/contrast_maps_fsLR/sub-04/res_task-MTTNS_space-fsLR_dir-ffx/z_score_maps
      Z-map dir exists: True
      Glob pattern for z-maps: /ptmp/hmueller2/2025_ibc_latent/outputs/glm/contrast_maps_fsLR/sub-04/res_task-MTTNS_space-fsLR_dir-ffx/z_score_maps/*.dscalar.nii
      Found 19 z-maps
    Processing task 'MTTWE':
      Task dir: /ptmp/hmueller2/2025_ibc_latent/outputs/glm/contrast_maps_fsLR/sub-04/res_task-MTTWE_space-fsLR_dir-ffx
      Z-map dir: /ptmp/hmueller2/2025_ibc_latent/outputs/glm/contrast_maps_fsLR/sub-04/res_task-MTTWE_space-fsLR_dir-ffx/z_score_maps
      Z-map dir exists: True
      Glob pattern for z-maps: /ptmp/hmueller2/2025_ibc_latent/outputs/glm/contrast_maps_fsLR/sub-04/res_task-MTTWE_space-fsLR_dir-ffx/z_score_maps/*.dscalar.nii
      Found 19 z-maps
    Processing task 'MVEB':
      Task dir: /ptmp/hmueller2/2025_ibc_latent/outputs/glm/contrast_maps_fsLR/sub-04/res_task-MVEB_space-fsLR_dir-ffx
      Z-map dir: /ptmp/hmueller2/2025_ibc_latent/outputs/glm/contrast_maps_fsLR/sub-04/res_task-MVEB_space-fsLR_dir-ffx/z_score_maps
      Z-map dir exists: True
      Glob pattern for z-maps: /ptmp/hmueller2/2025_ibc_latent/outputs/glm/contrast_maps_fsLR/sub-04/res_task-MVEB_space-fsLR_dir-ffx/z_score_maps/*.dscalar.nii
      Found 11 z-maps
    Processing task 'MVIS':
      Task dir: /ptmp/hmueller2/2025_ibc_latent/outputs/glm/contrast_maps_fsLR/sub-04/res_task-MVIS_space-fsLR_dir-ffx
      Z-map dir: /ptmp/hmueller2/2025_ibc_latent/outputs/glm/contrast_maps_fsLR/sub-04/res_task-MVIS_space-fsLR_dir-ffx/z_score_maps
      Z-map dir exists: True
      Glob pattern for z-maps: /ptmp/hmueller2/2025_ibc_latent/outputs/glm/contrast_maps_fsLR/sub-04/res_task-MVIS_space-fsLR_dir-ffx/z_score_maps/*.dscalar.nii
      Found 12 z-maps
    Processing task 'MathLanguage':
      Task dir: /ptmp/hmueller2/2025_ibc_latent/outputs/glm/contrast_maps_fsLR/sub-04/res_task-MathLanguage_space-fsLR_dir-ffx
      Z-map dir: /ptmp/hmueller2/2025_ibc_latent/outputs/glm/contrast_maps_fsLR/sub-04/res_task-MathLanguage_space-fsLR_dir-ffx/z_score_maps
      Z-map dir exists: True
      Glob pattern for z-maps: /ptmp/hmueller2/2025_ibc_latent/outputs/glm/contrast_maps_fsLR/sub-04/res_task-MathLanguage_space-fsLR_dir-ffx/z_score_maps/*.dscalar.nii
      Found 30 z-maps
    Processing task 'Motion':
      Task dir: /ptmp/hmueller2/2025_ibc_latent/outputs/glm/contrast_maps_fsLR/sub-04/res_task-Motion_space-fsLR_dir-ffx
      Z-map dir: /ptmp/hmueller2/2025_ibc_latent/outputs/glm/contrast_maps_fsLR/sub-04/res_task-Motion_space-fsLR_dir-ffx/z_score_maps
      Z-map dir exists: True
      Glob pattern for z-maps: /ptmp/hmueller2/2025_ibc_latent/outputs/glm/contrast_maps_fsLR/sub-04/res_task-Motion_space-fsLR_dir-ffx/z_score_maps/*.dscalar.nii
      Found 11 z-maps
    Processing task 'Moto':
      Task dir: /ptmp/hmueller2/2025_ibc_latent/outputs/glm/contrast_maps_fsLR/sub-04/res_task-Moto_space-fsLR_dir-ffx
      Z-map dir: /ptmp/hmueller2/2025_ibc_latent/outputs/glm/contrast_maps_fsLR/sub-04/res_task-Moto_space-fsLR_dir-ffx/z_score_maps
      Z-map dir exists: True
      Glob pattern for z-maps: /ptmp/hmueller2/2025_ibc_latent/outputs/glm/contrast_maps_fsLR/sub-04/res_task-Moto_space-fsLR_dir-ffx/z_score_maps/*.dscalar.nii
      Found 9 z-maps
    Processing task 'NARPS':
      Task dir: /ptmp/hmueller2/2025_ibc_latent/outputs/glm/contrast_maps_fsLR/sub-04/res_task-NARPS_space-fsLR_dir-ffx
      Z-map dir: /ptmp/hmueller2/2025_ibc_latent/outputs/glm/contrast_maps_fsLR/sub-04/res_task-NARPS_space-fsLR_dir-ffx/z_score_maps
      Z-map dir exists: True
      Glob pattern for z-maps: /ptmp/hmueller2/2025_ibc_latent/outputs/glm/contrast_maps_fsLR/sub-04/res_task-NARPS_space-fsLR_dir-ffx/z_score_maps/*.dscalar.nii
      Found 8 z-maps
    Processing task 'PainMovie':
      Task dir: /ptmp/hmueller2/2025_ibc_latent/outputs/glm/contrast_maps_fsLR/sub-04/res_task-PainMovie_space-fsLR_dir-ffx
      Z-map dir: /ptmp/hmueller2/2025_ibc_latent/outputs/glm/contrast_maps_fsLR/sub-04/res_task-PainMovie_space-fsLR_dir-ffx/z_score_maps
      Z-map dir exists: True
      Glob pattern for z-maps: /ptmp/hmueller2/2025_ibc_latent/outputs/glm/contrast_maps_fsLR/sub-04/res_task-PainMovie_space-fsLR_dir-ffx/z_score_maps/*.dscalar.nii
      Found 3 z-maps
    Processing task 'PreferenceFaces':
      Task dir: /ptmp/hmueller2/2025_ibc_latent/outputs/glm/contrast_maps_fsLR/sub-04/res_task-PreferenceFaces_space-fsLR_dir-ffx
      Z-map dir: /ptmp/hmueller2/2025_ibc_latent/outputs/glm/contrast_maps_fsLR/sub-04/res_task-PreferenceFaces_space-fsLR_dir-ffx/z_score_maps
      Z-map dir exists: True
      Glob pattern for z-maps: /ptmp/hmueller2/2025_ibc_latent/outputs/glm/contrast_maps_fsLR/sub-04/res_task-PreferenceFaces_space-fsLR_dir-ffx/z_score_maps/*.dscalar.nii
      Found 3 z-maps
    Processing task 'PreferenceFood':
      Task dir: /ptmp/hmueller2/2025_ibc_latent/outputs/glm/contrast_maps_fsLR/sub-04/res_task-PreferenceFood_space-fsLR_dir-ffx
      Z-map dir: /ptmp/hmueller2/2025_ibc_latent/outputs/glm/contrast_maps_fsLR/sub-04/res_task-PreferenceFood_space-fsLR_dir-ffx/z_score_maps
      Z-map dir exists: True
      Glob pattern for z-maps: /ptmp/hmueller2/2025_ibc_latent/outputs/glm/contrast_maps_fsLR/sub-04/res_task-PreferenceFood_space-fsLR_dir-ffx/z_score_maps/*.dscalar.nii
      Found 3 z-maps
    Processing task 'PreferenceHouses':
      Task dir: /ptmp/hmueller2/2025_ibc_latent/outputs/glm/contrast_maps_fsLR/sub-04/res_task-PreferenceHouses_space-fsLR_dir-ffx
      Z-map dir: /ptmp/hmueller2/2025_ibc_latent/outputs/glm/contrast_maps_fsLR/sub-04/res_task-PreferenceHouses_space-fsLR_dir-ffx/z_score_maps
      Z-map dir exists: True
      Glob pattern for z-maps: /ptmp/hmueller2/2025_ibc_latent/outputs/glm/contrast_maps_fsLR/sub-04/res_task-PreferenceHouses_space-fsLR_dir-ffx/z_score_maps/*.dscalar.nii
      Found 3 z-maps
    Processing task 'PreferencePaintings':
      Task dir: /ptmp/hmueller2/2025_ibc_latent/outputs/glm/contrast_maps_fsLR/sub-04/res_task-PreferencePaintings_space-fsLR_dir-ffx
      Z-map dir: /ptmp/hmueller2/2025_ibc_latent/outputs/glm/contrast_maps_fsLR/sub-04/res_task-PreferencePaintings_space-fsLR_dir-ffx/z_score_maps
      Z-map dir exists: True
      Glob pattern for z-maps: /ptmp/hmueller2/2025_ibc_latent/outputs/glm/contrast_maps_fsLR/sub-04/res_task-PreferencePaintings_space-fsLR_dir-ffx/z_score_maps/*.dscalar.nii
      Found 3 z-maps
    Processing task 'RSVPLanguage':
      Task dir: /ptmp/hmueller2/2025_ibc_latent/outputs/glm/contrast_maps_fsLR/sub-04/res_task-RSVPLanguage_space-fsLR_dir-ffx
      Z-map dir: /ptmp/hmueller2/2025_ibc_latent/outputs/glm/contrast_maps_fsLR/sub-04/res_task-RSVPLanguage_space-fsLR_dir-ffx/z_score_maps
      Z-map dir exists: True
      Glob pattern for z-maps: /ptmp/hmueller2/2025_ibc_latent/outputs/glm/contrast_maps_fsLR/sub-04/res_task-RSVPLanguage_space-fsLR_dir-ffx/z_score_maps/*.dscalar.nii
      Found 19 z-maps
    Processing task 'RewProc':
      Task dir: /ptmp/hmueller2/2025_ibc_latent/outputs/glm/contrast_maps_fsLR/sub-04/res_task-RewProc_space-fsLR_dir-ffx
      Z-map dir: /ptmp/hmueller2/2025_ibc_latent/outputs/glm/contrast_maps_fsLR/sub-04/res_task-RewProc_space-fsLR_dir-ffx/z_score_maps
      Z-map dir exists: True
      Glob pattern for z-maps: /ptmp/hmueller2/2025_ibc_latent/outputs/glm/contrast_maps_fsLR/sub-04/res_task-RewProc_space-fsLR_dir-ffx/z_score_maps/*.dscalar.nii
      Found 17 z-maps
    Processing task 'Scene':
      Task dir: /ptmp/hmueller2/2025_ibc_latent/outputs/glm/contrast_maps_fsLR/sub-04/res_task-Scene_space-fsLR_dir-ffx
      Z-map dir: /ptmp/hmueller2/2025_ibc_latent/outputs/glm/contrast_maps_fsLR/sub-04/res_task-Scene_space-fsLR_dir-ffx/z_score_maps
      Z-map dir exists: True
      Glob pattern for z-maps: /ptmp/hmueller2/2025_ibc_latent/outputs/glm/contrast_maps_fsLR/sub-04/res_task-Scene_space-fsLR_dir-ffx/z_score_maps/*.dscalar.nii
      Found 11 z-maps
    Processing task 'SelectiveStopSignal':
      Task dir: /ptmp/hmueller2/2025_ibc_latent/outputs/glm/contrast_maps_fsLR/sub-04/res_task-SelectiveStopSignal_space-fsLR_dir-ffx
      Z-map dir: /ptmp/hmueller2/2025_ibc_latent/outputs/glm/contrast_maps_fsLR/sub-04/res_task-SelectiveStopSignal_space-fsLR_dir-ffx/z_score_maps
      Z-map dir exists: True
      Glob pattern for z-maps: /ptmp/hmueller2/2025_ibc_latent/outputs/glm/contrast_maps_fsLR/sub-04/res_task-SelectiveStopSignal_space-fsLR_dir-ffx/z_score_maps/*.dscalar.nii
      Found 8 z-maps
    Processing task 'Self':
      Task dir: /ptmp/hmueller2/2025_ibc_latent/outputs/glm/contrast_maps_fsLR/sub-04/res_task-Self_space-fsLR_dir-ffx
      Z-map dir: /ptmp/hmueller2/2025_ibc_latent/outputs/glm/contrast_maps_fsLR/sub-04/res_task-Self_space-fsLR_dir-ffx/z_score_maps
      Z-map dir exists: True
      Glob pattern for z-maps: /ptmp/hmueller2/2025_ibc_latent/outputs/glm/contrast_maps_fsLR/sub-04/res_task-Self_space-fsLR_dir-ffx/z_score_maps/*.dscalar.nii
      Found 11 z-maps
    Processing task 'SpatialNavigation':
      Task dir: /ptmp/hmueller2/2025_ibc_latent/outputs/glm/contrast_maps_fsLR/sub-04/res_task-SpatialNavigation_space-fsLR_dir-ffx
      Z-map dir: /ptmp/hmueller2/2025_ibc_latent/outputs/glm/contrast_maps_fsLR/sub-04/res_task-SpatialNavigation_space-fsLR_dir-ffx/z_score_maps
      Z-map dir exists: True
      Glob pattern for z-maps: /ptmp/hmueller2/2025_ibc_latent/outputs/glm/contrast_maps_fsLR/sub-04/res_task-SpatialNavigation_space-fsLR_dir-ffx/z_score_maps/*.dscalar.nii
      Found 9 z-maps
    Processing task 'StopNogo':
      Task dir: /ptmp/hmueller2/2025_ibc_latent/outputs/glm/contrast_maps_fsLR/sub-04/res_task-StopNogo_space-fsLR_dir-ffx
      Z-map dir: /ptmp/hmueller2/2025_ibc_latent/outputs/glm/contrast_maps_fsLR/sub-04/res_task-StopNogo_space-fsLR_dir-ffx/z_score_maps
      Z-map dir exists: True
      Glob pattern for z-maps: /ptmp/hmueller2/2025_ibc_latent/outputs/glm/contrast_maps_fsLR/sub-04/res_task-StopNogo_space-fsLR_dir-ffx/z_score_maps/*.dscalar.nii
      Found 7 z-maps
    Processing task 'StopSignal':
      Task dir: /ptmp/hmueller2/2025_ibc_latent/outputs/glm/contrast_maps_fsLR/sub-04/res_task-StopSignal_space-fsLR_dir-ffx
      Z-map dir: /ptmp/hmueller2/2025_ibc_latent/outputs/glm/contrast_maps_fsLR/sub-04/res_task-StopSignal_space-fsLR_dir-ffx/z_score_maps
      Z-map dir exists: True
      Glob pattern for z-maps: /ptmp/hmueller2/2025_ibc_latent/outputs/glm/contrast_maps_fsLR/sub-04/res_task-StopSignal_space-fsLR_dir-ffx/z_score_maps/*.dscalar.nii
      Found 3 z-maps
    Processing task 'Stroop':
      Task dir: /ptmp/hmueller2/2025_ibc_latent/outputs/glm/contrast_maps_fsLR/sub-04/res_task-Stroop_space-fsLR_dir-ffx
      Z-map dir: /ptmp/hmueller2/2025_ibc_latent/outputs/glm/contrast_maps_fsLR/sub-04/res_task-Stroop_space-fsLR_dir-ffx/z_score_maps
      Z-map dir exists: True
      Glob pattern for z-maps: /ptmp/hmueller2/2025_ibc_latent/outputs/glm/contrast_maps_fsLR/sub-04/res_task-Stroop_space-fsLR_dir-ffx/z_score_maps/*.dscalar.nii
      Found 3 z-maps
    Processing task 'TheoryOfMind':
      Task dir: /ptmp/hmueller2/2025_ibc_latent/outputs/glm/contrast_maps_fsLR/sub-04/res_task-TheoryOfMind_space-fsLR_dir-ffx
      Z-map dir: /ptmp/hmueller2/2025_ibc_latent/outputs/glm/contrast_maps_fsLR/sub-04/res_task-TheoryOfMind_space-fsLR_dir-ffx/z_score_maps
      Z-map dir exists: True
      Glob pattern for z-maps: /ptmp/hmueller2/2025_ibc_latent/outputs/glm/contrast_maps_fsLR/sub-04/res_task-TheoryOfMind_space-fsLR_dir-ffx/z_score_maps/*.dscalar.nii
      Found 3 z-maps
    Processing task 'TwoByTwo':
      Task dir: /ptmp/hmueller2/2025_ibc_latent/outputs/glm/contrast_maps_fsLR/sub-04/res_task-TwoByTwo_space-fsLR_dir-ffx
      Z-map dir: /ptmp/hmueller2/2025_ibc_latent/outputs/glm/contrast_maps_fsLR/sub-04/res_task-TwoByTwo_space-fsLR_dir-ffx/z_score_maps
      Z-map dir exists: True
      Glob pattern for z-maps: /ptmp/hmueller2/2025_ibc_latent/outputs/glm/contrast_maps_fsLR/sub-04/res_task-TwoByTwo_space-fsLR_dir-ffx/z_score_maps/*.dscalar.nii
      Found 10 z-maps
    Processing task 'VSTMC':
      Task dir: /ptmp/hmueller2/2025_ibc_latent/outputs/glm/contrast_maps_fsLR/sub-04/res_task-VSTMC_space-fsLR_dir-ffx
      Z-map dir: /ptmp/hmueller2/2025_ibc_latent/outputs/glm/contrast_maps_fsLR/sub-04/res_task-VSTMC_space-fsLR_dir-ffx/z_score_maps
      Z-map dir exists: True
      Glob pattern for z-maps: /ptmp/hmueller2/2025_ibc_latent/outputs/glm/contrast_maps_fsLR/sub-04/res_task-VSTMC_space-fsLR_dir-ffx/z_score_maps/*.dscalar.nii
      Found 10 z-maps
    Processing task 'VSTM':
      Task dir: /ptmp/hmueller2/2025_ibc_latent/outputs/glm/contrast_maps_fsLR/sub-04/res_task-VSTM_space-fsLR_dir-ffx
      Z-map dir: /ptmp/hmueller2/2025_ibc_latent/outputs/glm/contrast_maps_fsLR/sub-04/res_task-VSTM_space-fsLR_dir-ffx/z_score_maps
      Z-map dir exists: True
      Glob pattern for z-maps: /ptmp/hmueller2/2025_ibc_latent/outputs/glm/contrast_maps_fsLR/sub-04/res_task-VSTM_space-fsLR_dir-ffx/z_score_maps/*.dscalar.nii
      Found 3 z-maps
    Processing task 'Visu':
      Task dir: /ptmp/hmueller2/2025_ibc_latent/outputs/glm/contrast_maps_fsLR/sub-04/res_task-Visu_space-fsLR_dir-ffx
      Z-map dir: /ptmp/hmueller2/2025_ibc_latent/outputs/glm/contrast_maps_fsLR/sub-04/res_task-Visu_space-fsLR_dir-ffx/z_score_maps
      Z-map dir exists: True
      Glob pattern for z-maps: /ptmp/hmueller2/2025_ibc_latent/outputs/glm/contrast_maps_fsLR/sub-04/res_task-Visu_space-fsLR_dir-ffx/z_score_maps/*.dscalar.nii
      Found 16 z-maps
    Processing task 'VisualSearch':
      Task dir: /ptmp/hmueller2/2025_ibc_latent/outputs/glm/contrast_maps_fsLR/sub-04/res_task-VisualSearch_space-fsLR_dir-ffx
      Z-map dir: /ptmp/hmueller2/2025_ibc_latent/outputs/glm/contrast_maps_fsLR/sub-04/res_task-VisualSearch_space-fsLR_dir-ffx/z_score_maps
      Z-map dir exists: True
      Glob pattern for z-maps: /ptmp/hmueller2/2025_ibc_latent/outputs/glm/contrast_maps_fsLR/sub-04/res_task-VisualSearch_space-fsLR_dir-ffx/z_score_maps/*.dscalar.nii
      Found 22 z-maps
    Processing task 'WardAndAllport':
      Task dir: /ptmp/hmueller2/2025_ibc_latent/outputs/glm/contrast_maps_fsLR/sub-04/res_task-WardAndAllport_space-fsLR_dir-ffx
      Z-map dir: /ptmp/hmueller2/2025_ibc_latent/outputs/glm/contrast_maps_fsLR/sub-04/res_task-WardAndAllport_space-fsLR_dir-ffx/z_score_maps
      Z-map dir exists: True
      Glob pattern for z-maps: /ptmp/hmueller2/2025_ibc_latent/outputs/glm/contrast_maps_fsLR/sub-04/res_task-WardAndAllport_space-fsLR_dir-ffx/z_score_maps/*.dscalar.nii
      Found 10 z-maps
    Processing task 'WedgeAnti':
      Task dir: /ptmp/hmueller2/2025_ibc_latent/outputs/glm/contrast_maps_fsLR/sub-04/res_task-WedgeAnti_space-fsLR_dir-ffx
      Z-map dir: /ptmp/hmueller2/2025_ibc_latent/outputs/glm/contrast_maps_fsLR/sub-04/res_task-WedgeAnti_space-fsLR_dir-ffx/z_score_maps
      Z-map dir exists: True
      Glob pattern for z-maps: /ptmp/hmueller2/2025_ibc_latent/outputs/glm/contrast_maps_fsLR/sub-04/res_task-WedgeAnti_space-fsLR_dir-ffx/z_score_maps/*.dscalar.nii
      Found 8 z-maps
    Processing task 'WedgeClock':
      Task dir: /ptmp/hmueller2/2025_ibc_latent/outputs/glm/contrast_maps_fsLR/sub-04/res_task-WedgeClock_space-fsLR_dir-ffx
      Z-map dir: /ptmp/hmueller2/2025_ibc_latent/outputs/glm/contrast_maps_fsLR/sub-04/res_task-WedgeClock_space-fsLR_dir-ffx/z_score_maps
      Z-map dir exists: True
      Glob pattern for z-maps: /ptmp/hmueller2/2025_ibc_latent/outputs/glm/contrast_maps_fsLR/sub-04/res_task-WedgeClock_space-fsLR_dir-ffx/z_score_maps/*.dscalar.nii
      Found 8 z-maps
  ! Workbench smoothing failed for HcpWm/2back-0back, using unsmoothed map: Missing required file(s) for Workbench smoothing: ['/home/hmueller2/workbench/bin_linux64/wb_command']
  ✓ Loaded: HcpWm/2back-0back
  ! Workbench smoothing failed for ItemRecognition/encode5-encode1, using unsmoothed map: Missing required file(s) for Workbench smoothing: ['/home/hmueller2/workbench/bin_linux64/wb_command']
  ✓ Loaded: ItemRecognition/encode5-encode1
  - Not available: MDTB/2back_hard-easy
  - Not available: MDTB/search_hard-easy
  - Not available: MDTB/semantic_hard-easy
  - Not available: MDTB/finger_complex-simple
  - Not available: GoodBadUgly/dot_hard-easy
  ! Workbench smoothing failed for Stroop/incongruent-congruent, using unsmoothed map: Missing required file(s) for Workbench smoothing: ['/home/hmueller2/workbench/bin_linux64/wb_command']
  ✓ Loaded: Stroop/incongruent-congruent
  ! Workbench smoothing failed for Catell/hard-easy, using unsmoothed map: Missing required file(s) for Workbench smoothing: ['/home/hmueller2/workbench/bin_linux64/wb_command']
  ✓ Loaded: Catell/hard-easy

Applied Workbench CIFTI smoothing to input contrasts (FWHM=4.0mm)

Combined 4 MD contrasts
Mean z-score: 0.007 ± 0.559
Max z-score: 2.289

Threshold: z > 2.3
Suprathreshold vertices: 0 (0.0%)

✓ Saved mean MD map: /ptmp/hmueller2/2025_ibc_latent/outputs/md_system/vertex_wise/sub-04/sub-04_MD_mean.dscalar.nii
✓ Saved thresholded MD map: /ptmp/hmueller2/2025_ibc_latent/outputs/md_system/vertex_wise/sub-04/sub-04_MD_mean_thresh_2.3.dscalar.nii
✓ Saved std MD map: /ptmp/hmueller2/2025_ibc_latent/outputs/md_system/vertex_wise/sub-04/sub-04_MD_std.dscalar.nii
✓ Saved contrast info: /ptmp/hmueller2/2025_ibc_latent/outputs/md_system/vertex_wise/sub-04/sub-04_MD_contrasts.txt

============================================================
Processing subject 06
============================================================
  Looking for contrasts in: /ptmp/hmueller2/2025_ibc_latent/outputs/glm/contrast_maps_fsLR/sub-06
  Subject directory contents (90 items): ['res_task-ArchiEmotional_space-fsLR_dir-ffx', 'res_task-ArchiSocial_space-fsLR_dir-ffx', 'res_task-ArchiSpatial_space-fsLR_dir-ffx', 'res_task-ArchiStandard_space-fsLR_dir-ffx', 'res_task-Attention_space-fsLR_dir-ffx', 'res_task-Audi_space-fsLR_dir-ffx', 'res_task-BiologicalMotion1_space-fsLR_dir-ffx', 'res_task-BiologicalMotion2_space-fsLR_dir-ffx', 'res_task-BreathHolding_space-fsLR_dir-ffx', 'res_task-Catell_space-fsLR_dir-ffx', 'res_task-Checkerboard_space-fsLR_dir-ffx', 'res_task-Color_space-fsLR_dir-ffx', 'res_task-ColumbiaCards_space-fsLR_dir-ffx', 'res_task-Discount_space-fsLR_dir-ffx', 'res_task-DotPatterns_space-fsLR_dir-ffx', 'res_task-EmoMem_space-fsLR_dir-ffx', 'res_task-EmoReco_space-fsLR_dir-ffx', 'res_task-EmotionalPain_space-fsLR_dir-ffx', 'res_task-Enumeration_space-fsLR_dir-ffx', 'res_task-FaceBody_space-fsLR_dir-ffx', 'res_task-FingerTap_space-fsLR_dir-ffx', 'res_task-HcpEmotion_space-fsLR_dir-ffx', 'res_task-HcpGambling_space-fsLR_dir-ffx', 'res_task-HcpLanguage_space-fsLR_dir-ffx', 'res_task-HcpMotor_space-fsLR_dir-ffx', 'res_task-HcpRelational_space-fsLR_dir-ffx', 'res_task-HcpSocial_space-fsLR_dir-ffx', 'res_task-HcpWm_space-fsLR_dir-ffx', 'res_task-ItemRecognition_space-fsLR_dir-ffx', 'res_task-Lec1_space-fsLR_dir-ffx', 'res_task-Lec2_space-fsLR_dir-ffx', 'res_task-MCSE_space-fsLR_dir-ffx', 'res_task-MTTNS_space-fsLR_dir-ffx', 'res_task-MTTWE_space-fsLR_dir-ffx', 'res_task-MVEB_space-fsLR_dir-ffx', 'res_task-MVIS_space-fsLR_dir-ffx', 'res_task-MathLanguage_space-fsLR_dir-ffx', 'res_task-Motion_space-fsLR_dir-ffx', 'res_task-Moto_space-fsLR_dir-ffx', 'res_task-NARPS_space-fsLR_dir-ffx', 'res_task-PainMovie_space-fsLR_dir-ffx', 'res_task-PreferenceFaces_space-fsLR_dir-ffx', 'res_task-PreferenceFood_space-fsLR_dir-ffx', 'res_task-PreferenceHouses_space-fsLR_dir-ffx', 'res_task-PreferencePaintings_space-fsLR_dir-ffx', 'res_task-RSVPLanguage_space-fsLR_dir-ffx', 'res_task-RewProc_space-fsLR_dir-ffx', 'res_task-Scene_space-fsLR_dir-ffx', 'res_task-SelectiveStopSignal_space-fsLR_dir-ffx', 'res_task-Self_space-fsLR_dir-ffx', 'res_task-SpatialNavigation_space-fsLR_dir-ffx', 'res_task-StopNogo_space-fsLR_dir-ffx', 'res_task-StopSignal_space-fsLR_dir-ffx', 'res_task-Stroop_space-fsLR_dir-ffx', 'res_task-TheoryOfMind_space-fsLR_dir-ffx', 'res_task-TwoByTwo_space-fsLR_dir-ffx', 'res_task-VSTMC_space-fsLR_dir-ffx', 'res_task-VSTM_space-fsLR_dir-ffx', 'res_task-Visu_space-fsLR_dir-ffx', 'res_task-VisualSearch_space-fsLR_dir-ffx', 'res_task-WardAndAllport_space-fsLR_dir-ffx', 'res_task-WedgeAnti_space-fsLR_dir-ffx', 'res_task-WedgeClock_space-fsLR_dir-ffx', 'ses-00', 'ses-01', 'ses-02', 'ses-03', 'ses-04', 'ses-08', 'ses-11', 'ses-12', 'ses-15', 'ses-16', 'ses-17', 'ses-18', 'ses-19', 'ses-21', 'ses-24', 'ses-25', 'ses-26', 'ses-29', 'ses-30', 'ses-31', 'ses-35', 'ses-36', 'ses-37', 'ses-38', 'ses-39', 'ses-40', 'ses-42']
  Glob pattern: /ptmp/hmueller2/2025_ibc_latent/outputs/glm/contrast_maps_fsLR/sub-06/res_task-*_space-fsLR_dir-ffx
  Found 63 task directories: ['/ptmp/hmueller2/2025_ibc_latent/outputs/glm/contrast_maps_fsLR/sub-06/res_task-ArchiEmotional_space-fsLR_dir-ffx', '/ptmp/hmueller2/2025_ibc_latent/outputs/glm/contrast_maps_fsLR/sub-06/res_task-ArchiSocial_space-fsLR_dir-ffx', '/ptmp/hmueller2/2025_ibc_latent/outputs/glm/contrast_maps_fsLR/sub-06/res_task-ArchiSpatial_space-fsLR_dir-ffx', '/ptmp/hmueller2/2025_ibc_latent/outputs/glm/contrast_maps_fsLR/sub-06/res_task-ArchiStandard_space-fsLR_dir-ffx', '/ptmp/hmueller2/2025_ibc_latent/outputs/glm/contrast_maps_fsLR/sub-06/res_task-Attention_space-fsLR_dir-ffx', '/ptmp/hmueller2/2025_ibc_latent/outputs/glm/contrast_maps_fsLR/sub-06/res_task-Audi_space-fsLR_dir-ffx', '/ptmp/hmueller2/2025_ibc_latent/outputs/glm/contrast_maps_fsLR/sub-06/res_task-BiologicalMotion1_space-fsLR_dir-ffx', '/ptmp/hmueller2/2025_ibc_latent/outputs/glm/contrast_maps_fsLR/sub-06/res_task-BiologicalMotion2_space-fsLR_dir-ffx', '/ptmp/hmueller2/2025_ibc_latent/outputs/glm/contrast_maps_fsLR/sub-06/res_task-BreathHolding_space-fsLR_dir-ffx', '/ptmp/hmueller2/2025_ibc_latent/outputs/glm/contrast_maps_fsLR/sub-06/res_task-Catell_space-fsLR_dir-ffx', '/ptmp/hmueller2/2025_ibc_latent/outputs/glm/contrast_maps_fsLR/sub-06/res_task-Checkerboard_space-fsLR_dir-ffx', '/ptmp/hmueller2/2025_ibc_latent/outputs/glm/contrast_maps_fsLR/sub-06/res_task-Color_space-fsLR_dir-ffx', '/ptmp/hmueller2/2025_ibc_latent/outputs/glm/contrast_maps_fsLR/sub-06/res_task-ColumbiaCards_space-fsLR_dir-ffx', '/ptmp/hmueller2/2025_ibc_latent/outputs/glm/contrast_maps_fsLR/sub-06/res_task-Discount_space-fsLR_dir-ffx', '/ptmp/hmueller2/2025_ibc_latent/outputs/glm/contrast_maps_fsLR/sub-06/res_task-DotPatterns_space-fsLR_dir-ffx', '/ptmp/hmueller2/2025_ibc_latent/outputs/glm/contrast_maps_fsLR/sub-06/res_task-EmoMem_space-fsLR_dir-ffx', '/ptmp/hmueller2/2025_ibc_latent/outputs/glm/contrast_maps_fsLR/sub-06/res_task-EmoReco_space-fsLR_dir-ffx', '/ptmp/hmueller2/2025_ibc_latent/outputs/glm/contrast_maps_fsLR/sub-06/res_task-EmotionalPain_space-fsLR_dir-ffx', '/ptmp/hmueller2/2025_ibc_latent/outputs/glm/contrast_maps_fsLR/sub-06/res_task-Enumeration_space-fsLR_dir-ffx', '/ptmp/hmueller2/2025_ibc_latent/outputs/glm/contrast_maps_fsLR/sub-06/res_task-FaceBody_space-fsLR_dir-ffx', '/ptmp/hmueller2/2025_ibc_latent/outputs/glm/contrast_maps_fsLR/sub-06/res_task-FingerTap_space-fsLR_dir-ffx', '/ptmp/hmueller2/2025_ibc_latent/outputs/glm/contrast_maps_fsLR/sub-06/res_task-HcpEmotion_space-fsLR_dir-ffx', '/ptmp/hmueller2/2025_ibc_latent/outputs/glm/contrast_maps_fsLR/sub-06/res_task-HcpGambling_space-fsLR_dir-ffx', '/ptmp/hmueller2/2025_ibc_latent/outputs/glm/contrast_maps_fsLR/sub-06/res_task-HcpLanguage_space-fsLR_dir-ffx', '/ptmp/hmueller2/2025_ibc_latent/outputs/glm/contrast_maps_fsLR/sub-06/res_task-HcpMotor_space-fsLR_dir-ffx', '/ptmp/hmueller2/2025_ibc_latent/outputs/glm/contrast_maps_fsLR/sub-06/res_task-HcpRelational_space-fsLR_dir-ffx', '/ptmp/hmueller2/2025_ibc_latent/outputs/glm/contrast_maps_fsLR/sub-06/res_task-HcpSocial_space-fsLR_dir-ffx', '/ptmp/hmueller2/2025_ibc_latent/outputs/glm/contrast_maps_fsLR/sub-06/res_task-HcpWm_space-fsLR_dir-ffx', '/ptmp/hmueller2/2025_ibc_latent/outputs/glm/contrast_maps_fsLR/sub-06/res_task-ItemRecognition_space-fsLR_dir-ffx', '/ptmp/hmueller2/2025_ibc_latent/outputs/glm/contrast_maps_fsLR/sub-06/res_task-Lec1_space-fsLR_dir-ffx', '/ptmp/hmueller2/2025_ibc_latent/outputs/glm/contrast_maps_fsLR/sub-06/res_task-Lec2_space-fsLR_dir-ffx', '/ptmp/hmueller2/2025_ibc_latent/outputs/glm/contrast_maps_fsLR/sub-06/res_task-MCSE_space-fsLR_dir-ffx', '/ptmp/hmueller2/2025_ibc_latent/outputs/glm/contrast_maps_fsLR/sub-06/res_task-MTTNS_space-fsLR_dir-ffx', '/ptmp/hmueller2/2025_ibc_latent/outputs/glm/contrast_maps_fsLR/sub-06/res_task-MTTWE_space-fsLR_dir-ffx', '/ptmp/hmueller2/2025_ibc_latent/outputs/glm/contrast_maps_fsLR/sub-06/res_task-MVEB_space-fsLR_dir-ffx', '/ptmp/hmueller2/2025_ibc_latent/outputs/glm/contrast_maps_fsLR/sub-06/res_task-MVIS_space-fsLR_dir-ffx', '/ptmp/hmueller2/2025_ibc_latent/outputs/glm/contrast_maps_fsLR/sub-06/res_task-MathLanguage_space-fsLR_dir-ffx', '/ptmp/hmueller2/2025_ibc_latent/outputs/glm/contrast_maps_fsLR/sub-06/res_task-Motion_space-fsLR_dir-ffx', '/ptmp/hmueller2/2025_ibc_latent/outputs/glm/contrast_maps_fsLR/sub-06/res_task-Moto_space-fsLR_dir-ffx', '/ptmp/hmueller2/2025_ibc_latent/outputs/glm/contrast_maps_fsLR/sub-06/res_task-NARPS_space-fsLR_dir-ffx', '/ptmp/hmueller2/2025_ibc_latent/outputs/glm/contrast_maps_fsLR/sub-06/res_task-PainMovie_space-fsLR_dir-ffx', '/ptmp/hmueller2/2025_ibc_latent/outputs/glm/contrast_maps_fsLR/sub-06/res_task-PreferenceFaces_space-fsLR_dir-ffx', '/ptmp/hmueller2/2025_ibc_latent/outputs/glm/contrast_maps_fsLR/sub-06/res_task-PreferenceFood_space-fsLR_dir-ffx', '/ptmp/hmueller2/2025_ibc_latent/outputs/glm/contrast_maps_fsLR/sub-06/res_task-PreferenceHouses_space-fsLR_dir-ffx', '/ptmp/hmueller2/2025_ibc_latent/outputs/glm/contrast_maps_fsLR/sub-06/res_task-PreferencePaintings_space-fsLR_dir-ffx', '/ptmp/hmueller2/2025_ibc_latent/outputs/glm/contrast_maps_fsLR/sub-06/res_task-RSVPLanguage_space-fsLR_dir-ffx', '/ptmp/hmueller2/2025_ibc_latent/outputs/glm/contrast_maps_fsLR/sub-06/res_task-RewProc_space-fsLR_dir-ffx', '/ptmp/hmueller2/2025_ibc_latent/outputs/glm/contrast_maps_fsLR/sub-06/res_task-Scene_space-fsLR_dir-ffx', '/ptmp/hmueller2/2025_ibc_latent/outputs/glm/contrast_maps_fsLR/sub-06/res_task-SelectiveStopSignal_space-fsLR_dir-ffx', '/ptmp/hmueller2/2025_ibc_latent/outputs/glm/contrast_maps_fsLR/sub-06/res_task-Self_space-fsLR_dir-ffx', '/ptmp/hmueller2/2025_ibc_latent/outputs/glm/contrast_maps_fsLR/sub-06/res_task-SpatialNavigation_space-fsLR_dir-ffx', '/ptmp/hmueller2/2025_ibc_latent/outputs/glm/contrast_maps_fsLR/sub-06/res_task-StopNogo_space-fsLR_dir-ffx', '/ptmp/hmueller2/2025_ibc_latent/outputs/glm/contrast_maps_fsLR/sub-06/res_task-StopSignal_space-fsLR_dir-ffx', '/ptmp/hmueller2/2025_ibc_latent/outputs/glm/contrast_maps_fsLR/sub-06/res_task-Stroop_space-fsLR_dir-ffx', '/ptmp/hmueller2/2025_ibc_latent/outputs/glm/contrast_maps_fsLR/sub-06/res_task-TheoryOfMind_space-fsLR_dir-ffx', '/ptmp/hmueller2/2025_ibc_latent/outputs/glm/contrast_maps_fsLR/sub-06/res_task-TwoByTwo_space-fsLR_dir-ffx', '/ptmp/hmueller2/2025_ibc_latent/outputs/glm/contrast_maps_fsLR/sub-06/res_task-VSTMC_space-fsLR_dir-ffx', '/ptmp/hmueller2/2025_ibc_latent/outputs/glm/contrast_maps_fsLR/sub-06/res_task-VSTM_space-fsLR_dir-ffx', '/ptmp/hmueller2/2025_ibc_latent/outputs/glm/contrast_maps_fsLR/sub-06/res_task-Visu_space-fsLR_dir-ffx', '/ptmp/hmueller2/2025_ibc_latent/outputs/glm/contrast_maps_fsLR/sub-06/res_task-VisualSearch_space-fsLR_dir-ffx', '/ptmp/hmueller2/2025_ibc_latent/outputs/glm/contrast_maps_fsLR/sub-06/res_task-WardAndAllport_space-fsLR_dir-ffx', '/ptmp/hmueller2/2025_ibc_latent/outputs/glm/contrast_maps_fsLR/sub-06/res_task-WedgeAnti_space-fsLR_dir-ffx', '/ptmp/hmueller2/2025_ibc_latent/outputs/glm/contrast_maps_fsLR/sub-06/res_task-WedgeClock_space-fsLR_dir-ffx']
    Processing task 'ArchiEmotional':
      Task dir: /ptmp/hmueller2/2025_ibc_latent/outputs/glm/contrast_maps_fsLR/sub-06/res_task-ArchiEmotional_space-fsLR_dir-ffx
      Z-map dir: /ptmp/hmueller2/2025_ibc_latent/outputs/glm/contrast_maps_fsLR/sub-06/res_task-ArchiEmotional_space-fsLR_dir-ffx/z_score_maps
      Z-map dir exists: True
      Glob pattern for z-maps: /ptmp/hmueller2/2025_ibc_latent/outputs/glm/contrast_maps_fsLR/sub-06/res_task-ArchiEmotional_space-fsLR_dir-ffx/z_score_maps/*.dscalar.nii
      Found 14 z-maps
    Processing task 'ArchiSocial':
      Task dir: /ptmp/hmueller2/2025_ibc_latent/outputs/glm/contrast_maps_fsLR/sub-06/res_task-ArchiSocial_space-fsLR_dir-ffx
      Z-map dir: /ptmp/hmueller2/2025_ibc_latent/outputs/glm/contrast_maps_fsLR/sub-06/res_task-ArchiSocial_space-fsLR_dir-ffx/z_score_maps
      Z-map dir exists: True
      Glob pattern for z-maps: /ptmp/hmueller2/2025_ibc_latent/outputs/glm/contrast_maps_fsLR/sub-06/res_task-ArchiSocial_space-fsLR_dir-ffx/z_score_maps/*.dscalar.nii
      Found 13 z-maps
    Processing task 'ArchiSpatial':
      Task dir: /ptmp/hmueller2/2025_ibc_latent/outputs/glm/contrast_maps_fsLR/sub-06/res_task-ArchiSpatial_space-fsLR_dir-ffx
      Z-map dir: /ptmp/hmueller2/2025_ibc_latent/outputs/glm/contrast_maps_fsLR/sub-06/res_task-ArchiSpatial_space-fsLR_dir-ffx/z_score_maps
      Z-map dir exists: True
      Glob pattern for z-maps: /ptmp/hmueller2/2025_ibc_latent/outputs/glm/contrast_maps_fsLR/sub-06/res_task-ArchiSpatial_space-fsLR_dir-ffx/z_score_maps/*.dscalar.nii
      Found 7 z-maps
    Processing task 'ArchiStandard':
      Task dir: /ptmp/hmueller2/2025_ibc_latent/outputs/glm/contrast_maps_fsLR/sub-06/res_task-ArchiStandard_space-fsLR_dir-ffx
      Z-map dir: /ptmp/hmueller2/2025_ibc_latent/outputs/glm/contrast_maps_fsLR/sub-06/res_task-ArchiStandard_space-fsLR_dir-ffx/z_score_maps
      Z-map dir exists: True
      Glob pattern for z-maps: /ptmp/hmueller2/2025_ibc_latent/outputs/glm/contrast_maps_fsLR/sub-06/res_task-ArchiStandard_space-fsLR_dir-ffx/z_score_maps/*.dscalar.nii
      Found 23 z-maps
    Processing task 'Attention':
      Task dir: /ptmp/hmueller2/2025_ibc_latent/outputs/glm/contrast_maps_fsLR/sub-06/res_task-Attention_space-fsLR_dir-ffx
      Z-map dir: /ptmp/hmueller2/2025_ibc_latent/outputs/glm/contrast_maps_fsLR/sub-06/res_task-Attention_space-fsLR_dir-ffx/z_score_maps
      Z-map dir exists: True
      Glob pattern for z-maps: /ptmp/hmueller2/2025_ibc_latent/outputs/glm/contrast_maps_fsLR/sub-06/res_task-Attention_space-fsLR_dir-ffx/z_score_maps/*.dscalar.nii
      Found 10 z-maps
    Processing task 'Audi':
      Task dir: /ptmp/hmueller2/2025_ibc_latent/outputs/glm/contrast_maps_fsLR/sub-06/res_task-Audi_space-fsLR_dir-ffx
      Z-map dir: /ptmp/hmueller2/2025_ibc_latent/outputs/glm/contrast_maps_fsLR/sub-06/res_task-Audi_space-fsLR_dir-ffx/z_score_maps
      Z-map dir exists: True
      Glob pattern for z-maps: /ptmp/hmueller2/2025_ibc_latent/outputs/glm/contrast_maps_fsLR/sub-06/res_task-Audi_space-fsLR_dir-ffx/z_score_maps/*.dscalar.nii
      Found 25 z-maps
    Processing task 'BiologicalMotion1':
      Task dir: /ptmp/hmueller2/2025_ibc_latent/outputs/glm/contrast_maps_fsLR/sub-06/res_task-BiologicalMotion1_space-fsLR_dir-ffx
      Z-map dir: /ptmp/hmueller2/2025_ibc_latent/outputs/glm/contrast_maps_fsLR/sub-06/res_task-BiologicalMotion1_space-fsLR_dir-ffx/z_score_maps
      Z-map dir exists: True
      Glob pattern for z-maps: /ptmp/hmueller2/2025_ibc_latent/outputs/glm/contrast_maps_fsLR/sub-06/res_task-BiologicalMotion1_space-fsLR_dir-ffx/z_score_maps/*.dscalar.nii
      Found 10 z-maps
    Processing task 'BiologicalMotion2':
      Task dir: /ptmp/hmueller2/2025_ibc_latent/outputs/glm/contrast_maps_fsLR/sub-06/res_task-BiologicalMotion2_space-fsLR_dir-ffx
      Z-map dir: /ptmp/hmueller2/2025_ibc_latent/outputs/glm/contrast_maps_fsLR/sub-06/res_task-BiologicalMotion2_space-fsLR_dir-ffx/z_score_maps
      Z-map dir exists: True
      Glob pattern for z-maps: /ptmp/hmueller2/2025_ibc_latent/outputs/glm/contrast_maps_fsLR/sub-06/res_task-BiologicalMotion2_space-fsLR_dir-ffx/z_score_maps/*.dscalar.nii
      Found 10 z-maps
    Processing task 'BreathHolding':
      Task dir: /ptmp/hmueller2/2025_ibc_latent/outputs/glm/contrast_maps_fsLR/sub-06/res_task-BreathHolding_space-fsLR_dir-ffx
      Z-map dir: /ptmp/hmueller2/2025_ibc_latent/outputs/glm/contrast_maps_fsLR/sub-06/res_task-BreathHolding_space-fsLR_dir-ffx/z_score_maps
      Z-map dir exists: True
      Glob pattern for z-maps: /ptmp/hmueller2/2025_ibc_latent/outputs/glm/contrast_maps_fsLR/sub-06/res_task-BreathHolding_space-fsLR_dir-ffx/z_score_maps/*.dscalar.nii
      Found 4 z-maps
    Processing task 'Catell':
      Task dir: /ptmp/hmueller2/2025_ibc_latent/outputs/glm/contrast_maps_fsLR/sub-06/res_task-Catell_space-fsLR_dir-ffx
      Z-map dir: /ptmp/hmueller2/2025_ibc_latent/outputs/glm/contrast_maps_fsLR/sub-06/res_task-Catell_space-fsLR_dir-ffx/z_score_maps
      Z-map dir exists: True
      Glob pattern for z-maps: /ptmp/hmueller2/2025_ibc_latent/outputs/glm/contrast_maps_fsLR/sub-06/res_task-Catell_space-fsLR_dir-ffx/z_score_maps/*.dscalar.nii
      Found 3 z-maps
    Processing task 'Checkerboard':
      Task dir: /ptmp/hmueller2/2025_ibc_latent/outputs/glm/contrast_maps_fsLR/sub-06/res_task-Checkerboard_space-fsLR_dir-ffx
      Z-map dir: /ptmp/hmueller2/2025_ibc_latent/outputs/glm/contrast_maps_fsLR/sub-06/res_task-Checkerboard_space-fsLR_dir-ffx/z_score_maps
      Z-map dir exists: True
      Glob pattern for z-maps: /ptmp/hmueller2/2025_ibc_latent/outputs/glm/contrast_maps_fsLR/sub-06/res_task-Checkerboard_space-fsLR_dir-ffx/z_score_maps/*.dscalar.nii
      Found 3 z-maps
    Processing task 'Color':
      Task dir: /ptmp/hmueller2/2025_ibc_latent/outputs/glm/contrast_maps_fsLR/sub-06/res_task-Color_space-fsLR_dir-ffx
      Z-map dir: /ptmp/hmueller2/2025_ibc_latent/outputs/glm/contrast_maps_fsLR/sub-06/res_task-Color_space-fsLR_dir-ffx/z_score_maps
      Z-map dir exists: True
      Glob pattern for z-maps: /ptmp/hmueller2/2025_ibc_latent/outputs/glm/contrast_maps_fsLR/sub-06/res_task-Color_space-fsLR_dir-ffx/z_score_maps/*.dscalar.nii
      Found 4 z-maps
    Processing task 'ColumbiaCards':
      Task dir: /ptmp/hmueller2/2025_ibc_latent/outputs/glm/contrast_maps_fsLR/sub-06/res_task-ColumbiaCards_space-fsLR_dir-ffx
      Z-map dir: /ptmp/hmueller2/2025_ibc_latent/outputs/glm/contrast_maps_fsLR/sub-06/res_task-ColumbiaCards_space-fsLR_dir-ffx/z_score_maps
      Z-map dir exists: True
      Glob pattern for z-maps: /ptmp/hmueller2/2025_ibc_latent/outputs/glm/contrast_maps_fsLR/sub-06/res_task-ColumbiaCards_space-fsLR_dir-ffx/z_score_maps/*.dscalar.nii
      Found 3 z-maps
    Processing task 'Discount':
      Task dir: /ptmp/hmueller2/2025_ibc_latent/outputs/glm/contrast_maps_fsLR/sub-06/res_task-Discount_space-fsLR_dir-ffx
      Z-map dir: /ptmp/hmueller2/2025_ibc_latent/outputs/glm/contrast_maps_fsLR/sub-06/res_task-Discount_space-fsLR_dir-ffx/z_score_maps
      Z-map dir exists: True
      Glob pattern for z-maps: /ptmp/hmueller2/2025_ibc_latent/outputs/glm/contrast_maps_fsLR/sub-06/res_task-Discount_space-fsLR_dir-ffx/z_score_maps/*.dscalar.nii
      Found 2 z-maps
    Processing task 'DotPatterns':
      Task dir: /ptmp/hmueller2/2025_ibc_latent/outputs/glm/contrast_maps_fsLR/sub-06/res_task-DotPatterns_space-fsLR_dir-ffx
      Z-map dir: /ptmp/hmueller2/2025_ibc_latent/outputs/glm/contrast_maps_fsLR/sub-06/res_task-DotPatterns_space-fsLR_dir-ffx/z_score_maps
      Z-map dir exists: True
      Glob pattern for z-maps: /ptmp/hmueller2/2025_ibc_latent/outputs/glm/contrast_maps_fsLR/sub-06/res_task-DotPatterns_space-fsLR_dir-ffx/z_score_maps/*.dscalar.nii
      Found 11 z-maps
    Processing task 'EmoMem':
      Task dir: /ptmp/hmueller2/2025_ibc_latent/outputs/glm/contrast_maps_fsLR/sub-06/res_task-EmoMem_space-fsLR_dir-ffx
      Z-map dir: /ptmp/hmueller2/2025_ibc_latent/outputs/glm/contrast_maps_fsLR/sub-06/res_task-EmoMem_space-fsLR_dir-ffx/z_score_maps
      Z-map dir exists: True
      Glob pattern for z-maps: /ptmp/hmueller2/2025_ibc_latent/outputs/glm/contrast_maps_fsLR/sub-06/res_task-EmoMem_space-fsLR_dir-ffx/z_score_maps/*.dscalar.nii
      Found 6 z-maps
    Processing task 'EmoReco':
      Task dir: /ptmp/hmueller2/2025_ibc_latent/outputs/glm/contrast_maps_fsLR/sub-06/res_task-EmoReco_space-fsLR_dir-ffx
      Z-map dir: /ptmp/hmueller2/2025_ibc_latent/outputs/glm/contrast_maps_fsLR/sub-06/res_task-EmoReco_space-fsLR_dir-ffx/z_score_maps
      Z-map dir exists: True
      Glob pattern for z-maps: /ptmp/hmueller2/2025_ibc_latent/outputs/glm/contrast_maps_fsLR/sub-06/res_task-EmoReco_space-fsLR_dir-ffx/z_score_maps/*.dscalar.nii
      Found 10 z-maps
    Processing task 'EmotionalPain':
      Task dir: /ptmp/hmueller2/2025_ibc_latent/outputs/glm/contrast_maps_fsLR/sub-06/res_task-EmotionalPain_space-fsLR_dir-ffx
      Z-map dir: /ptmp/hmueller2/2025_ibc_latent/outputs/glm/contrast_maps_fsLR/sub-06/res_task-EmotionalPain_space-fsLR_dir-ffx/z_score_maps
      Z-map dir exists: True
      Glob pattern for z-maps: /ptmp/hmueller2/2025_ibc_latent/outputs/glm/contrast_maps_fsLR/sub-06/res_task-EmotionalPain_space-fsLR_dir-ffx/z_score_maps/*.dscalar.nii
      Found 3 z-maps
    Processing task 'Enumeration':
      Task dir: /ptmp/hmueller2/2025_ibc_latent/outputs/glm/contrast_maps_fsLR/sub-06/res_task-Enumeration_space-fsLR_dir-ffx
      Z-map dir: /ptmp/hmueller2/2025_ibc_latent/outputs/glm/contrast_maps_fsLR/sub-06/res_task-Enumeration_space-fsLR_dir-ffx/z_score_maps
      Z-map dir exists: True
      Glob pattern for z-maps: /ptmp/hmueller2/2025_ibc_latent/outputs/glm/contrast_maps_fsLR/sub-06/res_task-Enumeration_space-fsLR_dir-ffx/z_score_maps/*.dscalar.nii
      Found 3 z-maps
    Processing task 'FaceBody':
      Task dir: /ptmp/hmueller2/2025_ibc_latent/outputs/glm/contrast_maps_fsLR/sub-06/res_task-FaceBody_space-fsLR_dir-ffx
      Z-map dir: /ptmp/hmueller2/2025_ibc_latent/outputs/glm/contrast_maps_fsLR/sub-06/res_task-FaceBody_space-fsLR_dir-ffx/z_score_maps
      Z-map dir exists: True
      Glob pattern for z-maps: /ptmp/hmueller2/2025_ibc_latent/outputs/glm/contrast_maps_fsLR/sub-06/res_task-FaceBody_space-fsLR_dir-ffx/z_score_maps/*.dscalar.nii
      Found 15 z-maps
    Processing task 'FingerTap':
      Task dir: /ptmp/hmueller2/2025_ibc_latent/outputs/glm/contrast_maps_fsLR/sub-06/res_task-FingerTap_space-fsLR_dir-ffx
      Z-map dir: /ptmp/hmueller2/2025_ibc_latent/outputs/glm/contrast_maps_fsLR/sub-06/res_task-FingerTap_space-fsLR_dir-ffx/z_score_maps
      Z-map dir exists: True
      Glob pattern for z-maps: /ptmp/hmueller2/2025_ibc_latent/outputs/glm/contrast_maps_fsLR/sub-06/res_task-FingerTap_space-fsLR_dir-ffx/z_score_maps/*.dscalar.nii
      Found 3 z-maps
    Processing task 'HcpEmotion':
      Task dir: /ptmp/hmueller2/2025_ibc_latent/outputs/glm/contrast_maps_fsLR/sub-06/res_task-HcpEmotion_space-fsLR_dir-ffx
      Z-map dir: /ptmp/hmueller2/2025_ibc_latent/outputs/glm/contrast_maps_fsLR/sub-06/res_task-HcpEmotion_space-fsLR_dir-ffx/z_score_maps
      Z-map dir exists: True
      Glob pattern for z-maps: /ptmp/hmueller2/2025_ibc_latent/outputs/glm/contrast_maps_fsLR/sub-06/res_task-HcpEmotion_space-fsLR_dir-ffx/z_score_maps/*.dscalar.nii
      Found 4 z-maps
    Processing task 'HcpGambling':
      Task dir: /ptmp/hmueller2/2025_ibc_latent/outputs/glm/contrast_maps_fsLR/sub-06/res_task-HcpGambling_space-fsLR_dir-ffx
      Z-map dir: /ptmp/hmueller2/2025_ibc_latent/outputs/glm/contrast_maps_fsLR/sub-06/res_task-HcpGambling_space-fsLR_dir-ffx/z_score_maps
      Z-map dir exists: True
      Glob pattern for z-maps: /ptmp/hmueller2/2025_ibc_latent/outputs/glm/contrast_maps_fsLR/sub-06/res_task-HcpGambling_space-fsLR_dir-ffx/z_score_maps/*.dscalar.nii
      Found 4 z-maps
    Processing task 'HcpLanguage':
      Task dir: /ptmp/hmueller2/2025_ibc_latent/outputs/glm/contrast_maps_fsLR/sub-06/res_task-HcpLanguage_space-fsLR_dir-ffx
      Z-map dir: /ptmp/hmueller2/2025_ibc_latent/outputs/glm/contrast_maps_fsLR/sub-06/res_task-HcpLanguage_space-fsLR_dir-ffx/z_score_maps
      Z-map dir exists: True
      Glob pattern for z-maps: /ptmp/hmueller2/2025_ibc_latent/outputs/glm/contrast_maps_fsLR/sub-06/res_task-HcpLanguage_space-fsLR_dir-ffx/z_score_maps/*.dscalar.nii
      Found 4 z-maps
    Processing task 'HcpMotor':
      Task dir: /ptmp/hmueller2/2025_ibc_latent/outputs/glm/contrast_maps_fsLR/sub-06/res_task-HcpMotor_space-fsLR_dir-ffx
      Z-map dir: /ptmp/hmueller2/2025_ibc_latent/outputs/glm/contrast_maps_fsLR/sub-06/res_task-HcpMotor_space-fsLR_dir-ffx/z_score_maps
      Z-map dir exists: True
      Glob pattern for z-maps: /ptmp/hmueller2/2025_ibc_latent/outputs/glm/contrast_maps_fsLR/sub-06/res_task-HcpMotor_space-fsLR_dir-ffx/z_score_maps/*.dscalar.nii
      Found 11 z-maps
    Processing task 'HcpRelational':
      Task dir: /ptmp/hmueller2/2025_ibc_latent/outputs/glm/contrast_maps_fsLR/sub-06/res_task-HcpRelational_space-fsLR_dir-ffx
      Z-map dir: /ptmp/hmueller2/2025_ibc_latent/outputs/glm/contrast_maps_fsLR/sub-06/res_task-HcpRelational_space-fsLR_dir-ffx/z_score_maps
      Z-map dir exists: True
      Glob pattern for z-maps: /ptmp/hmueller2/2025_ibc_latent/outputs/glm/contrast_maps_fsLR/sub-06/res_task-HcpRelational_space-fsLR_dir-ffx/z_score_maps/*.dscalar.nii
      Found 3 z-maps
    Processing task 'HcpSocial':
      Task dir: /ptmp/hmueller2/2025_ibc_latent/outputs/glm/contrast_maps_fsLR/sub-06/res_task-HcpSocial_space-fsLR_dir-ffx
      Z-map dir: /ptmp/hmueller2/2025_ibc_latent/outputs/glm/contrast_maps_fsLR/sub-06/res_task-HcpSocial_space-fsLR_dir-ffx/z_score_maps
      Z-map dir exists: True
      Glob pattern for z-maps: /ptmp/hmueller2/2025_ibc_latent/outputs/glm/contrast_maps_fsLR/sub-06/res_task-HcpSocial_space-fsLR_dir-ffx/z_score_maps/*.dscalar.nii
      Found 3 z-maps
    Processing task 'HcpWm':
      Task dir: /ptmp/hmueller2/2025_ibc_latent/outputs/glm/contrast_maps_fsLR/sub-06/res_task-HcpWm_space-fsLR_dir-ffx
      Z-map dir: /ptmp/hmueller2/2025_ibc_latent/outputs/glm/contrast_maps_fsLR/sub-06/res_task-HcpWm_space-fsLR_dir-ffx/z_score_maps
      Z-map dir exists: True
      Glob pattern for z-maps: /ptmp/hmueller2/2025_ibc_latent/outputs/glm/contrast_maps_fsLR/sub-06/res_task-HcpWm_space-fsLR_dir-ffx/z_score_maps/*.dscalar.nii
      Found 14 z-maps
    Processing task 'ItemRecognition':
      Task dir: /ptmp/hmueller2/2025_ibc_latent/outputs/glm/contrast_maps_fsLR/sub-06/res_task-ItemRecognition_space-fsLR_dir-ffx
      Z-map dir: /ptmp/hmueller2/2025_ibc_latent/outputs/glm/contrast_maps_fsLR/sub-06/res_task-ItemRecognition_space-fsLR_dir-ffx/z_score_maps
      Z-map dir exists: True
      Glob pattern for z-maps: /ptmp/hmueller2/2025_ibc_latent/outputs/glm/contrast_maps_fsLR/sub-06/res_task-ItemRecognition_space-fsLR_dir-ffx/z_score_maps/*.dscalar.nii
      Found 17 z-maps
    Processing task 'Lec1':
      Task dir: /ptmp/hmueller2/2025_ibc_latent/outputs/glm/contrast_maps_fsLR/sub-06/res_task-Lec1_space-fsLR_dir-ffx
      Z-map dir: /ptmp/hmueller2/2025_ibc_latent/outputs/glm/contrast_maps_fsLR/sub-06/res_task-Lec1_space-fsLR_dir-ffx/z_score_maps
      Z-map dir exists: True
      Glob pattern for z-maps: /ptmp/hmueller2/2025_ibc_latent/outputs/glm/contrast_maps_fsLR/sub-06/res_task-Lec1_space-fsLR_dir-ffx/z_score_maps/*.dscalar.nii
      Found 6 z-maps
    Processing task 'Lec2':
      Task dir: /ptmp/hmueller2/2025_ibc_latent/outputs/glm/contrast_maps_fsLR/sub-06/res_task-Lec2_space-fsLR_dir-ffx
      Z-map dir: /ptmp/hmueller2/2025_ibc_latent/outputs/glm/contrast_maps_fsLR/sub-06/res_task-Lec2_space-fsLR_dir-ffx/z_score_maps
      Z-map dir exists: True
      Glob pattern for z-maps: /ptmp/hmueller2/2025_ibc_latent/outputs/glm/contrast_maps_fsLR/sub-06/res_task-Lec2_space-fsLR_dir-ffx/z_score_maps/*.dscalar.nii
      Found 3 z-maps
    Processing task 'MCSE':
      Task dir: /ptmp/hmueller2/2025_ibc_latent/outputs/glm/contrast_maps_fsLR/sub-06/res_task-MCSE_space-fsLR_dir-ffx
      Z-map dir: /ptmp/hmueller2/2025_ibc_latent/outputs/glm/contrast_maps_fsLR/sub-06/res_task-MCSE_space-fsLR_dir-ffx/z_score_maps
      Z-map dir exists: True
      Glob pattern for z-maps: /ptmp/hmueller2/2025_ibc_latent/outputs/glm/contrast_maps_fsLR/sub-06/res_task-MCSE_space-fsLR_dir-ffx/z_score_maps/*.dscalar.nii
      Found 9 z-maps
    Processing task 'MTTNS':
      Task dir: /ptmp/hmueller2/2025_ibc_latent/outputs/glm/contrast_maps_fsLR/sub-06/res_task-MTTNS_space-fsLR_dir-ffx
      Z-map dir: /ptmp/hmueller2/2025_ibc_latent/outputs/glm/contrast_maps_fsLR/sub-06/res_task-MTTNS_space-fsLR_dir-ffx/z_score_maps
      Z-map dir exists: True
      Glob pattern for z-maps: /ptmp/hmueller2/2025_ibc_latent/outputs/glm/contrast_maps_fsLR/sub-06/res_task-MTTNS_space-fsLR_dir-ffx/z_score_maps/*.dscalar.nii
      Found 19 z-maps
    Processing task 'MTTWE':
      Task dir: /ptmp/hmueller2/2025_ibc_latent/outputs/glm/contrast_maps_fsLR/sub-06/res_task-MTTWE_space-fsLR_dir-ffx
      Z-map dir: /ptmp/hmueller2/2025_ibc_latent/outputs/glm/contrast_maps_fsLR/sub-06/res_task-MTTWE_space-fsLR_dir-ffx/z_score_maps
      Z-map dir exists: True
      Glob pattern for z-maps: /ptmp/hmueller2/2025_ibc_latent/outputs/glm/contrast_maps_fsLR/sub-06/res_task-MTTWE_space-fsLR_dir-ffx/z_score_maps/*.dscalar.nii
      Found 19 z-maps
    Processing task 'MVEB':
      Task dir: /ptmp/hmueller2/2025_ibc_latent/outputs/glm/contrast_maps_fsLR/sub-06/res_task-MVEB_space-fsLR_dir-ffx
      Z-map dir: /ptmp/hmueller2/2025_ibc_latent/outputs/glm/contrast_maps_fsLR/sub-06/res_task-MVEB_space-fsLR_dir-ffx/z_score_maps
      Z-map dir exists: True
      Glob pattern for z-maps: /ptmp/hmueller2/2025_ibc_latent/outputs/glm/contrast_maps_fsLR/sub-06/res_task-MVEB_space-fsLR_dir-ffx/z_score_maps/*.dscalar.nii
      Found 11 z-maps
    Processing task 'MVIS':
      Task dir: /ptmp/hmueller2/2025_ibc_latent/outputs/glm/contrast_maps_fsLR/sub-06/res_task-MVIS_space-fsLR_dir-ffx
      Z-map dir: /ptmp/hmueller2/2025_ibc_latent/outputs/glm/contrast_maps_fsLR/sub-06/res_task-MVIS_space-fsLR_dir-ffx/z_score_maps
      Z-map dir exists: True
      Glob pattern for z-maps: /ptmp/hmueller2/2025_ibc_latent/outputs/glm/contrast_maps_fsLR/sub-06/res_task-MVIS_space-fsLR_dir-ffx/z_score_maps/*.dscalar.nii
      Found 12 z-maps
    Processing task 'MathLanguage':
      Task dir: /ptmp/hmueller2/2025_ibc_latent/outputs/glm/contrast_maps_fsLR/sub-06/res_task-MathLanguage_space-fsLR_dir-ffx
      Z-map dir: /ptmp/hmueller2/2025_ibc_latent/outputs/glm/contrast_maps_fsLR/sub-06/res_task-MathLanguage_space-fsLR_dir-ffx/z_score_maps
      Z-map dir exists: True
      Glob pattern for z-maps: /ptmp/hmueller2/2025_ibc_latent/outputs/glm/contrast_maps_fsLR/sub-06/res_task-MathLanguage_space-fsLR_dir-ffx/z_score_maps/*.dscalar.nii
      Found 30 z-maps
    Processing task 'Motion':
      Task dir: /ptmp/hmueller2/2025_ibc_latent/outputs/glm/contrast_maps_fsLR/sub-06/res_task-Motion_space-fsLR_dir-ffx
      Z-map dir: /ptmp/hmueller2/2025_ibc_latent/outputs/glm/contrast_maps_fsLR/sub-06/res_task-Motion_space-fsLR_dir-ffx/z_score_maps
      Z-map dir exists: True
      Glob pattern for z-maps: /ptmp/hmueller2/2025_ibc_latent/outputs/glm/contrast_maps_fsLR/sub-06/res_task-Motion_space-fsLR_dir-ffx/z_score_maps/*.dscalar.nii
      Found 11 z-maps
    Processing task 'Moto':
      Task dir: /ptmp/hmueller2/2025_ibc_latent/outputs/glm/contrast_maps_fsLR/sub-06/res_task-Moto_space-fsLR_dir-ffx
      Z-map dir: /ptmp/hmueller2/2025_ibc_latent/outputs/glm/contrast_maps_fsLR/sub-06/res_task-Moto_space-fsLR_dir-ffx/z_score_maps
      Z-map dir exists: True
      Glob pattern for z-maps: /ptmp/hmueller2/2025_ibc_latent/outputs/glm/contrast_maps_fsLR/sub-06/res_task-Moto_space-fsLR_dir-ffx/z_score_maps/*.dscalar.nii
      Found 9 z-maps
    Processing task 'NARPS':
      Task dir: /ptmp/hmueller2/2025_ibc_latent/outputs/glm/contrast_maps_fsLR/sub-06/res_task-NARPS_space-fsLR_dir-ffx
      Z-map dir: /ptmp/hmueller2/2025_ibc_latent/outputs/glm/contrast_maps_fsLR/sub-06/res_task-NARPS_space-fsLR_dir-ffx/z_score_maps
      Z-map dir exists: True
      Glob pattern for z-maps: /ptmp/hmueller2/2025_ibc_latent/outputs/glm/contrast_maps_fsLR/sub-06/res_task-NARPS_space-fsLR_dir-ffx/z_score_maps/*.dscalar.nii
      Found 8 z-maps
    Processing task 'PainMovie':
      Task dir: /ptmp/hmueller2/2025_ibc_latent/outputs/glm/contrast_maps_fsLR/sub-06/res_task-PainMovie_space-fsLR_dir-ffx
      Z-map dir: /ptmp/hmueller2/2025_ibc_latent/outputs/glm/contrast_maps_fsLR/sub-06/res_task-PainMovie_space-fsLR_dir-ffx/z_score_maps
      Z-map dir exists: True
      Glob pattern for z-maps: /ptmp/hmueller2/2025_ibc_latent/outputs/glm/contrast_maps_fsLR/sub-06/res_task-PainMovie_space-fsLR_dir-ffx/z_score_maps/*.dscalar.nii
      Found 3 z-maps
    Processing task 'PreferenceFaces':
      Task dir: /ptmp/hmueller2/2025_ibc_latent/outputs/glm/contrast_maps_fsLR/sub-06/res_task-PreferenceFaces_space-fsLR_dir-ffx
      Z-map dir: /ptmp/hmueller2/2025_ibc_latent/outputs/glm/contrast_maps_fsLR/sub-06/res_task-PreferenceFaces_space-fsLR_dir-ffx/z_score_maps
      Z-map dir exists: True
      Glob pattern for z-maps: /ptmp/hmueller2/2025_ibc_latent/outputs/glm/contrast_maps_fsLR/sub-06/res_task-PreferenceFaces_space-fsLR_dir-ffx/z_score_maps/*.dscalar.nii
      Found 3 z-maps
    Processing task 'PreferenceFood':
      Task dir: /ptmp/hmueller2/2025_ibc_latent/outputs/glm/contrast_maps_fsLR/sub-06/res_task-PreferenceFood_space-fsLR_dir-ffx
      Z-map dir: /ptmp/hmueller2/2025_ibc_latent/outputs/glm/contrast_maps_fsLR/sub-06/res_task-PreferenceFood_space-fsLR_dir-ffx/z_score_maps
      Z-map dir exists: True
      Glob pattern for z-maps: /ptmp/hmueller2/2025_ibc_latent/outputs/glm/contrast_maps_fsLR/sub-06/res_task-PreferenceFood_space-fsLR_dir-ffx/z_score_maps/*.dscalar.nii
      Found 3 z-maps
    Processing task 'PreferenceHouses':
      Task dir: /ptmp/hmueller2/2025_ibc_latent/outputs/glm/contrast_maps_fsLR/sub-06/res_task-PreferenceHouses_space-fsLR_dir-ffx
      Z-map dir: /ptmp/hmueller2/2025_ibc_latent/outputs/glm/contrast_maps_fsLR/sub-06/res_task-PreferenceHouses_space-fsLR_dir-ffx/z_score_maps
      Z-map dir exists: True
      Glob pattern for z-maps: /ptmp/hmueller2/2025_ibc_latent/outputs/glm/contrast_maps_fsLR/sub-06/res_task-PreferenceHouses_space-fsLR_dir-ffx/z_score_maps/*.dscalar.nii
      Found 3 z-maps
    Processing task 'PreferencePaintings':
      Task dir: /ptmp/hmueller2/2025_ibc_latent/outputs/glm/contrast_maps_fsLR/sub-06/res_task-PreferencePaintings_space-fsLR_dir-ffx
      Z-map dir: /ptmp/hmueller2/2025_ibc_latent/outputs/glm/contrast_maps_fsLR/sub-06/res_task-PreferencePaintings_space-fsLR_dir-ffx/z_score_maps
      Z-map dir exists: True
      Glob pattern for z-maps: /ptmp/hmueller2/2025_ibc_latent/outputs/glm/contrast_maps_fsLR/sub-06/res_task-PreferencePaintings_space-fsLR_dir-ffx/z_score_maps/*.dscalar.nii
      Found 3 z-maps
    Processing task 'RSVPLanguage':
      Task dir: /ptmp/hmueller2/2025_ibc_latent/outputs/glm/contrast_maps_fsLR/sub-06/res_task-RSVPLanguage_space-fsLR_dir-ffx
      Z-map dir: /ptmp/hmueller2/2025_ibc_latent/outputs/glm/contrast_maps_fsLR/sub-06/res_task-RSVPLanguage_space-fsLR_dir-ffx/z_score_maps
      Z-map dir exists: True
      Glob pattern for z-maps: /ptmp/hmueller2/2025_ibc_latent/outputs/glm/contrast_maps_fsLR/sub-06/res_task-RSVPLanguage_space-fsLR_dir-ffx/z_score_maps/*.dscalar.nii
      Found 19 z-maps
    Processing task 'RewProc':
      Task dir: /ptmp/hmueller2/2025_ibc_latent/outputs/glm/contrast_maps_fsLR/sub-06/res_task-RewProc_space-fsLR_dir-ffx
      Z-map dir: /ptmp/hmueller2/2025_ibc_latent/outputs/glm/contrast_maps_fsLR/sub-06/res_task-RewProc_space-fsLR_dir-ffx/z_score_maps
      Z-map dir exists: True
      Glob pattern for z-maps: /ptmp/hmueller2/2025_ibc_latent/outputs/glm/contrast_maps_fsLR/sub-06/res_task-RewProc_space-fsLR_dir-ffx/z_score_maps/*.dscalar.nii
      Found 17 z-maps
    Processing task 'Scene':
      Task dir: /ptmp/hmueller2/2025_ibc_latent/outputs/glm/contrast_maps_fsLR/sub-06/res_task-Scene_space-fsLR_dir-ffx
      Z-map dir: /ptmp/hmueller2/2025_ibc_latent/outputs/glm/contrast_maps_fsLR/sub-06/res_task-Scene_space-fsLR_dir-ffx/z_score_maps
      Z-map dir exists: True
      Glob pattern for z-maps: /ptmp/hmueller2/2025_ibc_latent/outputs/glm/contrast_maps_fsLR/sub-06/res_task-Scene_space-fsLR_dir-ffx/z_score_maps/*.dscalar.nii
      Found 11 z-maps
    Processing task 'SelectiveStopSignal':
      Task dir: /ptmp/hmueller2/2025_ibc_latent/outputs/glm/contrast_maps_fsLR/sub-06/res_task-SelectiveStopSignal_space-fsLR_dir-ffx
      Z-map dir: /ptmp/hmueller2/2025_ibc_latent/outputs/glm/contrast_maps_fsLR/sub-06/res_task-SelectiveStopSignal_space-fsLR_dir-ffx/z_score_maps
      Z-map dir exists: True
      Glob pattern for z-maps: /ptmp/hmueller2/2025_ibc_latent/outputs/glm/contrast_maps_fsLR/sub-06/res_task-SelectiveStopSignal_space-fsLR_dir-ffx/z_score_maps/*.dscalar.nii
      Found 8 z-maps
    Processing task 'Self':
      Task dir: /ptmp/hmueller2/2025_ibc_latent/outputs/glm/contrast_maps_fsLR/sub-06/res_task-Self_space-fsLR_dir-ffx
      Z-map dir: /ptmp/hmueller2/2025_ibc_latent/outputs/glm/contrast_maps_fsLR/sub-06/res_task-Self_space-fsLR_dir-ffx/z_score_maps
      Z-map dir exists: True
      Glob pattern for z-maps: /ptmp/hmueller2/2025_ibc_latent/outputs/glm/contrast_maps_fsLR/sub-06/res_task-Self_space-fsLR_dir-ffx/z_score_maps/*.dscalar.nii
      Found 11 z-maps
    Processing task 'SpatialNavigation':
      Task dir: /ptmp/hmueller2/2025_ibc_latent/outputs/glm/contrast_maps_fsLR/sub-06/res_task-SpatialNavigation_space-fsLR_dir-ffx
      Z-map dir: /ptmp/hmueller2/2025_ibc_latent/outputs/glm/contrast_maps_fsLR/sub-06/res_task-SpatialNavigation_space-fsLR_dir-ffx/z_score_maps
      Z-map dir exists: True
      Glob pattern for z-maps: /ptmp/hmueller2/2025_ibc_latent/outputs/glm/contrast_maps_fsLR/sub-06/res_task-SpatialNavigation_space-fsLR_dir-ffx/z_score_maps/*.dscalar.nii
      Found 9 z-maps
    Processing task 'StopNogo':
      Task dir: /ptmp/hmueller2/2025_ibc_latent/outputs/glm/contrast_maps_fsLR/sub-06/res_task-StopNogo_space-fsLR_dir-ffx
      Z-map dir: /ptmp/hmueller2/2025_ibc_latent/outputs/glm/contrast_maps_fsLR/sub-06/res_task-StopNogo_space-fsLR_dir-ffx/z_score_maps
      Z-map dir exists: True
      Glob pattern for z-maps: /ptmp/hmueller2/2025_ibc_latent/outputs/glm/contrast_maps_fsLR/sub-06/res_task-StopNogo_space-fsLR_dir-ffx/z_score_maps/*.dscalar.nii
      Found 7 z-maps
    Processing task 'StopSignal':
      Task dir: /ptmp/hmueller2/2025_ibc_latent/outputs/glm/contrast_maps_fsLR/sub-06/res_task-StopSignal_space-fsLR_dir-ffx
      Z-map dir: /ptmp/hmueller2/2025_ibc_latent/outputs/glm/contrast_maps_fsLR/sub-06/res_task-StopSignal_space-fsLR_dir-ffx/z_score_maps
      Z-map dir exists: True
      Glob pattern for z-maps: /ptmp/hmueller2/2025_ibc_latent/outputs/glm/contrast_maps_fsLR/sub-06/res_task-StopSignal_space-fsLR_dir-ffx/z_score_maps/*.dscalar.nii
      Found 3 z-maps
    Processing task 'Stroop':
      Task dir: /ptmp/hmueller2/2025_ibc_latent/outputs/glm/contrast_maps_fsLR/sub-06/res_task-Stroop_space-fsLR_dir-ffx
      Z-map dir: /ptmp/hmueller2/2025_ibc_latent/outputs/glm/contrast_maps_fsLR/sub-06/res_task-Stroop_space-fsLR_dir-ffx/z_score_maps
      Z-map dir exists: True
      Glob pattern for z-maps: /ptmp/hmueller2/2025_ibc_latent/outputs/glm/contrast_maps_fsLR/sub-06/res_task-Stroop_space-fsLR_dir-ffx/z_score_maps/*.dscalar.nii
      Found 3 z-maps
    Processing task 'TheoryOfMind':
      Task dir: /ptmp/hmueller2/2025_ibc_latent/outputs/glm/contrast_maps_fsLR/sub-06/res_task-TheoryOfMind_space-fsLR_dir-ffx
      Z-map dir: /ptmp/hmueller2/2025_ibc_latent/outputs/glm/contrast_maps_fsLR/sub-06/res_task-TheoryOfMind_space-fsLR_dir-ffx/z_score_maps
      Z-map dir exists: True
      Glob pattern for z-maps: /ptmp/hmueller2/2025_ibc_latent/outputs/glm/contrast_maps_fsLR/sub-06/res_task-TheoryOfMind_space-fsLR_dir-ffx/z_score_maps/*.dscalar.nii
      Found 3 z-maps
    Processing task 'TwoByTwo':
      Task dir: /ptmp/hmueller2/2025_ibc_latent/outputs/glm/contrast_maps_fsLR/sub-06/res_task-TwoByTwo_space-fsLR_dir-ffx
      Z-map dir: /ptmp/hmueller2/2025_ibc_latent/outputs/glm/contrast_maps_fsLR/sub-06/res_task-TwoByTwo_space-fsLR_dir-ffx/z_score_maps
      Z-map dir exists: True
      Glob pattern for z-maps: /ptmp/hmueller2/2025_ibc_latent/outputs/glm/contrast_maps_fsLR/sub-06/res_task-TwoByTwo_space-fsLR_dir-ffx/z_score_maps/*.dscalar.nii
      Found 10 z-maps
    Processing task 'VSTMC':
      Task dir: /ptmp/hmueller2/2025_ibc_latent/outputs/glm/contrast_maps_fsLR/sub-06/res_task-VSTMC_space-fsLR_dir-ffx
      Z-map dir: /ptmp/hmueller2/2025_ibc_latent/outputs/glm/contrast_maps_fsLR/sub-06/res_task-VSTMC_space-fsLR_dir-ffx/z_score_maps
      Z-map dir exists: True
      Glob pattern for z-maps: /ptmp/hmueller2/2025_ibc_latent/outputs/glm/contrast_maps_fsLR/sub-06/res_task-VSTMC_space-fsLR_dir-ffx/z_score_maps/*.dscalar.nii
      Found 10 z-maps
    Processing task 'VSTM':
      Task dir: /ptmp/hmueller2/2025_ibc_latent/outputs/glm/contrast_maps_fsLR/sub-06/res_task-VSTM_space-fsLR_dir-ffx
      Z-map dir: /ptmp/hmueller2/2025_ibc_latent/outputs/glm/contrast_maps_fsLR/sub-06/res_task-VSTM_space-fsLR_dir-ffx/z_score_maps
      Z-map dir exists: True
      Glob pattern for z-maps: /ptmp/hmueller2/2025_ibc_latent/outputs/glm/contrast_maps_fsLR/sub-06/res_task-VSTM_space-fsLR_dir-ffx/z_score_maps/*.dscalar.nii
      Found 3 z-maps
    Processing task 'Visu':
      Task dir: /ptmp/hmueller2/2025_ibc_latent/outputs/glm/contrast_maps_fsLR/sub-06/res_task-Visu_space-fsLR_dir-ffx
      Z-map dir: /ptmp/hmueller2/2025_ibc_latent/outputs/glm/contrast_maps_fsLR/sub-06/res_task-Visu_space-fsLR_dir-ffx/z_score_maps
      Z-map dir exists: True
      Glob pattern for z-maps: /ptmp/hmueller2/2025_ibc_latent/outputs/glm/contrast_maps_fsLR/sub-06/res_task-Visu_space-fsLR_dir-ffx/z_score_maps/*.dscalar.nii
      Found 16 z-maps
    Processing task 'VisualSearch':
      Task dir: /ptmp/hmueller2/2025_ibc_latent/outputs/glm/contrast_maps_fsLR/sub-06/res_task-VisualSearch_space-fsLR_dir-ffx
      Z-map dir: /ptmp/hmueller2/2025_ibc_latent/outputs/glm/contrast_maps_fsLR/sub-06/res_task-VisualSearch_space-fsLR_dir-ffx/z_score_maps
      Z-map dir exists: True
      Glob pattern for z-maps: /ptmp/hmueller2/2025_ibc_latent/outputs/glm/contrast_maps_fsLR/sub-06/res_task-VisualSearch_space-fsLR_dir-ffx/z_score_maps/*.dscalar.nii
      Found 22 z-maps
    Processing task 'WardAndAllport':
      Task dir: /ptmp/hmueller2/2025_ibc_latent/outputs/glm/contrast_maps_fsLR/sub-06/res_task-WardAndAllport_space-fsLR_dir-ffx
      Z-map dir: /ptmp/hmueller2/2025_ibc_latent/outputs/glm/contrast_maps_fsLR/sub-06/res_task-WardAndAllport_space-fsLR_dir-ffx/z_score_maps
      Z-map dir exists: True
      Glob pattern for z-maps: /ptmp/hmueller2/2025_ibc_latent/outputs/glm/contrast_maps_fsLR/sub-06/res_task-WardAndAllport_space-fsLR_dir-ffx/z_score_maps/*.dscalar.nii
      Found 10 z-maps
    Processing task 'WedgeAnti':
      Task dir: /ptmp/hmueller2/2025_ibc_latent/outputs/glm/contrast_maps_fsLR/sub-06/res_task-WedgeAnti_space-fsLR_dir-ffx
      Z-map dir: /ptmp/hmueller2/2025_ibc_latent/outputs/glm/contrast_maps_fsLR/sub-06/res_task-WedgeAnti_space-fsLR_dir-ffx/z_score_maps
      Z-map dir exists: True
      Glob pattern for z-maps: /ptmp/hmueller2/2025_ibc_latent/outputs/glm/contrast_maps_fsLR/sub-06/res_task-WedgeAnti_space-fsLR_dir-ffx/z_score_maps/*.dscalar.nii
      Found 8 z-maps
    Processing task 'WedgeClock':
      Task dir: /ptmp/hmueller2/2025_ibc_latent/outputs/glm/contrast_maps_fsLR/sub-06/res_task-WedgeClock_space-fsLR_dir-ffx
      Z-map dir: /ptmp/hmueller2/2025_ibc_latent/outputs/glm/contrast_maps_fsLR/sub-06/res_task-WedgeClock_space-fsLR_dir-ffx/z_score_maps
      Z-map dir exists: True
      Glob pattern for z-maps: /ptmp/hmueller2/2025_ibc_latent/outputs/glm/contrast_maps_fsLR/sub-06/res_task-WedgeClock_space-fsLR_dir-ffx/z_score_maps/*.dscalar.nii
      Found 8 z-maps
  ! Workbench smoothing failed for HcpWm/2back-0back, using unsmoothed map: Missing required file(s) for Workbench smoothing: ['/home/hmueller2/workbench/bin_linux64/wb_command']
  ✓ Loaded: HcpWm/2back-0back
  ! Workbench smoothing failed for ItemRecognition/encode5-encode1, using unsmoothed map: Missing required file(s) for Workbench smoothing: ['/home/hmueller2/workbench/bin_linux64/wb_command']
  ✓ Loaded: ItemRecognition/encode5-encode1
  - Not available: MDTB/2back_hard-easy
  - Not available: MDTB/search_hard-easy
  - Not available: MDTB/semantic_hard-easy
  - Not available: MDTB/finger_complex-simple
  - Not available: GoodBadUgly/dot_hard-easy
  ! Workbench smoothing failed for Stroop/incongruent-congruent, using unsmoothed map: Missing required file(s) for Workbench smoothing: ['/home/hmueller2/workbench/bin_linux64/wb_command']
  ✓ Loaded: Stroop/incongruent-congruent
  ! Workbench smoothing failed for Catell/hard-easy, using unsmoothed map: Missing required file(s) for Workbench smoothing: ['/home/hmueller2/workbench/bin_linux64/wb_command']
  ✓ Loaded: Catell/hard-easy

Applied Workbench CIFTI smoothing to input contrasts (FWHM=4.0mm)

Combined 4 MD contrasts
Mean z-score: -0.009 ± 0.591
Max z-score: 3.179

Threshold: z > 2.3
Suprathreshold vertices: 18 (0.0%)

✓ Saved mean MD map: /ptmp/hmueller2/2025_ibc_latent/outputs/md_system/vertex_wise/sub-06/sub-06_MD_mean.dscalar.nii
✓ Saved thresholded MD map: /ptmp/hmueller2/2025_ibc_latent/outputs/md_system/vertex_wise/sub-06/sub-06_MD_mean_thresh_2.3.dscalar.nii
✓ Saved std MD map: /ptmp/hmueller2/2025_ibc_latent/outputs/md_system/vertex_wise/sub-06/sub-06_MD_std.dscalar.nii
✓ Saved contrast info: /ptmp/hmueller2/2025_ibc_latent/outputs/md_system/vertex_wise/sub-06/sub-06_MD_contrasts.txt

============================================================
Processing subject 07
============================================================
  Looking for contrasts in: /ptmp/hmueller2/2025_ibc_latent/outputs/glm/contrast_maps_fsLR/sub-07
  Subject directory contents (79 items): ['res_task-ArchiEmotional_space-fsLR_dir-ffx', 'res_task-ArchiSocial_space-fsLR_dir-ffx', 'res_task-ArchiSpatial_space-fsLR_dir-ffx', 'res_task-ArchiStandard_space-fsLR_dir-ffx', 'res_task-Attention_space-fsLR_dir-ffx', 'res_task-Audi_space-fsLR_dir-ffx', 'res_task-BiologicalMotion1_space-fsLR_dir-ffx', 'res_task-BiologicalMotion2_space-fsLR_dir-ffx', 'res_task-BreathHolding_space-fsLR_dir-ffx', 'res_task-Catell_space-fsLR_dir-ffx', 'res_task-Checkerboard_space-fsLR_dir-ffx', 'res_task-ColumbiaCards_space-fsLR_dir-ffx', 'res_task-Discount_space-fsLR_dir-ffx', 'res_task-DotPatterns_space-fsLR_dir-ffx', 'res_task-EmoMem_space-fsLR_dir-ffx', 'res_task-EmoReco_space-fsLR_dir-ffx', 'res_task-EmotionalPain_space-fsLR_dir-ffx', 'res_task-Enumeration_space-fsLR_dir-ffx', 'res_task-FingerTap_space-fsLR_dir-ffx', 'res_task-HcpEmotion_space-fsLR_dir-ffx', 'res_task-HcpGambling_space-fsLR_dir-ffx', 'res_task-HcpLanguage_space-fsLR_dir-ffx', 'res_task-HcpMotor_space-fsLR_dir-ffx', 'res_task-HcpRelational_space-fsLR_dir-ffx', 'res_task-HcpSocial_space-fsLR_dir-ffx', 'res_task-HcpWm_space-fsLR_dir-ffx', 'res_task-ItemRecognition_space-fsLR_dir-ffx', 'res_task-Lec1_space-fsLR_dir-ffx', 'res_task-Lec2_space-fsLR_dir-ffx', 'res_task-MCSE_space-fsLR_dir-ffx', 'res_task-MTTNS_space-fsLR_dir-ffx', 'res_task-MTTWE_space-fsLR_dir-ffx', 'res_task-MVEB_space-fsLR_dir-ffx', 'res_task-MVIS_space-fsLR_dir-ffx', 'res_task-MathLanguage_space-fsLR_dir-ffx', 'res_task-Moto_space-fsLR_dir-ffx', 'res_task-PainMovie_space-fsLR_dir-ffx', 'res_task-PreferenceFaces_space-fsLR_dir-ffx', 'res_task-PreferenceFood_space-fsLR_dir-ffx', 'res_task-PreferenceHouses_space-fsLR_dir-ffx', 'res_task-PreferencePaintings_space-fsLR_dir-ffx', 'res_task-RSVPLanguage_space-fsLR_dir-ffx', 'res_task-SelectiveStopSignal_space-fsLR_dir-ffx', 'res_task-Self_space-fsLR_dir-ffx', 'res_task-SpatialNavigation_space-fsLR_dir-ffx', 'res_task-StopNogo_space-fsLR_dir-ffx', 'res_task-StopSignal_space-fsLR_dir-ffx', 'res_task-Stroop_space-fsLR_dir-ffx', 'res_task-TheoryOfMind_space-fsLR_dir-ffx', 'res_task-TwoByTwo_space-fsLR_dir-ffx', 'res_task-VSTMC_space-fsLR_dir-ffx', 'res_task-VSTM_space-fsLR_dir-ffx', 'res_task-Visu_space-fsLR_dir-ffx', 'res_task-WardAndAllport_space-fsLR_dir-ffx', 'res_task-WedgeAnti_space-fsLR_dir-ffx', 'res_task-WedgeClock_space-fsLR_dir-ffx', 'ses-00', 'ses-01', 'ses-02', 'ses-03', 'ses-04', 'ses-08', 'ses-11', 'ses-12', 'ses-15', 'ses-16', 'ses-17', 'ses-18', 'ses-19', 'ses-23', 'ses-24', 'ses-25', 'ses-26', 'ses-29', 'ses-30', 'ses-31', 'ses-35', 'ses-36', 'ses-37']
  Glob pattern: /ptmp/hmueller2/2025_ibc_latent/outputs/glm/contrast_maps_fsLR/sub-07/res_task-*_space-fsLR_dir-ffx
  Found 56 task directories: ['/ptmp/hmueller2/2025_ibc_latent/outputs/glm/contrast_maps_fsLR/sub-07/res_task-ArchiEmotional_space-fsLR_dir-ffx', '/ptmp/hmueller2/2025_ibc_latent/outputs/glm/contrast_maps_fsLR/sub-07/res_task-ArchiSocial_space-fsLR_dir-ffx', '/ptmp/hmueller2/2025_ibc_latent/outputs/glm/contrast_maps_fsLR/sub-07/res_task-ArchiSpatial_space-fsLR_dir-ffx', '/ptmp/hmueller2/2025_ibc_latent/outputs/glm/contrast_maps_fsLR/sub-07/res_task-ArchiStandard_space-fsLR_dir-ffx', '/ptmp/hmueller2/2025_ibc_latent/outputs/glm/contrast_maps_fsLR/sub-07/res_task-Attention_space-fsLR_dir-ffx', '/ptmp/hmueller2/2025_ibc_latent/outputs/glm/contrast_maps_fsLR/sub-07/res_task-Audi_space-fsLR_dir-ffx', '/ptmp/hmueller2/2025_ibc_latent/outputs/glm/contrast_maps_fsLR/sub-07/res_task-BiologicalMotion1_space-fsLR_dir-ffx', '/ptmp/hmueller2/2025_ibc_latent/outputs/glm/contrast_maps_fsLR/sub-07/res_task-BiologicalMotion2_space-fsLR_dir-ffx', '/ptmp/hmueller2/2025_ibc_latent/outputs/glm/contrast_maps_fsLR/sub-07/res_task-BreathHolding_space-fsLR_dir-ffx', '/ptmp/hmueller2/2025_ibc_latent/outputs/glm/contrast_maps_fsLR/sub-07/res_task-Catell_space-fsLR_dir-ffx', '/ptmp/hmueller2/2025_ibc_latent/outputs/glm/contrast_maps_fsLR/sub-07/res_task-Checkerboard_space-fsLR_dir-ffx', '/ptmp/hmueller2/2025_ibc_latent/outputs/glm/contrast_maps_fsLR/sub-07/res_task-ColumbiaCards_space-fsLR_dir-ffx', '/ptmp/hmueller2/2025_ibc_latent/outputs/glm/contrast_maps_fsLR/sub-07/res_task-Discount_space-fsLR_dir-ffx', '/ptmp/hmueller2/2025_ibc_latent/outputs/glm/contrast_maps_fsLR/sub-07/res_task-DotPatterns_space-fsLR_dir-ffx', '/ptmp/hmueller2/2025_ibc_latent/outputs/glm/contrast_maps_fsLR/sub-07/res_task-EmoMem_space-fsLR_dir-ffx', '/ptmp/hmueller2/2025_ibc_latent/outputs/glm/contrast_maps_fsLR/sub-07/res_task-EmoReco_space-fsLR_dir-ffx', '/ptmp/hmueller2/2025_ibc_latent/outputs/glm/contrast_maps_fsLR/sub-07/res_task-EmotionalPain_space-fsLR_dir-ffx', '/ptmp/hmueller2/2025_ibc_latent/outputs/glm/contrast_maps_fsLR/sub-07/res_task-Enumeration_space-fsLR_dir-ffx', '/ptmp/hmueller2/2025_ibc_latent/outputs/glm/contrast_maps_fsLR/sub-07/res_task-FingerTap_space-fsLR_dir-ffx', '/ptmp/hmueller2/2025_ibc_latent/outputs/glm/contrast_maps_fsLR/sub-07/res_task-HcpEmotion_space-fsLR_dir-ffx', '/ptmp/hmueller2/2025_ibc_latent/outputs/glm/contrast_maps_fsLR/sub-07/res_task-HcpGambling_space-fsLR_dir-ffx', '/ptmp/hmueller2/2025_ibc_latent/outputs/glm/contrast_maps_fsLR/sub-07/res_task-HcpLanguage_space-fsLR_dir-ffx', '/ptmp/hmueller2/2025_ibc_latent/outputs/glm/contrast_maps_fsLR/sub-07/res_task-HcpMotor_space-fsLR_dir-ffx', '/ptmp/hmueller2/2025_ibc_latent/outputs/glm/contrast_maps_fsLR/sub-07/res_task-HcpRelational_space-fsLR_dir-ffx', '/ptmp/hmueller2/2025_ibc_latent/outputs/glm/contrast_maps_fsLR/sub-07/res_task-HcpSocial_space-fsLR_dir-ffx', '/ptmp/hmueller2/2025_ibc_latent/outputs/glm/contrast_maps_fsLR/sub-07/res_task-HcpWm_space-fsLR_dir-ffx', '/ptmp/hmueller2/2025_ibc_latent/outputs/glm/contrast_maps_fsLR/sub-07/res_task-ItemRecognition_space-fsLR_dir-ffx', '/ptmp/hmueller2/2025_ibc_latent/outputs/glm/contrast_maps_fsLR/sub-07/res_task-Lec1_space-fsLR_dir-ffx', '/ptmp/hmueller2/2025_ibc_latent/outputs/glm/contrast_maps_fsLR/sub-07/res_task-Lec2_space-fsLR_dir-ffx', '/ptmp/hmueller2/2025_ibc_latent/outputs/glm/contrast_maps_fsLR/sub-07/res_task-MCSE_space-fsLR_dir-ffx', '/ptmp/hmueller2/2025_ibc_latent/outputs/glm/contrast_maps_fsLR/sub-07/res_task-MTTNS_space-fsLR_dir-ffx', '/ptmp/hmueller2/2025_ibc_latent/outputs/glm/contrast_maps_fsLR/sub-07/res_task-MTTWE_space-fsLR_dir-ffx', '/ptmp/hmueller2/2025_ibc_latent/outputs/glm/contrast_maps_fsLR/sub-07/res_task-MVEB_space-fsLR_dir-ffx', '/ptmp/hmueller2/2025_ibc_latent/outputs/glm/contrast_maps_fsLR/sub-07/res_task-MVIS_space-fsLR_dir-ffx', '/ptmp/hmueller2/2025_ibc_latent/outputs/glm/contrast_maps_fsLR/sub-07/res_task-MathLanguage_space-fsLR_dir-ffx', '/ptmp/hmueller2/2025_ibc_latent/outputs/glm/contrast_maps_fsLR/sub-07/res_task-Moto_space-fsLR_dir-ffx', '/ptmp/hmueller2/2025_ibc_latent/outputs/glm/contrast_maps_fsLR/sub-07/res_task-PainMovie_space-fsLR_dir-ffx', '/ptmp/hmueller2/2025_ibc_latent/outputs/glm/contrast_maps_fsLR/sub-07/res_task-PreferenceFaces_space-fsLR_dir-ffx', '/ptmp/hmueller2/2025_ibc_latent/outputs/glm/contrast_maps_fsLR/sub-07/res_task-PreferenceFood_space-fsLR_dir-ffx', '/ptmp/hmueller2/2025_ibc_latent/outputs/glm/contrast_maps_fsLR/sub-07/res_task-PreferenceHouses_space-fsLR_dir-ffx', '/ptmp/hmueller2/2025_ibc_latent/outputs/glm/contrast_maps_fsLR/sub-07/res_task-PreferencePaintings_space-fsLR_dir-ffx', '/ptmp/hmueller2/2025_ibc_latent/outputs/glm/contrast_maps_fsLR/sub-07/res_task-RSVPLanguage_space-fsLR_dir-ffx', '/ptmp/hmueller2/2025_ibc_latent/outputs/glm/contrast_maps_fsLR/sub-07/res_task-SelectiveStopSignal_space-fsLR_dir-ffx', '/ptmp/hmueller2/2025_ibc_latent/outputs/glm/contrast_maps_fsLR/sub-07/res_task-Self_space-fsLR_dir-ffx', '/ptmp/hmueller2/2025_ibc_latent/outputs/glm/contrast_maps_fsLR/sub-07/res_task-SpatialNavigation_space-fsLR_dir-ffx', '/ptmp/hmueller2/2025_ibc_latent/outputs/glm/contrast_maps_fsLR/sub-07/res_task-StopNogo_space-fsLR_dir-ffx', '/ptmp/hmueller2/2025_ibc_latent/outputs/glm/contrast_maps_fsLR/sub-07/res_task-StopSignal_space-fsLR_dir-ffx', '/ptmp/hmueller2/2025_ibc_latent/outputs/glm/contrast_maps_fsLR/sub-07/res_task-Stroop_space-fsLR_dir-ffx', '/ptmp/hmueller2/2025_ibc_latent/outputs/glm/contrast_maps_fsLR/sub-07/res_task-TheoryOfMind_space-fsLR_dir-ffx', '/ptmp/hmueller2/2025_ibc_latent/outputs/glm/contrast_maps_fsLR/sub-07/res_task-TwoByTwo_space-fsLR_dir-ffx', '/ptmp/hmueller2/2025_ibc_latent/outputs/glm/contrast_maps_fsLR/sub-07/res_task-VSTMC_space-fsLR_dir-ffx', '/ptmp/hmueller2/2025_ibc_latent/outputs/glm/contrast_maps_fsLR/sub-07/res_task-VSTM_space-fsLR_dir-ffx', '/ptmp/hmueller2/2025_ibc_latent/outputs/glm/contrast_maps_fsLR/sub-07/res_task-Visu_space-fsLR_dir-ffx', '/ptmp/hmueller2/2025_ibc_latent/outputs/glm/contrast_maps_fsLR/sub-07/res_task-WardAndAllport_space-fsLR_dir-ffx', '/ptmp/hmueller2/2025_ibc_latent/outputs/glm/contrast_maps_fsLR/sub-07/res_task-WedgeAnti_space-fsLR_dir-ffx', '/ptmp/hmueller2/2025_ibc_latent/outputs/glm/contrast_maps_fsLR/sub-07/res_task-WedgeClock_space-fsLR_dir-ffx']
    Processing task 'ArchiEmotional':
      Task dir: /ptmp/hmueller2/2025_ibc_latent/outputs/glm/contrast_maps_fsLR/sub-07/res_task-ArchiEmotional_space-fsLR_dir-ffx
      Z-map dir: /ptmp/hmueller2/2025_ibc_latent/outputs/glm/contrast_maps_fsLR/sub-07/res_task-ArchiEmotional_space-fsLR_dir-ffx/z_score_maps
      Z-map dir exists: True
      Glob pattern for z-maps: /ptmp/hmueller2/2025_ibc_latent/outputs/glm/contrast_maps_fsLR/sub-07/res_task-ArchiEmotional_space-fsLR_dir-ffx/z_score_maps/*.dscalar.nii
      Found 14 z-maps
    Processing task 'ArchiSocial':
      Task dir: /ptmp/hmueller2/2025_ibc_latent/outputs/glm/contrast_maps_fsLR/sub-07/res_task-ArchiSocial_space-fsLR_dir-ffx
      Z-map dir: /ptmp/hmueller2/2025_ibc_latent/outputs/glm/contrast_maps_fsLR/sub-07/res_task-ArchiSocial_space-fsLR_dir-ffx/z_score_maps
      Z-map dir exists: True
      Glob pattern for z-maps: /ptmp/hmueller2/2025_ibc_latent/outputs/glm/contrast_maps_fsLR/sub-07/res_task-ArchiSocial_space-fsLR_dir-ffx/z_score_maps/*.dscalar.nii
      Found 13 z-maps
    Processing task 'ArchiSpatial':
      Task dir: /ptmp/hmueller2/2025_ibc_latent/outputs/glm/contrast_maps_fsLR/sub-07/res_task-ArchiSpatial_space-fsLR_dir-ffx
      Z-map dir: /ptmp/hmueller2/2025_ibc_latent/outputs/glm/contrast_maps_fsLR/sub-07/res_task-ArchiSpatial_space-fsLR_dir-ffx/z_score_maps
      Z-map dir exists: True
      Glob pattern for z-maps: /ptmp/hmueller2/2025_ibc_latent/outputs/glm/contrast_maps_fsLR/sub-07/res_task-ArchiSpatial_space-fsLR_dir-ffx/z_score_maps/*.dscalar.nii
      Found 7 z-maps
    Processing task 'ArchiStandard':
      Task dir: /ptmp/hmueller2/2025_ibc_latent/outputs/glm/contrast_maps_fsLR/sub-07/res_task-ArchiStandard_space-fsLR_dir-ffx
      Z-map dir: /ptmp/hmueller2/2025_ibc_latent/outputs/glm/contrast_maps_fsLR/sub-07/res_task-ArchiStandard_space-fsLR_dir-ffx/z_score_maps
      Z-map dir exists: True
      Glob pattern for z-maps: /ptmp/hmueller2/2025_ibc_latent/outputs/glm/contrast_maps_fsLR/sub-07/res_task-ArchiStandard_space-fsLR_dir-ffx/z_score_maps/*.dscalar.nii
      Found 23 z-maps
    Processing task 'Attention':
      Task dir: /ptmp/hmueller2/2025_ibc_latent/outputs/glm/contrast_maps_fsLR/sub-07/res_task-Attention_space-fsLR_dir-ffx
      Z-map dir: /ptmp/hmueller2/2025_ibc_latent/outputs/glm/contrast_maps_fsLR/sub-07/res_task-Attention_space-fsLR_dir-ffx/z_score_maps
      Z-map dir exists: True
      Glob pattern for z-maps: /ptmp/hmueller2/2025_ibc_latent/outputs/glm/contrast_maps_fsLR/sub-07/res_task-Attention_space-fsLR_dir-ffx/z_score_maps/*.dscalar.nii
      Found 10 z-maps
    Processing task 'Audi':
      Task dir: /ptmp/hmueller2/2025_ibc_latent/outputs/glm/contrast_maps_fsLR/sub-07/res_task-Audi_space-fsLR_dir-ffx
      Z-map dir: /ptmp/hmueller2/2025_ibc_latent/outputs/glm/contrast_maps_fsLR/sub-07/res_task-Audi_space-fsLR_dir-ffx/z_score_maps
      Z-map dir exists: True
      Glob pattern for z-maps: /ptmp/hmueller2/2025_ibc_latent/outputs/glm/contrast_maps_fsLR/sub-07/res_task-Audi_space-fsLR_dir-ffx/z_score_maps/*.dscalar.nii
      Found 25 z-maps
    Processing task 'BiologicalMotion1':
      Task dir: /ptmp/hmueller2/2025_ibc_latent/outputs/glm/contrast_maps_fsLR/sub-07/res_task-BiologicalMotion1_space-fsLR_dir-ffx
      Z-map dir: /ptmp/hmueller2/2025_ibc_latent/outputs/glm/contrast_maps_fsLR/sub-07/res_task-BiologicalMotion1_space-fsLR_dir-ffx/z_score_maps
      Z-map dir exists: True
      Glob pattern for z-maps: /ptmp/hmueller2/2025_ibc_latent/outputs/glm/contrast_maps_fsLR/sub-07/res_task-BiologicalMotion1_space-fsLR_dir-ffx/z_score_maps/*.dscalar.nii
      Found 10 z-maps
    Processing task 'BiologicalMotion2':
      Task dir: /ptmp/hmueller2/2025_ibc_latent/outputs/glm/contrast_maps_fsLR/sub-07/res_task-BiologicalMotion2_space-fsLR_dir-ffx
      Z-map dir: /ptmp/hmueller2/2025_ibc_latent/outputs/glm/contrast_maps_fsLR/sub-07/res_task-BiologicalMotion2_space-fsLR_dir-ffx/z_score_maps
      Z-map dir exists: True
      Glob pattern for z-maps: /ptmp/hmueller2/2025_ibc_latent/outputs/glm/contrast_maps_fsLR/sub-07/res_task-BiologicalMotion2_space-fsLR_dir-ffx/z_score_maps/*.dscalar.nii
      Found 10 z-maps
    Processing task 'BreathHolding':
      Task dir: /ptmp/hmueller2/2025_ibc_latent/outputs/glm/contrast_maps_fsLR/sub-07/res_task-BreathHolding_space-fsLR_dir-ffx
      Z-map dir: /ptmp/hmueller2/2025_ibc_latent/outputs/glm/contrast_maps_fsLR/sub-07/res_task-BreathHolding_space-fsLR_dir-ffx/z_score_maps
      Z-map dir exists: True
      Glob pattern for z-maps: /ptmp/hmueller2/2025_ibc_latent/outputs/glm/contrast_maps_fsLR/sub-07/res_task-BreathHolding_space-fsLR_dir-ffx/z_score_maps/*.dscalar.nii
      Found 4 z-maps
    Processing task 'Catell':
      Task dir: /ptmp/hmueller2/2025_ibc_latent/outputs/glm/contrast_maps_fsLR/sub-07/res_task-Catell_space-fsLR_dir-ffx
      Z-map dir: /ptmp/hmueller2/2025_ibc_latent/outputs/glm/contrast_maps_fsLR/sub-07/res_task-Catell_space-fsLR_dir-ffx/z_score_maps
      Z-map dir exists: True
      Glob pattern for z-maps: /ptmp/hmueller2/2025_ibc_latent/outputs/glm/contrast_maps_fsLR/sub-07/res_task-Catell_space-fsLR_dir-ffx/z_score_maps/*.dscalar.nii
      Found 3 z-maps
    Processing task 'Checkerboard':
      Task dir: /ptmp/hmueller2/2025_ibc_latent/outputs/glm/contrast_maps_fsLR/sub-07/res_task-Checkerboard_space-fsLR_dir-ffx
      Z-map dir: /ptmp/hmueller2/2025_ibc_latent/outputs/glm/contrast_maps_fsLR/sub-07/res_task-Checkerboard_space-fsLR_dir-ffx/z_score_maps
      Z-map dir exists: True
      Glob pattern for z-maps: /ptmp/hmueller2/2025_ibc_latent/outputs/glm/contrast_maps_fsLR/sub-07/res_task-Checkerboard_space-fsLR_dir-ffx/z_score_maps/*.dscalar.nii
      Found 3 z-maps
    Processing task 'ColumbiaCards':
      Task dir: /ptmp/hmueller2/2025_ibc_latent/outputs/glm/contrast_maps_fsLR/sub-07/res_task-ColumbiaCards_space-fsLR_dir-ffx
      Z-map dir: /ptmp/hmueller2/2025_ibc_latent/outputs/glm/contrast_maps_fsLR/sub-07/res_task-ColumbiaCards_space-fsLR_dir-ffx/z_score_maps
      Z-map dir exists: True
      Glob pattern for z-maps: /ptmp/hmueller2/2025_ibc_latent/outputs/glm/contrast_maps_fsLR/sub-07/res_task-ColumbiaCards_space-fsLR_dir-ffx/z_score_maps/*.dscalar.nii
      Found 3 z-maps
    Processing task 'Discount':
      Task dir: /ptmp/hmueller2/2025_ibc_latent/outputs/glm/contrast_maps_fsLR/sub-07/res_task-Discount_space-fsLR_dir-ffx
      Z-map dir: /ptmp/hmueller2/2025_ibc_latent/outputs/glm/contrast_maps_fsLR/sub-07/res_task-Discount_space-fsLR_dir-ffx/z_score_maps
      Z-map dir exists: True
      Glob pattern for z-maps: /ptmp/hmueller2/2025_ibc_latent/outputs/glm/contrast_maps_fsLR/sub-07/res_task-Discount_space-fsLR_dir-ffx/z_score_maps/*.dscalar.nii
      Found 2 z-maps
    Processing task 'DotPatterns':
      Task dir: /ptmp/hmueller2/2025_ibc_latent/outputs/glm/contrast_maps_fsLR/sub-07/res_task-DotPatterns_space-fsLR_dir-ffx
      Z-map dir: /ptmp/hmueller2/2025_ibc_latent/outputs/glm/contrast_maps_fsLR/sub-07/res_task-DotPatterns_space-fsLR_dir-ffx/z_score_maps
      Z-map dir exists: True
      Glob pattern for z-maps: /ptmp/hmueller2/2025_ibc_latent/outputs/glm/contrast_maps_fsLR/sub-07/res_task-DotPatterns_space-fsLR_dir-ffx/z_score_maps/*.dscalar.nii
      Found 11 z-maps
    Processing task 'EmoMem':
      Task dir: /ptmp/hmueller2/2025_ibc_latent/outputs/glm/contrast_maps_fsLR/sub-07/res_task-EmoMem_space-fsLR_dir-ffx
      Z-map dir: /ptmp/hmueller2/2025_ibc_latent/outputs/glm/contrast_maps_fsLR/sub-07/res_task-EmoMem_space-fsLR_dir-ffx/z_score_maps
      Z-map dir exists: True
      Glob pattern for z-maps: /ptmp/hmueller2/2025_ibc_latent/outputs/glm/contrast_maps_fsLR/sub-07/res_task-EmoMem_space-fsLR_dir-ffx/z_score_maps/*.dscalar.nii
      Found 6 z-maps
    Processing task 'EmoReco':
      Task dir: /ptmp/hmueller2/2025_ibc_latent/outputs/glm/contrast_maps_fsLR/sub-07/res_task-EmoReco_space-fsLR_dir-ffx
      Z-map dir: /ptmp/hmueller2/2025_ibc_latent/outputs/glm/contrast_maps_fsLR/sub-07/res_task-EmoReco_space-fsLR_dir-ffx/z_score_maps
      Z-map dir exists: True
      Glob pattern for z-maps: /ptmp/hmueller2/2025_ibc_latent/outputs/glm/contrast_maps_fsLR/sub-07/res_task-EmoReco_space-fsLR_dir-ffx/z_score_maps/*.dscalar.nii
      Found 10 z-maps
    Processing task 'EmotionalPain':
      Task dir: /ptmp/hmueller2/2025_ibc_latent/outputs/glm/contrast_maps_fsLR/sub-07/res_task-EmotionalPain_space-fsLR_dir-ffx
      Z-map dir: /ptmp/hmueller2/2025_ibc_latent/outputs/glm/contrast_maps_fsLR/sub-07/res_task-EmotionalPain_space-fsLR_dir-ffx/z_score_maps
      Z-map dir exists: True
      Glob pattern for z-maps: /ptmp/hmueller2/2025_ibc_latent/outputs/glm/contrast_maps_fsLR/sub-07/res_task-EmotionalPain_space-fsLR_dir-ffx/z_score_maps/*.dscalar.nii
      Found 3 z-maps
    Processing task 'Enumeration':
      Task dir: /ptmp/hmueller2/2025_ibc_latent/outputs/glm/contrast_maps_fsLR/sub-07/res_task-Enumeration_space-fsLR_dir-ffx
      Z-map dir: /ptmp/hmueller2/2025_ibc_latent/outputs/glm/contrast_maps_fsLR/sub-07/res_task-Enumeration_space-fsLR_dir-ffx/z_score_maps
      Z-map dir exists: True
      Glob pattern for z-maps: /ptmp/hmueller2/2025_ibc_latent/outputs/glm/contrast_maps_fsLR/sub-07/res_task-Enumeration_space-fsLR_dir-ffx/z_score_maps/*.dscalar.nii
      Found 3 z-maps
    Processing task 'FingerTap':
      Task dir: /ptmp/hmueller2/2025_ibc_latent/outputs/glm/contrast_maps_fsLR/sub-07/res_task-FingerTap_space-fsLR_dir-ffx
      Z-map dir: /ptmp/hmueller2/2025_ibc_latent/outputs/glm/contrast_maps_fsLR/sub-07/res_task-FingerTap_space-fsLR_dir-ffx/z_score_maps
      Z-map dir exists: True
      Glob pattern for z-maps: /ptmp/hmueller2/2025_ibc_latent/outputs/glm/contrast_maps_fsLR/sub-07/res_task-FingerTap_space-fsLR_dir-ffx/z_score_maps/*.dscalar.nii
      Found 3 z-maps
    Processing task 'HcpEmotion':
      Task dir: /ptmp/hmueller2/2025_ibc_latent/outputs/glm/contrast_maps_fsLR/sub-07/res_task-HcpEmotion_space-fsLR_dir-ffx
      Z-map dir: /ptmp/hmueller2/2025_ibc_latent/outputs/glm/contrast_maps_fsLR/sub-07/res_task-HcpEmotion_space-fsLR_dir-ffx/z_score_maps
      Z-map dir exists: True
      Glob pattern for z-maps: /ptmp/hmueller2/2025_ibc_latent/outputs/glm/contrast_maps_fsLR/sub-07/res_task-HcpEmotion_space-fsLR_dir-ffx/z_score_maps/*.dscalar.nii
      Found 4 z-maps
    Processing task 'HcpGambling':
      Task dir: /ptmp/hmueller2/2025_ibc_latent/outputs/glm/contrast_maps_fsLR/sub-07/res_task-HcpGambling_space-fsLR_dir-ffx
      Z-map dir: /ptmp/hmueller2/2025_ibc_latent/outputs/glm/contrast_maps_fsLR/sub-07/res_task-HcpGambling_space-fsLR_dir-ffx/z_score_maps
      Z-map dir exists: True
      Glob pattern for z-maps: /ptmp/hmueller2/2025_ibc_latent/outputs/glm/contrast_maps_fsLR/sub-07/res_task-HcpGambling_space-fsLR_dir-ffx/z_score_maps/*.dscalar.nii
      Found 4 z-maps
    Processing task 'HcpLanguage':
      Task dir: /ptmp/hmueller2/2025_ibc_latent/outputs/glm/contrast_maps_fsLR/sub-07/res_task-HcpLanguage_space-fsLR_dir-ffx
      Z-map dir: /ptmp/hmueller2/2025_ibc_latent/outputs/glm/contrast_maps_fsLR/sub-07/res_task-HcpLanguage_space-fsLR_dir-ffx/z_score_maps
      Z-map dir exists: True
      Glob pattern for z-maps: /ptmp/hmueller2/2025_ibc_latent/outputs/glm/contrast_maps_fsLR/sub-07/res_task-HcpLanguage_space-fsLR_dir-ffx/z_score_maps/*.dscalar.nii
      Found 4 z-maps
    Processing task 'HcpMotor':
      Task dir: /ptmp/hmueller2/2025_ibc_latent/outputs/glm/contrast_maps_fsLR/sub-07/res_task-HcpMotor_space-fsLR_dir-ffx
      Z-map dir: /ptmp/hmueller2/2025_ibc_latent/outputs/glm/contrast_maps_fsLR/sub-07/res_task-HcpMotor_space-fsLR_dir-ffx/z_score_maps
      Z-map dir exists: True
      Glob pattern for z-maps: /ptmp/hmueller2/2025_ibc_latent/outputs/glm/contrast_maps_fsLR/sub-07/res_task-HcpMotor_space-fsLR_dir-ffx/z_score_maps/*.dscalar.nii
      Found 11 z-maps
    Processing task 'HcpRelational':
      Task dir: /ptmp/hmueller2/2025_ibc_latent/outputs/glm/contrast_maps_fsLR/sub-07/res_task-HcpRelational_space-fsLR_dir-ffx
      Z-map dir: /ptmp/hmueller2/2025_ibc_latent/outputs/glm/contrast_maps_fsLR/sub-07/res_task-HcpRelational_space-fsLR_dir-ffx/z_score_maps
      Z-map dir exists: True
      Glob pattern for z-maps: /ptmp/hmueller2/2025_ibc_latent/outputs/glm/contrast_maps_fsLR/sub-07/res_task-HcpRelational_space-fsLR_dir-ffx/z_score_maps/*.dscalar.nii
      Found 3 z-maps
    Processing task 'HcpSocial':
      Task dir: /ptmp/hmueller2/2025_ibc_latent/outputs/glm/contrast_maps_fsLR/sub-07/res_task-HcpSocial_space-fsLR_dir-ffx
      Z-map dir: /ptmp/hmueller2/2025_ibc_latent/outputs/glm/contrast_maps_fsLR/sub-07/res_task-HcpSocial_space-fsLR_dir-ffx/z_score_maps
      Z-map dir exists: True
      Glob pattern for z-maps: /ptmp/hmueller2/2025_ibc_latent/outputs/glm/contrast_maps_fsLR/sub-07/res_task-HcpSocial_space-fsLR_dir-ffx/z_score_maps/*.dscalar.nii
      Found 3 z-maps
    Processing task 'HcpWm':
      Task dir: /ptmp/hmueller2/2025_ibc_latent/outputs/glm/contrast_maps_fsLR/sub-07/res_task-HcpWm_space-fsLR_dir-ffx
      Z-map dir: /ptmp/hmueller2/2025_ibc_latent/outputs/glm/contrast_maps_fsLR/sub-07/res_task-HcpWm_space-fsLR_dir-ffx/z_score_maps
      Z-map dir exists: True
      Glob pattern for z-maps: /ptmp/hmueller2/2025_ibc_latent/outputs/glm/contrast_maps_fsLR/sub-07/res_task-HcpWm_space-fsLR_dir-ffx/z_score_maps/*.dscalar.nii
      Found 14 z-maps
    Processing task 'ItemRecognition':
      Task dir: /ptmp/hmueller2/2025_ibc_latent/outputs/glm/contrast_maps_fsLR/sub-07/res_task-ItemRecognition_space-fsLR_dir-ffx
      Z-map dir: /ptmp/hmueller2/2025_ibc_latent/outputs/glm/contrast_maps_fsLR/sub-07/res_task-ItemRecognition_space-fsLR_dir-ffx/z_score_maps
      Z-map dir exists: True
      Glob pattern for z-maps: /ptmp/hmueller2/2025_ibc_latent/outputs/glm/contrast_maps_fsLR/sub-07/res_task-ItemRecognition_space-fsLR_dir-ffx/z_score_maps/*.dscalar.nii
      Found 17 z-maps
    Processing task 'Lec1':
      Task dir: /ptmp/hmueller2/2025_ibc_latent/outputs/glm/contrast_maps_fsLR/sub-07/res_task-Lec1_space-fsLR_dir-ffx
      Z-map dir: /ptmp/hmueller2/2025_ibc_latent/outputs/glm/contrast_maps_fsLR/sub-07/res_task-Lec1_space-fsLR_dir-ffx/z_score_maps
      Z-map dir exists: True
      Glob pattern for z-maps: /ptmp/hmueller2/2025_ibc_latent/outputs/glm/contrast_maps_fsLR/sub-07/res_task-Lec1_space-fsLR_dir-ffx/z_score_maps/*.dscalar.nii
      Found 6 z-maps
    Processing task 'Lec2':
      Task dir: /ptmp/hmueller2/2025_ibc_latent/outputs/glm/contrast_maps_fsLR/sub-07/res_task-Lec2_space-fsLR_dir-ffx
      Z-map dir: /ptmp/hmueller2/2025_ibc_latent/outputs/glm/contrast_maps_fsLR/sub-07/res_task-Lec2_space-fsLR_dir-ffx/z_score_maps
      Z-map dir exists: True
      Glob pattern for z-maps: /ptmp/hmueller2/2025_ibc_latent/outputs/glm/contrast_maps_fsLR/sub-07/res_task-Lec2_space-fsLR_dir-ffx/z_score_maps/*.dscalar.nii
      Found 3 z-maps
    Processing task 'MCSE':
      Task dir: /ptmp/hmueller2/2025_ibc_latent/outputs/glm/contrast_maps_fsLR/sub-07/res_task-MCSE_space-fsLR_dir-ffx
      Z-map dir: /ptmp/hmueller2/2025_ibc_latent/outputs/glm/contrast_maps_fsLR/sub-07/res_task-MCSE_space-fsLR_dir-ffx/z_score_maps
      Z-map dir exists: True
      Glob pattern for z-maps: /ptmp/hmueller2/2025_ibc_latent/outputs/glm/contrast_maps_fsLR/sub-07/res_task-MCSE_space-fsLR_dir-ffx/z_score_maps/*.dscalar.nii
      Found 9 z-maps
    Processing task 'MTTNS':
      Task dir: /ptmp/hmueller2/2025_ibc_latent/outputs/glm/contrast_maps_fsLR/sub-07/res_task-MTTNS_space-fsLR_dir-ffx
      Z-map dir: /ptmp/hmueller2/2025_ibc_latent/outputs/glm/contrast_maps_fsLR/sub-07/res_task-MTTNS_space-fsLR_dir-ffx/z_score_maps
      Z-map dir exists: True
      Glob pattern for z-maps: /ptmp/hmueller2/2025_ibc_latent/outputs/glm/contrast_maps_fsLR/sub-07/res_task-MTTNS_space-fsLR_dir-ffx/z_score_maps/*.dscalar.nii
      Found 19 z-maps
    Processing task 'MTTWE':
      Task dir: /ptmp/hmueller2/2025_ibc_latent/outputs/glm/contrast_maps_fsLR/sub-07/res_task-MTTWE_space-fsLR_dir-ffx
      Z-map dir: /ptmp/hmueller2/2025_ibc_latent/outputs/glm/contrast_maps_fsLR/sub-07/res_task-MTTWE_space-fsLR_dir-ffx/z_score_maps
      Z-map dir exists: True
      Glob pattern for z-maps: /ptmp/hmueller2/2025_ibc_latent/outputs/glm/contrast_maps_fsLR/sub-07/res_task-MTTWE_space-fsLR_dir-ffx/z_score_maps/*.dscalar.nii
      Found 19 z-maps
    Processing task 'MVEB':
      Task dir: /ptmp/hmueller2/2025_ibc_latent/outputs/glm/contrast_maps_fsLR/sub-07/res_task-MVEB_space-fsLR_dir-ffx
      Z-map dir: /ptmp/hmueller2/2025_ibc_latent/outputs/glm/contrast_maps_fsLR/sub-07/res_task-MVEB_space-fsLR_dir-ffx/z_score_maps
      Z-map dir exists: True
      Glob pattern for z-maps: /ptmp/hmueller2/2025_ibc_latent/outputs/glm/contrast_maps_fsLR/sub-07/res_task-MVEB_space-fsLR_dir-ffx/z_score_maps/*.dscalar.nii
      Found 11 z-maps
    Processing task 'MVIS':
      Task dir: /ptmp/hmueller2/2025_ibc_latent/outputs/glm/contrast_maps_fsLR/sub-07/res_task-MVIS_space-fsLR_dir-ffx
      Z-map dir: /ptmp/hmueller2/2025_ibc_latent/outputs/glm/contrast_maps_fsLR/sub-07/res_task-MVIS_space-fsLR_dir-ffx/z_score_maps
      Z-map dir exists: True
      Glob pattern for z-maps: /ptmp/hmueller2/2025_ibc_latent/outputs/glm/contrast_maps_fsLR/sub-07/res_task-MVIS_space-fsLR_dir-ffx/z_score_maps/*.dscalar.nii
      Found 12 z-maps
    Processing task 'MathLanguage':
      Task dir: /ptmp/hmueller2/2025_ibc_latent/outputs/glm/contrast_maps_fsLR/sub-07/res_task-MathLanguage_space-fsLR_dir-ffx
      Z-map dir: /ptmp/hmueller2/2025_ibc_latent/outputs/glm/contrast_maps_fsLR/sub-07/res_task-MathLanguage_space-fsLR_dir-ffx/z_score_maps
      Z-map dir exists: True
      Glob pattern for z-maps: /ptmp/hmueller2/2025_ibc_latent/outputs/glm/contrast_maps_fsLR/sub-07/res_task-MathLanguage_space-fsLR_dir-ffx/z_score_maps/*.dscalar.nii
      Found 30 z-maps
    Processing task 'Moto':
      Task dir: /ptmp/hmueller2/2025_ibc_latent/outputs/glm/contrast_maps_fsLR/sub-07/res_task-Moto_space-fsLR_dir-ffx
      Z-map dir: /ptmp/hmueller2/2025_ibc_latent/outputs/glm/contrast_maps_fsLR/sub-07/res_task-Moto_space-fsLR_dir-ffx/z_score_maps
      Z-map dir exists: True
      Glob pattern for z-maps: /ptmp/hmueller2/2025_ibc_latent/outputs/glm/contrast_maps_fsLR/sub-07/res_task-Moto_space-fsLR_dir-ffx/z_score_maps/*.dscalar.nii
      Found 9 z-maps
    Processing task 'PainMovie':
      Task dir: /ptmp/hmueller2/2025_ibc_latent/outputs/glm/contrast_maps_fsLR/sub-07/res_task-PainMovie_space-fsLR_dir-ffx
      Z-map dir: /ptmp/hmueller2/2025_ibc_latent/outputs/glm/contrast_maps_fsLR/sub-07/res_task-PainMovie_space-fsLR_dir-ffx/z_score_maps
      Z-map dir exists: True
      Glob pattern for z-maps: /ptmp/hmueller2/2025_ibc_latent/outputs/glm/contrast_maps_fsLR/sub-07/res_task-PainMovie_space-fsLR_dir-ffx/z_score_maps/*.dscalar.nii
      Found 3 z-maps
    Processing task 'PreferenceFaces':
      Task dir: /ptmp/hmueller2/2025_ibc_latent/outputs/glm/contrast_maps_fsLR/sub-07/res_task-PreferenceFaces_space-fsLR_dir-ffx
      Z-map dir: /ptmp/hmueller2/2025_ibc_latent/outputs/glm/contrast_maps_fsLR/sub-07/res_task-PreferenceFaces_space-fsLR_dir-ffx/z_score_maps
      Z-map dir exists: True
      Glob pattern for z-maps: /ptmp/hmueller2/2025_ibc_latent/outputs/glm/contrast_maps_fsLR/sub-07/res_task-PreferenceFaces_space-fsLR_dir-ffx/z_score_maps/*.dscalar.nii
      Found 3 z-maps
    Processing task 'PreferenceFood':
      Task dir: /ptmp/hmueller2/2025_ibc_latent/outputs/glm/contrast_maps_fsLR/sub-07/res_task-PreferenceFood_space-fsLR_dir-ffx
      Z-map dir: /ptmp/hmueller2/2025_ibc_latent/outputs/glm/contrast_maps_fsLR/sub-07/res_task-PreferenceFood_space-fsLR_dir-ffx/z_score_maps
      Z-map dir exists: True
      Glob pattern for z-maps: /ptmp/hmueller2/2025_ibc_latent/outputs/glm/contrast_maps_fsLR/sub-07/res_task-PreferenceFood_space-fsLR_dir-ffx/z_score_maps/*.dscalar.nii
      Found 3 z-maps
    Processing task 'PreferenceHouses':
      Task dir: /ptmp/hmueller2/2025_ibc_latent/outputs/glm/contrast_maps_fsLR/sub-07/res_task-PreferenceHouses_space-fsLR_dir-ffx
      Z-map dir: /ptmp/hmueller2/2025_ibc_latent/outputs/glm/contrast_maps_fsLR/sub-07/res_task-PreferenceHouses_space-fsLR_dir-ffx/z_score_maps
      Z-map dir exists: True
      Glob pattern for z-maps: /ptmp/hmueller2/2025_ibc_latent/outputs/glm/contrast_maps_fsLR/sub-07/res_task-PreferenceHouses_space-fsLR_dir-ffx/z_score_maps/*.dscalar.nii
      Found 3 z-maps
    Processing task 'PreferencePaintings':
      Task dir: /ptmp/hmueller2/2025_ibc_latent/outputs/glm/contrast_maps_fsLR/sub-07/res_task-PreferencePaintings_space-fsLR_dir-ffx
      Z-map dir: /ptmp/hmueller2/2025_ibc_latent/outputs/glm/contrast_maps_fsLR/sub-07/res_task-PreferencePaintings_space-fsLR_dir-ffx/z_score_maps
      Z-map dir exists: True
      Glob pattern for z-maps: /ptmp/hmueller2/2025_ibc_latent/outputs/glm/contrast_maps_fsLR/sub-07/res_task-PreferencePaintings_space-fsLR_dir-ffx/z_score_maps/*.dscalar.nii
      Found 3 z-maps
    Processing task 'RSVPLanguage':
      Task dir: /ptmp/hmueller2/2025_ibc_latent/outputs/glm/contrast_maps_fsLR/sub-07/res_task-RSVPLanguage_space-fsLR_dir-ffx
      Z-map dir: /ptmp/hmueller2/2025_ibc_latent/outputs/glm/contrast_maps_fsLR/sub-07/res_task-RSVPLanguage_space-fsLR_dir-ffx/z_score_maps
      Z-map dir exists: True
      Glob pattern for z-maps: /ptmp/hmueller2/2025_ibc_latent/outputs/glm/contrast_maps_fsLR/sub-07/res_task-RSVPLanguage_space-fsLR_dir-ffx/z_score_maps/*.dscalar.nii
      Found 19 z-maps
    Processing task 'SelectiveStopSignal':
      Task dir: /ptmp/hmueller2/2025_ibc_latent/outputs/glm/contrast_maps_fsLR/sub-07/res_task-SelectiveStopSignal_space-fsLR_dir-ffx
      Z-map dir: /ptmp/hmueller2/2025_ibc_latent/outputs/glm/contrast_maps_fsLR/sub-07/res_task-SelectiveStopSignal_space-fsLR_dir-ffx/z_score_maps
      Z-map dir exists: True
      Glob pattern for z-maps: /ptmp/hmueller2/2025_ibc_latent/outputs/glm/contrast_maps_fsLR/sub-07/res_task-SelectiveStopSignal_space-fsLR_dir-ffx/z_score_maps/*.dscalar.nii
      Found 8 z-maps
    Processing task 'Self':
      Task dir: /ptmp/hmueller2/2025_ibc_latent/outputs/glm/contrast_maps_fsLR/sub-07/res_task-Self_space-fsLR_dir-ffx
      Z-map dir: /ptmp/hmueller2/2025_ibc_latent/outputs/glm/contrast_maps_fsLR/sub-07/res_task-Self_space-fsLR_dir-ffx/z_score_maps
      Z-map dir exists: True
      Glob pattern for z-maps: /ptmp/hmueller2/2025_ibc_latent/outputs/glm/contrast_maps_fsLR/sub-07/res_task-Self_space-fsLR_dir-ffx/z_score_maps/*.dscalar.nii
      Found 11 z-maps
    Processing task 'SpatialNavigation':
      Task dir: /ptmp/hmueller2/2025_ibc_latent/outputs/glm/contrast_maps_fsLR/sub-07/res_task-SpatialNavigation_space-fsLR_dir-ffx
      Z-map dir: /ptmp/hmueller2/2025_ibc_latent/outputs/glm/contrast_maps_fsLR/sub-07/res_task-SpatialNavigation_space-fsLR_dir-ffx/z_score_maps
      Z-map dir exists: True
      Glob pattern for z-maps: /ptmp/hmueller2/2025_ibc_latent/outputs/glm/contrast_maps_fsLR/sub-07/res_task-SpatialNavigation_space-fsLR_dir-ffx/z_score_maps/*.dscalar.nii
      Found 9 z-maps
    Processing task 'StopNogo':
      Task dir: /ptmp/hmueller2/2025_ibc_latent/outputs/glm/contrast_maps_fsLR/sub-07/res_task-StopNogo_space-fsLR_dir-ffx
      Z-map dir: /ptmp/hmueller2/2025_ibc_latent/outputs/glm/contrast_maps_fsLR/sub-07/res_task-StopNogo_space-fsLR_dir-ffx/z_score_maps
      Z-map dir exists: True
      Glob pattern for z-maps: /ptmp/hmueller2/2025_ibc_latent/outputs/glm/contrast_maps_fsLR/sub-07/res_task-StopNogo_space-fsLR_dir-ffx/z_score_maps/*.dscalar.nii
      Found 7 z-maps
    Processing task 'StopSignal':
      Task dir: /ptmp/hmueller2/2025_ibc_latent/outputs/glm/contrast_maps_fsLR/sub-07/res_task-StopSignal_space-fsLR_dir-ffx
      Z-map dir: /ptmp/hmueller2/2025_ibc_latent/outputs/glm/contrast_maps_fsLR/sub-07/res_task-StopSignal_space-fsLR_dir-ffx/z_score_maps
      Z-map dir exists: True
      Glob pattern for z-maps: /ptmp/hmueller2/2025_ibc_latent/outputs/glm/contrast_maps_fsLR/sub-07/res_task-StopSignal_space-fsLR_dir-ffx/z_score_maps/*.dscalar.nii
      Found 3 z-maps
    Processing task 'Stroop':
      Task dir: /ptmp/hmueller2/2025_ibc_latent/outputs/glm/contrast_maps_fsLR/sub-07/res_task-Stroop_space-fsLR_dir-ffx
      Z-map dir: /ptmp/hmueller2/2025_ibc_latent/outputs/glm/contrast_maps_fsLR/sub-07/res_task-Stroop_space-fsLR_dir-ffx/z_score_maps
      Z-map dir exists: True
      Glob pattern for z-maps: /ptmp/hmueller2/2025_ibc_latent/outputs/glm/contrast_maps_fsLR/sub-07/res_task-Stroop_space-fsLR_dir-ffx/z_score_maps/*.dscalar.nii
      Found 3 z-maps
    Processing task 'TheoryOfMind':
      Task dir: /ptmp/hmueller2/2025_ibc_latent/outputs/glm/contrast_maps_fsLR/sub-07/res_task-TheoryOfMind_space-fsLR_dir-ffx
      Z-map dir: /ptmp/hmueller2/2025_ibc_latent/outputs/glm/contrast_maps_fsLR/sub-07/res_task-TheoryOfMind_space-fsLR_dir-ffx/z_score_maps
      Z-map dir exists: True
      Glob pattern for z-maps: /ptmp/hmueller2/2025_ibc_latent/outputs/glm/contrast_maps_fsLR/sub-07/res_task-TheoryOfMind_space-fsLR_dir-ffx/z_score_maps/*.dscalar.nii
      Found 3 z-maps
    Processing task 'TwoByTwo':
      Task dir: /ptmp/hmueller2/2025_ibc_latent/outputs/glm/contrast_maps_fsLR/sub-07/res_task-TwoByTwo_space-fsLR_dir-ffx
      Z-map dir: /ptmp/hmueller2/2025_ibc_latent/outputs/glm/contrast_maps_fsLR/sub-07/res_task-TwoByTwo_space-fsLR_dir-ffx/z_score_maps
      Z-map dir exists: True
      Glob pattern for z-maps: /ptmp/hmueller2/2025_ibc_latent/outputs/glm/contrast_maps_fsLR/sub-07/res_task-TwoByTwo_space-fsLR_dir-ffx/z_score_maps/*.dscalar.nii
      Found 10 z-maps
    Processing task 'VSTMC':
      Task dir: /ptmp/hmueller2/2025_ibc_latent/outputs/glm/contrast_maps_fsLR/sub-07/res_task-VSTMC_space-fsLR_dir-ffx
      Z-map dir: /ptmp/hmueller2/2025_ibc_latent/outputs/glm/contrast_maps_fsLR/sub-07/res_task-VSTMC_space-fsLR_dir-ffx/z_score_maps
      Z-map dir exists: True
      Glob pattern for z-maps: /ptmp/hmueller2/2025_ibc_latent/outputs/glm/contrast_maps_fsLR/sub-07/res_task-VSTMC_space-fsLR_dir-ffx/z_score_maps/*.dscalar.nii
      Found 10 z-maps
    Processing task 'VSTM':
      Task dir: /ptmp/hmueller2/2025_ibc_latent/outputs/glm/contrast_maps_fsLR/sub-07/res_task-VSTM_space-fsLR_dir-ffx
      Z-map dir: /ptmp/hmueller2/2025_ibc_latent/outputs/glm/contrast_maps_fsLR/sub-07/res_task-VSTM_space-fsLR_dir-ffx/z_score_maps
      Z-map dir exists: True
      Glob pattern for z-maps: /ptmp/hmueller2/2025_ibc_latent/outputs/glm/contrast_maps_fsLR/sub-07/res_task-VSTM_space-fsLR_dir-ffx/z_score_maps/*.dscalar.nii
      Found 3 z-maps
    Processing task 'Visu':
      Task dir: /ptmp/hmueller2/2025_ibc_latent/outputs/glm/contrast_maps_fsLR/sub-07/res_task-Visu_space-fsLR_dir-ffx
      Z-map dir: /ptmp/hmueller2/2025_ibc_latent/outputs/glm/contrast_maps_fsLR/sub-07/res_task-Visu_space-fsLR_dir-ffx/z_score_maps
      Z-map dir exists: True
      Glob pattern for z-maps: /ptmp/hmueller2/2025_ibc_latent/outputs/glm/contrast_maps_fsLR/sub-07/res_task-Visu_space-fsLR_dir-ffx/z_score_maps/*.dscalar.nii
      Found 16 z-maps
    Processing task 'WardAndAllport':
      Task dir: /ptmp/hmueller2/2025_ibc_latent/outputs/glm/contrast_maps_fsLR/sub-07/res_task-WardAndAllport_space-fsLR_dir-ffx
      Z-map dir: /ptmp/hmueller2/2025_ibc_latent/outputs/glm/contrast_maps_fsLR/sub-07/res_task-WardAndAllport_space-fsLR_dir-ffx/z_score_maps
      Z-map dir exists: True
      Glob pattern for z-maps: /ptmp/hmueller2/2025_ibc_latent/outputs/glm/contrast_maps_fsLR/sub-07/res_task-WardAndAllport_space-fsLR_dir-ffx/z_score_maps/*.dscalar.nii
      Found 10 z-maps
    Processing task 'WedgeAnti':
      Task dir: /ptmp/hmueller2/2025_ibc_latent/outputs/glm/contrast_maps_fsLR/sub-07/res_task-WedgeAnti_space-fsLR_dir-ffx
      Z-map dir: /ptmp/hmueller2/2025_ibc_latent/outputs/glm/contrast_maps_fsLR/sub-07/res_task-WedgeAnti_space-fsLR_dir-ffx/z_score_maps
      Z-map dir exists: True
      Glob pattern for z-maps: /ptmp/hmueller2/2025_ibc_latent/outputs/glm/contrast_maps_fsLR/sub-07/res_task-WedgeAnti_space-fsLR_dir-ffx/z_score_maps/*.dscalar.nii
      Found 8 z-maps
    Processing task 'WedgeClock':
      Task dir: /ptmp/hmueller2/2025_ibc_latent/outputs/glm/contrast_maps_fsLR/sub-07/res_task-WedgeClock_space-fsLR_dir-ffx
      Z-map dir: /ptmp/hmueller2/2025_ibc_latent/outputs/glm/contrast_maps_fsLR/sub-07/res_task-WedgeClock_space-fsLR_dir-ffx/z_score_maps
      Z-map dir exists: True
      Glob pattern for z-maps: /ptmp/hmueller2/2025_ibc_latent/outputs/glm/contrast_maps_fsLR/sub-07/res_task-WedgeClock_space-fsLR_dir-ffx/z_score_maps/*.dscalar.nii
      Found 8 z-maps
  ! Workbench smoothing failed for HcpWm/2back-0back, using unsmoothed map: Missing required file(s) for Workbench smoothing: ['/home/hmueller2/workbench/bin_linux64/wb_command']
  ✓ Loaded: HcpWm/2back-0back
  ! Workbench smoothing failed for ItemRecognition/encode5-encode1, using unsmoothed map: Missing required file(s) for Workbench smoothing: ['/home/hmueller2/workbench/bin_linux64/wb_command']
  ✓ Loaded: ItemRecognition/encode5-encode1
  - Not available: MDTB/2back_hard-easy
  - Not available: MDTB/search_hard-easy
  - Not available: MDTB/semantic_hard-easy
  - Not available: MDTB/finger_complex-simple
  - Not available: GoodBadUgly/dot_hard-easy
  ! Workbench smoothing failed for Stroop/incongruent-congruent, using unsmoothed map: Missing required file(s) for Workbench smoothing: ['/home/hmueller2/workbench/bin_linux64/wb_command']
  ✓ Loaded: Stroop/incongruent-congruent
  ! Workbench smoothing failed for Catell/hard-easy, using unsmoothed map: Missing required file(s) for Workbench smoothing: ['/home/hmueller2/workbench/bin_linux64/wb_command']
  ✓ Loaded: Catell/hard-easy

Applied Workbench CIFTI smoothing to input contrasts (FWHM=4.0mm)

Combined 4 MD contrasts
Mean z-score: 0.008 ± 0.543
Max z-score: 2.295

Threshold: z > 2.3
Suprathreshold vertices: 0 (0.0%)

✓ Saved mean MD map: /ptmp/hmueller2/2025_ibc_latent/outputs/md_system/vertex_wise/sub-07/sub-07_MD_mean.dscalar.nii
✓ Saved thresholded MD map: /ptmp/hmueller2/2025_ibc_latent/outputs/md_system/vertex_wise/sub-07/sub-07_MD_mean_thresh_2.3.dscalar.nii
✓ Saved std MD map: /ptmp/hmueller2/2025_ibc_latent/outputs/md_system/vertex_wise/sub-07/sub-07_MD_std.dscalar.nii
✓ Saved contrast info: /ptmp/hmueller2/2025_ibc_latent/outputs/md_system/vertex_wise/sub-07/sub-07_MD_contrasts.txt

============================================================
Processing subject 09
============================================================
  Looking for contrasts in: /ptmp/hmueller2/2025_ibc_latent/outputs/glm/contrast_maps_fsLR/sub-09
  Subject directory contents (90 items): ['res_task-ArchiEmotional_space-fsLR_dir-ffx', 'res_task-ArchiSocial_space-fsLR_dir-ffx', 'res_task-ArchiSpatial_space-fsLR_dir-ffx', 'res_task-ArchiStandard_space-fsLR_dir-ffx', 'res_task-Attention_space-fsLR_dir-ffx', 'res_task-Audi_space-fsLR_dir-ffx', 'res_task-BiologicalMotion1_space-fsLR_dir-ffx', 'res_task-BiologicalMotion2_space-fsLR_dir-ffx', 'res_task-BreathHolding_space-fsLR_dir-ffx', 'res_task-Catell_space-fsLR_dir-ffx', 'res_task-Checkerboard_space-fsLR_dir-ffx', 'res_task-Color_space-fsLR_dir-ffx', 'res_task-ColumbiaCards_space-fsLR_dir-ffx', 'res_task-Discount_space-fsLR_dir-ffx', 'res_task-DotPatterns_space-fsLR_dir-ffx', 'res_task-EmoMem_space-fsLR_dir-ffx', 'res_task-EmoReco_space-fsLR_dir-ffx', 'res_task-EmotionalPain_space-fsLR_dir-ffx', 'res_task-Enumeration_space-fsLR_dir-ffx', 'res_task-FaceBody_space-fsLR_dir-ffx', 'res_task-FingerTap_space-fsLR_dir-ffx', 'res_task-HcpEmotion_space-fsLR_dir-ffx', 'res_task-HcpGambling_space-fsLR_dir-ffx', 'res_task-HcpLanguage_space-fsLR_dir-ffx', 'res_task-HcpMotor_space-fsLR_dir-ffx', 'res_task-HcpRelational_space-fsLR_dir-ffx', 'res_task-HcpSocial_space-fsLR_dir-ffx', 'res_task-HcpWm_space-fsLR_dir-ffx', 'res_task-ItemRecognition_space-fsLR_dir-ffx', 'res_task-Lec1_space-fsLR_dir-ffx', 'res_task-Lec2_space-fsLR_dir-ffx', 'res_task-MCSE_space-fsLR_dir-ffx', 'res_task-MTTNS_space-fsLR_dir-ffx', 'res_task-MTTWE_space-fsLR_dir-ffx', 'res_task-MVEB_space-fsLR_dir-ffx', 'res_task-MVIS_space-fsLR_dir-ffx', 'res_task-MathLanguage_space-fsLR_dir-ffx', 'res_task-Motion_space-fsLR_dir-ffx', 'res_task-Moto_space-fsLR_dir-ffx', 'res_task-NARPS_space-fsLR_dir-ffx', 'res_task-PainMovie_space-fsLR_dir-ffx', 'res_task-PreferenceFaces_space-fsLR_dir-ffx', 'res_task-PreferenceFood_space-fsLR_dir-ffx', 'res_task-PreferenceHouses_space-fsLR_dir-ffx', 'res_task-PreferencePaintings_space-fsLR_dir-ffx', 'res_task-RSVPLanguage_space-fsLR_dir-ffx', 'res_task-RewProc_space-fsLR_dir-ffx', 'res_task-Scene_space-fsLR_dir-ffx', 'res_task-SelectiveStopSignal_space-fsLR_dir-ffx', 'res_task-Self_space-fsLR_dir-ffx', 'res_task-SpatialNavigation_space-fsLR_dir-ffx', 'res_task-StopNogo_space-fsLR_dir-ffx', 'res_task-StopSignal_space-fsLR_dir-ffx', 'res_task-Stroop_space-fsLR_dir-ffx', 'res_task-TheoryOfMind_space-fsLR_dir-ffx', 'res_task-TwoByTwo_space-fsLR_dir-ffx', 'res_task-VSTMC_space-fsLR_dir-ffx', 'res_task-VSTM_space-fsLR_dir-ffx', 'res_task-Visu_space-fsLR_dir-ffx', 'res_task-VisualSearch_space-fsLR_dir-ffx', 'res_task-WardAndAllport_space-fsLR_dir-ffx', 'res_task-WedgeAnti_space-fsLR_dir-ffx', 'res_task-WedgeClock_space-fsLR_dir-ffx', 'ses-00', 'ses-01', 'ses-02', 'ses-04', 'ses-05', 'ses-10', 'ses-12', 'ses-13', 'ses-16', 'ses-17', 'ses-18', 'ses-20', 'ses-21', 'ses-22', 'ses-25', 'ses-26', 'ses-27', 'ses-30', 'ses-31', 'ses-32', 'ses-36', 'ses-37', 'ses-38', 'ses-39', 'ses-40', 'ses-41', 'ses-43']
  Glob pattern: /ptmp/hmueller2/2025_ibc_latent/outputs/glm/contrast_maps_fsLR/sub-09/res_task-*_space-fsLR_dir-ffx
  Found 63 task directories: ['/ptmp/hmueller2/2025_ibc_latent/outputs/glm/contrast_maps_fsLR/sub-09/res_task-ArchiEmotional_space-fsLR_dir-ffx', '/ptmp/hmueller2/2025_ibc_latent/outputs/glm/contrast_maps_fsLR/sub-09/res_task-ArchiSocial_space-fsLR_dir-ffx', '/ptmp/hmueller2/2025_ibc_latent/outputs/glm/contrast_maps_fsLR/sub-09/res_task-ArchiSpatial_space-fsLR_dir-ffx', '/ptmp/hmueller2/2025_ibc_latent/outputs/glm/contrast_maps_fsLR/sub-09/res_task-ArchiStandard_space-fsLR_dir-ffx', '/ptmp/hmueller2/2025_ibc_latent/outputs/glm/contrast_maps_fsLR/sub-09/res_task-Attention_space-fsLR_dir-ffx', '/ptmp/hmueller2/2025_ibc_latent/outputs/glm/contrast_maps_fsLR/sub-09/res_task-Audi_space-fsLR_dir-ffx', '/ptmp/hmueller2/2025_ibc_latent/outputs/glm/contrast_maps_fsLR/sub-09/res_task-BiologicalMotion1_space-fsLR_dir-ffx', '/ptmp/hmueller2/2025_ibc_latent/outputs/glm/contrast_maps_fsLR/sub-09/res_task-BiologicalMotion2_space-fsLR_dir-ffx', '/ptmp/hmueller2/2025_ibc_latent/outputs/glm/contrast_maps_fsLR/sub-09/res_task-BreathHolding_space-fsLR_dir-ffx', '/ptmp/hmueller2/2025_ibc_latent/outputs/glm/contrast_maps_fsLR/sub-09/res_task-Catell_space-fsLR_dir-ffx', '/ptmp/hmueller2/2025_ibc_latent/outputs/glm/contrast_maps_fsLR/sub-09/res_task-Checkerboard_space-fsLR_dir-ffx', '/ptmp/hmueller2/2025_ibc_latent/outputs/glm/contrast_maps_fsLR/sub-09/res_task-Color_space-fsLR_dir-ffx', '/ptmp/hmueller2/2025_ibc_latent/outputs/glm/contrast_maps_fsLR/sub-09/res_task-ColumbiaCards_space-fsLR_dir-ffx', '/ptmp/hmueller2/2025_ibc_latent/outputs/glm/contrast_maps_fsLR/sub-09/res_task-Discount_space-fsLR_dir-ffx', '/ptmp/hmueller2/2025_ibc_latent/outputs/glm/contrast_maps_fsLR/sub-09/res_task-DotPatterns_space-fsLR_dir-ffx', '/ptmp/hmueller2/2025_ibc_latent/outputs/glm/contrast_maps_fsLR/sub-09/res_task-EmoMem_space-fsLR_dir-ffx', '/ptmp/hmueller2/2025_ibc_latent/outputs/glm/contrast_maps_fsLR/sub-09/res_task-EmoReco_space-fsLR_dir-ffx', '/ptmp/hmueller2/2025_ibc_latent/outputs/glm/contrast_maps_fsLR/sub-09/res_task-EmotionalPain_space-fsLR_dir-ffx', '/ptmp/hmueller2/2025_ibc_latent/outputs/glm/contrast_maps_fsLR/sub-09/res_task-Enumeration_space-fsLR_dir-ffx', '/ptmp/hmueller2/2025_ibc_latent/outputs/glm/contrast_maps_fsLR/sub-09/res_task-FaceBody_space-fsLR_dir-ffx', '/ptmp/hmueller2/2025_ibc_latent/outputs/glm/contrast_maps_fsLR/sub-09/res_task-FingerTap_space-fsLR_dir-ffx', '/ptmp/hmueller2/2025_ibc_latent/outputs/glm/contrast_maps_fsLR/sub-09/res_task-HcpEmotion_space-fsLR_dir-ffx', '/ptmp/hmueller2/2025_ibc_latent/outputs/glm/contrast_maps_fsLR/sub-09/res_task-HcpGambling_space-fsLR_dir-ffx', '/ptmp/hmueller2/2025_ibc_latent/outputs/glm/contrast_maps_fsLR/sub-09/res_task-HcpLanguage_space-fsLR_dir-ffx', '/ptmp/hmueller2/2025_ibc_latent/outputs/glm/contrast_maps_fsLR/sub-09/res_task-HcpMotor_space-fsLR_dir-ffx', '/ptmp/hmueller2/2025_ibc_latent/outputs/glm/contrast_maps_fsLR/sub-09/res_task-HcpRelational_space-fsLR_dir-ffx', '/ptmp/hmueller2/2025_ibc_latent/outputs/glm/contrast_maps_fsLR/sub-09/res_task-HcpSocial_space-fsLR_dir-ffx', '/ptmp/hmueller2/2025_ibc_latent/outputs/glm/contrast_maps_fsLR/sub-09/res_task-HcpWm_space-fsLR_dir-ffx', '/ptmp/hmueller2/2025_ibc_latent/outputs/glm/contrast_maps_fsLR/sub-09/res_task-ItemRecognition_space-fsLR_dir-ffx', '/ptmp/hmueller2/2025_ibc_latent/outputs/glm/contrast_maps_fsLR/sub-09/res_task-Lec1_space-fsLR_dir-ffx', '/ptmp/hmueller2/2025_ibc_latent/outputs/glm/contrast_maps_fsLR/sub-09/res_task-Lec2_space-fsLR_dir-ffx', '/ptmp/hmueller2/2025_ibc_latent/outputs/glm/contrast_maps_fsLR/sub-09/res_task-MCSE_space-fsLR_dir-ffx', '/ptmp/hmueller2/2025_ibc_latent/outputs/glm/contrast_maps_fsLR/sub-09/res_task-MTTNS_space-fsLR_dir-ffx', '/ptmp/hmueller2/2025_ibc_latent/outputs/glm/contrast_maps_fsLR/sub-09/res_task-MTTWE_space-fsLR_dir-ffx', '/ptmp/hmueller2/2025_ibc_latent/outputs/glm/contrast_maps_fsLR/sub-09/res_task-MVEB_space-fsLR_dir-ffx', '/ptmp/hmueller2/2025_ibc_latent/outputs/glm/contrast_maps_fsLR/sub-09/res_task-MVIS_space-fsLR_dir-ffx', '/ptmp/hmueller2/2025_ibc_latent/outputs/glm/contrast_maps_fsLR/sub-09/res_task-MathLanguage_space-fsLR_dir-ffx', '/ptmp/hmueller2/2025_ibc_latent/outputs/glm/contrast_maps_fsLR/sub-09/res_task-Motion_space-fsLR_dir-ffx', '/ptmp/hmueller2/2025_ibc_latent/outputs/glm/contrast_maps_fsLR/sub-09/res_task-Moto_space-fsLR_dir-ffx', '/ptmp/hmueller2/2025_ibc_latent/outputs/glm/contrast_maps_fsLR/sub-09/res_task-NARPS_space-fsLR_dir-ffx', '/ptmp/hmueller2/2025_ibc_latent/outputs/glm/contrast_maps_fsLR/sub-09/res_task-PainMovie_space-fsLR_dir-ffx', '/ptmp/hmueller2/2025_ibc_latent/outputs/glm/contrast_maps_fsLR/sub-09/res_task-PreferenceFaces_space-fsLR_dir-ffx', '/ptmp/hmueller2/2025_ibc_latent/outputs/glm/contrast_maps_fsLR/sub-09/res_task-PreferenceFood_space-fsLR_dir-ffx', '/ptmp/hmueller2/2025_ibc_latent/outputs/glm/contrast_maps_fsLR/sub-09/res_task-PreferenceHouses_space-fsLR_dir-ffx', '/ptmp/hmueller2/2025_ibc_latent/outputs/glm/contrast_maps_fsLR/sub-09/res_task-PreferencePaintings_space-fsLR_dir-ffx', '/ptmp/hmueller2/2025_ibc_latent/outputs/glm/contrast_maps_fsLR/sub-09/res_task-RSVPLanguage_space-fsLR_dir-ffx', '/ptmp/hmueller2/2025_ibc_latent/outputs/glm/contrast_maps_fsLR/sub-09/res_task-RewProc_space-fsLR_dir-ffx', '/ptmp/hmueller2/2025_ibc_latent/outputs/glm/contrast_maps_fsLR/sub-09/res_task-Scene_space-fsLR_dir-ffx', '/ptmp/hmueller2/2025_ibc_latent/outputs/glm/contrast_maps_fsLR/sub-09/res_task-SelectiveStopSignal_space-fsLR_dir-ffx', '/ptmp/hmueller2/2025_ibc_latent/outputs/glm/contrast_maps_fsLR/sub-09/res_task-Self_space-fsLR_dir-ffx', '/ptmp/hmueller2/2025_ibc_latent/outputs/glm/contrast_maps_fsLR/sub-09/res_task-SpatialNavigation_space-fsLR_dir-ffx', '/ptmp/hmueller2/2025_ibc_latent/outputs/glm/contrast_maps_fsLR/sub-09/res_task-StopNogo_space-fsLR_dir-ffx', '/ptmp/hmueller2/2025_ibc_latent/outputs/glm/contrast_maps_fsLR/sub-09/res_task-StopSignal_space-fsLR_dir-ffx', '/ptmp/hmueller2/2025_ibc_latent/outputs/glm/contrast_maps_fsLR/sub-09/res_task-Stroop_space-fsLR_dir-ffx', '/ptmp/hmueller2/2025_ibc_latent/outputs/glm/contrast_maps_fsLR/sub-09/res_task-TheoryOfMind_space-fsLR_dir-ffx', '/ptmp/hmueller2/2025_ibc_latent/outputs/glm/contrast_maps_fsLR/sub-09/res_task-TwoByTwo_space-fsLR_dir-ffx', '/ptmp/hmueller2/2025_ibc_latent/outputs/glm/contrast_maps_fsLR/sub-09/res_task-VSTMC_space-fsLR_dir-ffx', '/ptmp/hmueller2/2025_ibc_latent/outputs/glm/contrast_maps_fsLR/sub-09/res_task-VSTM_space-fsLR_dir-ffx', '/ptmp/hmueller2/2025_ibc_latent/outputs/glm/contrast_maps_fsLR/sub-09/res_task-Visu_space-fsLR_dir-ffx', '/ptmp/hmueller2/2025_ibc_latent/outputs/glm/contrast_maps_fsLR/sub-09/res_task-VisualSearch_space-fsLR_dir-ffx', '/ptmp/hmueller2/2025_ibc_latent/outputs/glm/contrast_maps_fsLR/sub-09/res_task-WardAndAllport_space-fsLR_dir-ffx', '/ptmp/hmueller2/2025_ibc_latent/outputs/glm/contrast_maps_fsLR/sub-09/res_task-WedgeAnti_space-fsLR_dir-ffx', '/ptmp/hmueller2/2025_ibc_latent/outputs/glm/contrast_maps_fsLR/sub-09/res_task-WedgeClock_space-fsLR_dir-ffx']
    Processing task 'ArchiEmotional':
      Task dir: /ptmp/hmueller2/2025_ibc_latent/outputs/glm/contrast_maps_fsLR/sub-09/res_task-ArchiEmotional_space-fsLR_dir-ffx
      Z-map dir: /ptmp/hmueller2/2025_ibc_latent/outputs/glm/contrast_maps_fsLR/sub-09/res_task-ArchiEmotional_space-fsLR_dir-ffx/z_score_maps
      Z-map dir exists: True
      Glob pattern for z-maps: /ptmp/hmueller2/2025_ibc_latent/outputs/glm/contrast_maps_fsLR/sub-09/res_task-ArchiEmotional_space-fsLR_dir-ffx/z_score_maps/*.dscalar.nii
      Found 14 z-maps
    Processing task 'ArchiSocial':
      Task dir: /ptmp/hmueller2/2025_ibc_latent/outputs/glm/contrast_maps_fsLR/sub-09/res_task-ArchiSocial_space-fsLR_dir-ffx
      Z-map dir: /ptmp/hmueller2/2025_ibc_latent/outputs/glm/contrast_maps_fsLR/sub-09/res_task-ArchiSocial_space-fsLR_dir-ffx/z_score_maps
      Z-map dir exists: True
      Glob pattern for z-maps: /ptmp/hmueller2/2025_ibc_latent/outputs/glm/contrast_maps_fsLR/sub-09/res_task-ArchiSocial_space-fsLR_dir-ffx/z_score_maps/*.dscalar.nii
      Found 13 z-maps
    Processing task 'ArchiSpatial':
      Task dir: /ptmp/hmueller2/2025_ibc_latent/outputs/glm/contrast_maps_fsLR/sub-09/res_task-ArchiSpatial_space-fsLR_dir-ffx
      Z-map dir: /ptmp/hmueller2/2025_ibc_latent/outputs/glm/contrast_maps_fsLR/sub-09/res_task-ArchiSpatial_space-fsLR_dir-ffx/z_score_maps
      Z-map dir exists: True
      Glob pattern for z-maps: /ptmp/hmueller2/2025_ibc_latent/outputs/glm/contrast_maps_fsLR/sub-09/res_task-ArchiSpatial_space-fsLR_dir-ffx/z_score_maps/*.dscalar.nii
      Found 7 z-maps
    Processing task 'ArchiStandard':
      Task dir: /ptmp/hmueller2/2025_ibc_latent/outputs/glm/contrast_maps_fsLR/sub-09/res_task-ArchiStandard_space-fsLR_dir-ffx
      Z-map dir: /ptmp/hmueller2/2025_ibc_latent/outputs/glm/contrast_maps_fsLR/sub-09/res_task-ArchiStandard_space-fsLR_dir-ffx/z_score_maps
      Z-map dir exists: True
      Glob pattern for z-maps: /ptmp/hmueller2/2025_ibc_latent/outputs/glm/contrast_maps_fsLR/sub-09/res_task-ArchiStandard_space-fsLR_dir-ffx/z_score_maps/*.dscalar.nii
      Found 23 z-maps
    Processing task 'Attention':
      Task dir: /ptmp/hmueller2/2025_ibc_latent/outputs/glm/contrast_maps_fsLR/sub-09/res_task-Attention_space-fsLR_dir-ffx
      Z-map dir: /ptmp/hmueller2/2025_ibc_latent/outputs/glm/contrast_maps_fsLR/sub-09/res_task-Attention_space-fsLR_dir-ffx/z_score_maps
      Z-map dir exists: True
      Glob pattern for z-maps: /ptmp/hmueller2/2025_ibc_latent/outputs/glm/contrast_maps_fsLR/sub-09/res_task-Attention_space-fsLR_dir-ffx/z_score_maps/*.dscalar.nii
      Found 10 z-maps
    Processing task 'Audi':
      Task dir: /ptmp/hmueller2/2025_ibc_latent/outputs/glm/contrast_maps_fsLR/sub-09/res_task-Audi_space-fsLR_dir-ffx
      Z-map dir: /ptmp/hmueller2/2025_ibc_latent/outputs/glm/contrast_maps_fsLR/sub-09/res_task-Audi_space-fsLR_dir-ffx/z_score_maps
      Z-map dir exists: True
      Glob pattern for z-maps: /ptmp/hmueller2/2025_ibc_latent/outputs/glm/contrast_maps_fsLR/sub-09/res_task-Audi_space-fsLR_dir-ffx/z_score_maps/*.dscalar.nii
      Found 25 z-maps
    Processing task 'BiologicalMotion1':
      Task dir: /ptmp/hmueller2/2025_ibc_latent/outputs/glm/contrast_maps_fsLR/sub-09/res_task-BiologicalMotion1_space-fsLR_dir-ffx
      Z-map dir: /ptmp/hmueller2/2025_ibc_latent/outputs/glm/contrast_maps_fsLR/sub-09/res_task-BiologicalMotion1_space-fsLR_dir-ffx/z_score_maps
      Z-map dir exists: True
      Glob pattern for z-maps: /ptmp/hmueller2/2025_ibc_latent/outputs/glm/contrast_maps_fsLR/sub-09/res_task-BiologicalMotion1_space-fsLR_dir-ffx/z_score_maps/*.dscalar.nii
      Found 10 z-maps
    Processing task 'BiologicalMotion2':
      Task dir: /ptmp/hmueller2/2025_ibc_latent/outputs/glm/contrast_maps_fsLR/sub-09/res_task-BiologicalMotion2_space-fsLR_dir-ffx
      Z-map dir: /ptmp/hmueller2/2025_ibc_latent/outputs/glm/contrast_maps_fsLR/sub-09/res_task-BiologicalMotion2_space-fsLR_dir-ffx/z_score_maps
      Z-map dir exists: True
      Glob pattern for z-maps: /ptmp/hmueller2/2025_ibc_latent/outputs/glm/contrast_maps_fsLR/sub-09/res_task-BiologicalMotion2_space-fsLR_dir-ffx/z_score_maps/*.dscalar.nii
      Found 10 z-maps
    Processing task 'BreathHolding':
      Task dir: /ptmp/hmueller2/2025_ibc_latent/outputs/glm/contrast_maps_fsLR/sub-09/res_task-BreathHolding_space-fsLR_dir-ffx
      Z-map dir: /ptmp/hmueller2/2025_ibc_latent/outputs/glm/contrast_maps_fsLR/sub-09/res_task-BreathHolding_space-fsLR_dir-ffx/z_score_maps
      Z-map dir exists: True
      Glob pattern for z-maps: /ptmp/hmueller2/2025_ibc_latent/outputs/glm/contrast_maps_fsLR/sub-09/res_task-BreathHolding_space-fsLR_dir-ffx/z_score_maps/*.dscalar.nii
      Found 4 z-maps
    Processing task 'Catell':
      Task dir: /ptmp/hmueller2/2025_ibc_latent/outputs/glm/contrast_maps_fsLR/sub-09/res_task-Catell_space-fsLR_dir-ffx
      Z-map dir: /ptmp/hmueller2/2025_ibc_latent/outputs/glm/contrast_maps_fsLR/sub-09/res_task-Catell_space-fsLR_dir-ffx/z_score_maps
      Z-map dir exists: True
      Glob pattern for z-maps: /ptmp/hmueller2/2025_ibc_latent/outputs/glm/contrast_maps_fsLR/sub-09/res_task-Catell_space-fsLR_dir-ffx/z_score_maps/*.dscalar.nii
      Found 3 z-maps
    Processing task 'Checkerboard':
      Task dir: /ptmp/hmueller2/2025_ibc_latent/outputs/glm/contrast_maps_fsLR/sub-09/res_task-Checkerboard_space-fsLR_dir-ffx
      Z-map dir: /ptmp/hmueller2/2025_ibc_latent/outputs/glm/contrast_maps_fsLR/sub-09/res_task-Checkerboard_space-fsLR_dir-ffx/z_score_maps
      Z-map dir exists: True
      Glob pattern for z-maps: /ptmp/hmueller2/2025_ibc_latent/outputs/glm/contrast_maps_fsLR/sub-09/res_task-Checkerboard_space-fsLR_dir-ffx/z_score_maps/*.dscalar.nii
      Found 3 z-maps
    Processing task 'Color':
      Task dir: /ptmp/hmueller2/2025_ibc_latent/outputs/glm/contrast_maps_fsLR/sub-09/res_task-Color_space-fsLR_dir-ffx
      Z-map dir: /ptmp/hmueller2/2025_ibc_latent/outputs/glm/contrast_maps_fsLR/sub-09/res_task-Color_space-fsLR_dir-ffx/z_score_maps
      Z-map dir exists: True
      Glob pattern for z-maps: /ptmp/hmueller2/2025_ibc_latent/outputs/glm/contrast_maps_fsLR/sub-09/res_task-Color_space-fsLR_dir-ffx/z_score_maps/*.dscalar.nii
      Found 4 z-maps
    Processing task 'ColumbiaCards':
      Task dir: /ptmp/hmueller2/2025_ibc_latent/outputs/glm/contrast_maps_fsLR/sub-09/res_task-ColumbiaCards_space-fsLR_dir-ffx
      Z-map dir: /ptmp/hmueller2/2025_ibc_latent/outputs/glm/contrast_maps_fsLR/sub-09/res_task-ColumbiaCards_space-fsLR_dir-ffx/z_score_maps
      Z-map dir exists: True
      Glob pattern for z-maps: /ptmp/hmueller2/2025_ibc_latent/outputs/glm/contrast_maps_fsLR/sub-09/res_task-ColumbiaCards_space-fsLR_dir-ffx/z_score_maps/*.dscalar.nii
      Found 3 z-maps
    Processing task 'Discount':
      Task dir: /ptmp/hmueller2/2025_ibc_latent/outputs/glm/contrast_maps_fsLR/sub-09/res_task-Discount_space-fsLR_dir-ffx
      Z-map dir: /ptmp/hmueller2/2025_ibc_latent/outputs/glm/contrast_maps_fsLR/sub-09/res_task-Discount_space-fsLR_dir-ffx/z_score_maps
      Z-map dir exists: True
      Glob pattern for z-maps: /ptmp/hmueller2/2025_ibc_latent/outputs/glm/contrast_maps_fsLR/sub-09/res_task-Discount_space-fsLR_dir-ffx/z_score_maps/*.dscalar.nii
      Found 2 z-maps
    Processing task 'DotPatterns':
      Task dir: /ptmp/hmueller2/2025_ibc_latent/outputs/glm/contrast_maps_fsLR/sub-09/res_task-DotPatterns_space-fsLR_dir-ffx
      Z-map dir: /ptmp/hmueller2/2025_ibc_latent/outputs/glm/contrast_maps_fsLR/sub-09/res_task-DotPatterns_space-fsLR_dir-ffx/z_score_maps
      Z-map dir exists: True
      Glob pattern for z-maps: /ptmp/hmueller2/2025_ibc_latent/outputs/glm/contrast_maps_fsLR/sub-09/res_task-DotPatterns_space-fsLR_dir-ffx/z_score_maps/*.dscalar.nii
      Found 11 z-maps
    Processing task 'EmoMem':
      Task dir: /ptmp/hmueller2/2025_ibc_latent/outputs/glm/contrast_maps_fsLR/sub-09/res_task-EmoMem_space-fsLR_dir-ffx
      Z-map dir: /ptmp/hmueller2/2025_ibc_latent/outputs/glm/contrast_maps_fsLR/sub-09/res_task-EmoMem_space-fsLR_dir-ffx/z_score_maps
      Z-map dir exists: True
      Glob pattern for z-maps: /ptmp/hmueller2/2025_ibc_latent/outputs/glm/contrast_maps_fsLR/sub-09/res_task-EmoMem_space-fsLR_dir-ffx/z_score_maps/*.dscalar.nii
      Found 6 z-maps
    Processing task 'EmoReco':
      Task dir: /ptmp/hmueller2/2025_ibc_latent/outputs/glm/contrast_maps_fsLR/sub-09/res_task-EmoReco_space-fsLR_dir-ffx
      Z-map dir: /ptmp/hmueller2/2025_ibc_latent/outputs/glm/contrast_maps_fsLR/sub-09/res_task-EmoReco_space-fsLR_dir-ffx/z_score_maps
      Z-map dir exists: True
      Glob pattern for z-maps: /ptmp/hmueller2/2025_ibc_latent/outputs/glm/contrast_maps_fsLR/sub-09/res_task-EmoReco_space-fsLR_dir-ffx/z_score_maps/*.dscalar.nii
      Found 10 z-maps
    Processing task 'EmotionalPain':
      Task dir: /ptmp/hmueller2/2025_ibc_latent/outputs/glm/contrast_maps_fsLR/sub-09/res_task-EmotionalPain_space-fsLR_dir-ffx
      Z-map dir: /ptmp/hmueller2/2025_ibc_latent/outputs/glm/contrast_maps_fsLR/sub-09/res_task-EmotionalPain_space-fsLR_dir-ffx/z_score_maps
      Z-map dir exists: True
      Glob pattern for z-maps: /ptmp/hmueller2/2025_ibc_latent/outputs/glm/contrast_maps_fsLR/sub-09/res_task-EmotionalPain_space-fsLR_dir-ffx/z_score_maps/*.dscalar.nii
      Found 3 z-maps
    Processing task 'Enumeration':
      Task dir: /ptmp/hmueller2/2025_ibc_latent/outputs/glm/contrast_maps_fsLR/sub-09/res_task-Enumeration_space-fsLR_dir-ffx
      Z-map dir: /ptmp/hmueller2/2025_ibc_latent/outputs/glm/contrast_maps_fsLR/sub-09/res_task-Enumeration_space-fsLR_dir-ffx/z_score_maps
      Z-map dir exists: True
      Glob pattern for z-maps: /ptmp/hmueller2/2025_ibc_latent/outputs/glm/contrast_maps_fsLR/sub-09/res_task-Enumeration_space-fsLR_dir-ffx/z_score_maps/*.dscalar.nii
      Found 3 z-maps
    Processing task 'FaceBody':
      Task dir: /ptmp/hmueller2/2025_ibc_latent/outputs/glm/contrast_maps_fsLR/sub-09/res_task-FaceBody_space-fsLR_dir-ffx
      Z-map dir: /ptmp/hmueller2/2025_ibc_latent/outputs/glm/contrast_maps_fsLR/sub-09/res_task-FaceBody_space-fsLR_dir-ffx/z_score_maps
      Z-map dir exists: True
      Glob pattern for z-maps: /ptmp/hmueller2/2025_ibc_latent/outputs/glm/contrast_maps_fsLR/sub-09/res_task-FaceBody_space-fsLR_dir-ffx/z_score_maps/*.dscalar.nii
      Found 15 z-maps
    Processing task 'FingerTap':
      Task dir: /ptmp/hmueller2/2025_ibc_latent/outputs/glm/contrast_maps_fsLR/sub-09/res_task-FingerTap_space-fsLR_dir-ffx
      Z-map dir: /ptmp/hmueller2/2025_ibc_latent/outputs/glm/contrast_maps_fsLR/sub-09/res_task-FingerTap_space-fsLR_dir-ffx/z_score_maps
      Z-map dir exists: True
      Glob pattern for z-maps: /ptmp/hmueller2/2025_ibc_latent/outputs/glm/contrast_maps_fsLR/sub-09/res_task-FingerTap_space-fsLR_dir-ffx/z_score_maps/*.dscalar.nii
      Found 3 z-maps
    Processing task 'HcpEmotion':
      Task dir: /ptmp/hmueller2/2025_ibc_latent/outputs/glm/contrast_maps_fsLR/sub-09/res_task-HcpEmotion_space-fsLR_dir-ffx
      Z-map dir: /ptmp/hmueller2/2025_ibc_latent/outputs/glm/contrast_maps_fsLR/sub-09/res_task-HcpEmotion_space-fsLR_dir-ffx/z_score_maps
      Z-map dir exists: True
      Glob pattern for z-maps: /ptmp/hmueller2/2025_ibc_latent/outputs/glm/contrast_maps_fsLR/sub-09/res_task-HcpEmotion_space-fsLR_dir-ffx/z_score_maps/*.dscalar.nii
      Found 4 z-maps
    Processing task 'HcpGambling':
      Task dir: /ptmp/hmueller2/2025_ibc_latent/outputs/glm/contrast_maps_fsLR/sub-09/res_task-HcpGambling_space-fsLR_dir-ffx
      Z-map dir: /ptmp/hmueller2/2025_ibc_latent/outputs/glm/contrast_maps_fsLR/sub-09/res_task-HcpGambling_space-fsLR_dir-ffx/z_score_maps
      Z-map dir exists: True
      Glob pattern for z-maps: /ptmp/hmueller2/2025_ibc_latent/outputs/glm/contrast_maps_fsLR/sub-09/res_task-HcpGambling_space-fsLR_dir-ffx/z_score_maps/*.dscalar.nii
      Found 4 z-maps
    Processing task 'HcpLanguage':
      Task dir: /ptmp/hmueller2/2025_ibc_latent/outputs/glm/contrast_maps_fsLR/sub-09/res_task-HcpLanguage_space-fsLR_dir-ffx
      Z-map dir: /ptmp/hmueller2/2025_ibc_latent/outputs/glm/contrast_maps_fsLR/sub-09/res_task-HcpLanguage_space-fsLR_dir-ffx/z_score_maps
      Z-map dir exists: True
      Glob pattern for z-maps: /ptmp/hmueller2/2025_ibc_latent/outputs/glm/contrast_maps_fsLR/sub-09/res_task-HcpLanguage_space-fsLR_dir-ffx/z_score_maps/*.dscalar.nii
      Found 4 z-maps
    Processing task 'HcpMotor':
      Task dir: /ptmp/hmueller2/2025_ibc_latent/outputs/glm/contrast_maps_fsLR/sub-09/res_task-HcpMotor_space-fsLR_dir-ffx
      Z-map dir: /ptmp/hmueller2/2025_ibc_latent/outputs/glm/contrast_maps_fsLR/sub-09/res_task-HcpMotor_space-fsLR_dir-ffx/z_score_maps
      Z-map dir exists: True
      Glob pattern for z-maps: /ptmp/hmueller2/2025_ibc_latent/outputs/glm/contrast_maps_fsLR/sub-09/res_task-HcpMotor_space-fsLR_dir-ffx/z_score_maps/*.dscalar.nii
      Found 11 z-maps
    Processing task 'HcpRelational':
      Task dir: /ptmp/hmueller2/2025_ibc_latent/outputs/glm/contrast_maps_fsLR/sub-09/res_task-HcpRelational_space-fsLR_dir-ffx
      Z-map dir: /ptmp/hmueller2/2025_ibc_latent/outputs/glm/contrast_maps_fsLR/sub-09/res_task-HcpRelational_space-fsLR_dir-ffx/z_score_maps
      Z-map dir exists: True
      Glob pattern for z-maps: /ptmp/hmueller2/2025_ibc_latent/outputs/glm/contrast_maps_fsLR/sub-09/res_task-HcpRelational_space-fsLR_dir-ffx/z_score_maps/*.dscalar.nii
      Found 3 z-maps
    Processing task 'HcpSocial':
      Task dir: /ptmp/hmueller2/2025_ibc_latent/outputs/glm/contrast_maps_fsLR/sub-09/res_task-HcpSocial_space-fsLR_dir-ffx
      Z-map dir: /ptmp/hmueller2/2025_ibc_latent/outputs/glm/contrast_maps_fsLR/sub-09/res_task-HcpSocial_space-fsLR_dir-ffx/z_score_maps
      Z-map dir exists: True
      Glob pattern for z-maps: /ptmp/hmueller2/2025_ibc_latent/outputs/glm/contrast_maps_fsLR/sub-09/res_task-HcpSocial_space-fsLR_dir-ffx/z_score_maps/*.dscalar.nii
      Found 3 z-maps
    Processing task 'HcpWm':
      Task dir: /ptmp/hmueller2/2025_ibc_latent/outputs/glm/contrast_maps_fsLR/sub-09/res_task-HcpWm_space-fsLR_dir-ffx
      Z-map dir: /ptmp/hmueller2/2025_ibc_latent/outputs/glm/contrast_maps_fsLR/sub-09/res_task-HcpWm_space-fsLR_dir-ffx/z_score_maps
      Z-map dir exists: True
      Glob pattern for z-maps: /ptmp/hmueller2/2025_ibc_latent/outputs/glm/contrast_maps_fsLR/sub-09/res_task-HcpWm_space-fsLR_dir-ffx/z_score_maps/*.dscalar.nii
      Found 14 z-maps
    Processing task 'ItemRecognition':
      Task dir: /ptmp/hmueller2/2025_ibc_latent/outputs/glm/contrast_maps_fsLR/sub-09/res_task-ItemRecognition_space-fsLR_dir-ffx
      Z-map dir: /ptmp/hmueller2/2025_ibc_latent/outputs/glm/contrast_maps_fsLR/sub-09/res_task-ItemRecognition_space-fsLR_dir-ffx/z_score_maps
      Z-map dir exists: True
      Glob pattern for z-maps: /ptmp/hmueller2/2025_ibc_latent/outputs/glm/contrast_maps_fsLR/sub-09/res_task-ItemRecognition_space-fsLR_dir-ffx/z_score_maps/*.dscalar.nii
      Found 17 z-maps
    Processing task 'Lec1':
      Task dir: /ptmp/hmueller2/2025_ibc_latent/outputs/glm/contrast_maps_fsLR/sub-09/res_task-Lec1_space-fsLR_dir-ffx
      Z-map dir: /ptmp/hmueller2/2025_ibc_latent/outputs/glm/contrast_maps_fsLR/sub-09/res_task-Lec1_space-fsLR_dir-ffx/z_score_maps
      Z-map dir exists: True
      Glob pattern for z-maps: /ptmp/hmueller2/2025_ibc_latent/outputs/glm/contrast_maps_fsLR/sub-09/res_task-Lec1_space-fsLR_dir-ffx/z_score_maps/*.dscalar.nii
      Found 6 z-maps
    Processing task 'Lec2':
      Task dir: /ptmp/hmueller2/2025_ibc_latent/outputs/glm/contrast_maps_fsLR/sub-09/res_task-Lec2_space-fsLR_dir-ffx
      Z-map dir: /ptmp/hmueller2/2025_ibc_latent/outputs/glm/contrast_maps_fsLR/sub-09/res_task-Lec2_space-fsLR_dir-ffx/z_score_maps
      Z-map dir exists: True
      Glob pattern for z-maps: /ptmp/hmueller2/2025_ibc_latent/outputs/glm/contrast_maps_fsLR/sub-09/res_task-Lec2_space-fsLR_dir-ffx/z_score_maps/*.dscalar.nii
      Found 3 z-maps
    Processing task 'MCSE':
      Task dir: /ptmp/hmueller2/2025_ibc_latent/outputs/glm/contrast_maps_fsLR/sub-09/res_task-MCSE_space-fsLR_dir-ffx
      Z-map dir: /ptmp/hmueller2/2025_ibc_latent/outputs/glm/contrast_maps_fsLR/sub-09/res_task-MCSE_space-fsLR_dir-ffx/z_score_maps
      Z-map dir exists: True
      Glob pattern for z-maps: /ptmp/hmueller2/2025_ibc_latent/outputs/glm/contrast_maps_fsLR/sub-09/res_task-MCSE_space-fsLR_dir-ffx/z_score_maps/*.dscalar.nii
      Found 9 z-maps
    Processing task 'MTTNS':
      Task dir: /ptmp/hmueller2/2025_ibc_latent/outputs/glm/contrast_maps_fsLR/sub-09/res_task-MTTNS_space-fsLR_dir-ffx
      Z-map dir: /ptmp/hmueller2/2025_ibc_latent/outputs/glm/contrast_maps_fsLR/sub-09/res_task-MTTNS_space-fsLR_dir-ffx/z_score_maps
      Z-map dir exists: True
      Glob pattern for z-maps: /ptmp/hmueller2/2025_ibc_latent/outputs/glm/contrast_maps_fsLR/sub-09/res_task-MTTNS_space-fsLR_dir-ffx/z_score_maps/*.dscalar.nii
      Found 19 z-maps
    Processing task 'MTTWE':
      Task dir: /ptmp/hmueller2/2025_ibc_latent/outputs/glm/contrast_maps_fsLR/sub-09/res_task-MTTWE_space-fsLR_dir-ffx
      Z-map dir: /ptmp/hmueller2/2025_ibc_latent/outputs/glm/contrast_maps_fsLR/sub-09/res_task-MTTWE_space-fsLR_dir-ffx/z_score_maps
      Z-map dir exists: True
      Glob pattern for z-maps: /ptmp/hmueller2/2025_ibc_latent/outputs/glm/contrast_maps_fsLR/sub-09/res_task-MTTWE_space-fsLR_dir-ffx/z_score_maps/*.dscalar.nii
      Found 19 z-maps
    Processing task 'MVEB':
      Task dir: /ptmp/hmueller2/2025_ibc_latent/outputs/glm/contrast_maps_fsLR/sub-09/res_task-MVEB_space-fsLR_dir-ffx
      Z-map dir: /ptmp/hmueller2/2025_ibc_latent/outputs/glm/contrast_maps_fsLR/sub-09/res_task-MVEB_space-fsLR_dir-ffx/z_score_maps
      Z-map dir exists: True
      Glob pattern for z-maps: /ptmp/hmueller2/2025_ibc_latent/outputs/glm/contrast_maps_fsLR/sub-09/res_task-MVEB_space-fsLR_dir-ffx/z_score_maps/*.dscalar.nii
      Found 11 z-maps
    Processing task 'MVIS':
      Task dir: /ptmp/hmueller2/2025_ibc_latent/outputs/glm/contrast_maps_fsLR/sub-09/res_task-MVIS_space-fsLR_dir-ffx
      Z-map dir: /ptmp/hmueller2/2025_ibc_latent/outputs/glm/contrast_maps_fsLR/sub-09/res_task-MVIS_space-fsLR_dir-ffx/z_score_maps
      Z-map dir exists: True
      Glob pattern for z-maps: /ptmp/hmueller2/2025_ibc_latent/outputs/glm/contrast_maps_fsLR/sub-09/res_task-MVIS_space-fsLR_dir-ffx/z_score_maps/*.dscalar.nii
      Found 12 z-maps
    Processing task 'MathLanguage':
      Task dir: /ptmp/hmueller2/2025_ibc_latent/outputs/glm/contrast_maps_fsLR/sub-09/res_task-MathLanguage_space-fsLR_dir-ffx
      Z-map dir: /ptmp/hmueller2/2025_ibc_latent/outputs/glm/contrast_maps_fsLR/sub-09/res_task-MathLanguage_space-fsLR_dir-ffx/z_score_maps
      Z-map dir exists: True
      Glob pattern for z-maps: /ptmp/hmueller2/2025_ibc_latent/outputs/glm/contrast_maps_fsLR/sub-09/res_task-MathLanguage_space-fsLR_dir-ffx/z_score_maps/*.dscalar.nii
      Found 30 z-maps
    Processing task 'Motion':
      Task dir: /ptmp/hmueller2/2025_ibc_latent/outputs/glm/contrast_maps_fsLR/sub-09/res_task-Motion_space-fsLR_dir-ffx
      Z-map dir: /ptmp/hmueller2/2025_ibc_latent/outputs/glm/contrast_maps_fsLR/sub-09/res_task-Motion_space-fsLR_dir-ffx/z_score_maps
      Z-map dir exists: True
      Glob pattern for z-maps: /ptmp/hmueller2/2025_ibc_latent/outputs/glm/contrast_maps_fsLR/sub-09/res_task-Motion_space-fsLR_dir-ffx/z_score_maps/*.dscalar.nii
      Found 11 z-maps
    Processing task 'Moto':
      Task dir: /ptmp/hmueller2/2025_ibc_latent/outputs/glm/contrast_maps_fsLR/sub-09/res_task-Moto_space-fsLR_dir-ffx
      Z-map dir: /ptmp/hmueller2/2025_ibc_latent/outputs/glm/contrast_maps_fsLR/sub-09/res_task-Moto_space-fsLR_dir-ffx/z_score_maps
      Z-map dir exists: True
      Glob pattern for z-maps: /ptmp/hmueller2/2025_ibc_latent/outputs/glm/contrast_maps_fsLR/sub-09/res_task-Moto_space-fsLR_dir-ffx/z_score_maps/*.dscalar.nii
      Found 9 z-maps
    Processing task 'NARPS':
      Task dir: /ptmp/hmueller2/2025_ibc_latent/outputs/glm/contrast_maps_fsLR/sub-09/res_task-NARPS_space-fsLR_dir-ffx
      Z-map dir: /ptmp/hmueller2/2025_ibc_latent/outputs/glm/contrast_maps_fsLR/sub-09/res_task-NARPS_space-fsLR_dir-ffx/z_score_maps
      Z-map dir exists: True
      Glob pattern for z-maps: /ptmp/hmueller2/2025_ibc_latent/outputs/glm/contrast_maps_fsLR/sub-09/res_task-NARPS_space-fsLR_dir-ffx/z_score_maps/*.dscalar.nii
      Found 8 z-maps
    Processing task 'PainMovie':
      Task dir: /ptmp/hmueller2/2025_ibc_latent/outputs/glm/contrast_maps_fsLR/sub-09/res_task-PainMovie_space-fsLR_dir-ffx
      Z-map dir: /ptmp/hmueller2/2025_ibc_latent/outputs/glm/contrast_maps_fsLR/sub-09/res_task-PainMovie_space-fsLR_dir-ffx/z_score_maps
      Z-map dir exists: True
      Glob pattern for z-maps: /ptmp/hmueller2/2025_ibc_latent/outputs/glm/contrast_maps_fsLR/sub-09/res_task-PainMovie_space-fsLR_dir-ffx/z_score_maps/*.dscalar.nii
      Found 3 z-maps
    Processing task 'PreferenceFaces':
      Task dir: /ptmp/hmueller2/2025_ibc_latent/outputs/glm/contrast_maps_fsLR/sub-09/res_task-PreferenceFaces_space-fsLR_dir-ffx
      Z-map dir: /ptmp/hmueller2/2025_ibc_latent/outputs/glm/contrast_maps_fsLR/sub-09/res_task-PreferenceFaces_space-fsLR_dir-ffx/z_score_maps
      Z-map dir exists: True
      Glob pattern for z-maps: /ptmp/hmueller2/2025_ibc_latent/outputs/glm/contrast_maps_fsLR/sub-09/res_task-PreferenceFaces_space-fsLR_dir-ffx/z_score_maps/*.dscalar.nii
      Found 3 z-maps
    Processing task 'PreferenceFood':
      Task dir: /ptmp/hmueller2/2025_ibc_latent/outputs/glm/contrast_maps_fsLR/sub-09/res_task-PreferenceFood_space-fsLR_dir-ffx
      Z-map dir: /ptmp/hmueller2/2025_ibc_latent/outputs/glm/contrast_maps_fsLR/sub-09/res_task-PreferenceFood_space-fsLR_dir-ffx/z_score_maps
      Z-map dir exists: True
      Glob pattern for z-maps: /ptmp/hmueller2/2025_ibc_latent/outputs/glm/contrast_maps_fsLR/sub-09/res_task-PreferenceFood_space-fsLR_dir-ffx/z_score_maps/*.dscalar.nii
      Found 3 z-maps
    Processing task 'PreferenceHouses':
      Task dir: /ptmp/hmueller2/2025_ibc_latent/outputs/glm/contrast_maps_fsLR/sub-09/res_task-PreferenceHouses_space-fsLR_dir-ffx
      Z-map dir: /ptmp/hmueller2/2025_ibc_latent/outputs/glm/contrast_maps_fsLR/sub-09/res_task-PreferenceHouses_space-fsLR_dir-ffx/z_score_maps
      Z-map dir exists: True
      Glob pattern for z-maps: /ptmp/hmueller2/2025_ibc_latent/outputs/glm/contrast_maps_fsLR/sub-09/res_task-PreferenceHouses_space-fsLR_dir-ffx/z_score_maps/*.dscalar.nii
      Found 3 z-maps
    Processing task 'PreferencePaintings':
      Task dir: /ptmp/hmueller2/2025_ibc_latent/outputs/glm/contrast_maps_fsLR/sub-09/res_task-PreferencePaintings_space-fsLR_dir-ffx
      Z-map dir: /ptmp/hmueller2/2025_ibc_latent/outputs/glm/contrast_maps_fsLR/sub-09/res_task-PreferencePaintings_space-fsLR_dir-ffx/z_score_maps
      Z-map dir exists: True
      Glob pattern for z-maps: /ptmp/hmueller2/2025_ibc_latent/outputs/glm/contrast_maps_fsLR/sub-09/res_task-PreferencePaintings_space-fsLR_dir-ffx/z_score_maps/*.dscalar.nii
      Found 3 z-maps
    Processing task 'RSVPLanguage':
      Task dir: /ptmp/hmueller2/2025_ibc_latent/outputs/glm/contrast_maps_fsLR/sub-09/res_task-RSVPLanguage_space-fsLR_dir-ffx
      Z-map dir: /ptmp/hmueller2/2025_ibc_latent/outputs/glm/contrast_maps_fsLR/sub-09/res_task-RSVPLanguage_space-fsLR_dir-ffx/z_score_maps
      Z-map dir exists: True
      Glob pattern for z-maps: /ptmp/hmueller2/2025_ibc_latent/outputs/glm/contrast_maps_fsLR/sub-09/res_task-RSVPLanguage_space-fsLR_dir-ffx/z_score_maps/*.dscalar.nii
      Found 19 z-maps
    Processing task 'RewProc':
      Task dir: /ptmp/hmueller2/2025_ibc_latent/outputs/glm/contrast_maps_fsLR/sub-09/res_task-RewProc_space-fsLR_dir-ffx
      Z-map dir: /ptmp/hmueller2/2025_ibc_latent/outputs/glm/contrast_maps_fsLR/sub-09/res_task-RewProc_space-fsLR_dir-ffx/z_score_maps
      Z-map dir exists: True
      Glob pattern for z-maps: /ptmp/hmueller2/2025_ibc_latent/outputs/glm/contrast_maps_fsLR/sub-09/res_task-RewProc_space-fsLR_dir-ffx/z_score_maps/*.dscalar.nii
      Found 17 z-maps
    Processing task 'Scene':
      Task dir: /ptmp/hmueller2/2025_ibc_latent/outputs/glm/contrast_maps_fsLR/sub-09/res_task-Scene_space-fsLR_dir-ffx
      Z-map dir: /ptmp/hmueller2/2025_ibc_latent/outputs/glm/contrast_maps_fsLR/sub-09/res_task-Scene_space-fsLR_dir-ffx/z_score_maps
      Z-map dir exists: True
      Glob pattern for z-maps: /ptmp/hmueller2/2025_ibc_latent/outputs/glm/contrast_maps_fsLR/sub-09/res_task-Scene_space-fsLR_dir-ffx/z_score_maps/*.dscalar.nii
      Found 11 z-maps
    Processing task 'SelectiveStopSignal':
      Task dir: /ptmp/hmueller2/2025_ibc_latent/outputs/glm/contrast_maps_fsLR/sub-09/res_task-SelectiveStopSignal_space-fsLR_dir-ffx
      Z-map dir: /ptmp/hmueller2/2025_ibc_latent/outputs/glm/contrast_maps_fsLR/sub-09/res_task-SelectiveStopSignal_space-fsLR_dir-ffx/z_score_maps
      Z-map dir exists: True
      Glob pattern for z-maps: /ptmp/hmueller2/2025_ibc_latent/outputs/glm/contrast_maps_fsLR/sub-09/res_task-SelectiveStopSignal_space-fsLR_dir-ffx/z_score_maps/*.dscalar.nii
      Found 8 z-maps
    Processing task 'Self':
      Task dir: /ptmp/hmueller2/2025_ibc_latent/outputs/glm/contrast_maps_fsLR/sub-09/res_task-Self_space-fsLR_dir-ffx
      Z-map dir: /ptmp/hmueller2/2025_ibc_latent/outputs/glm/contrast_maps_fsLR/sub-09/res_task-Self_space-fsLR_dir-ffx/z_score_maps
      Z-map dir exists: True
      Glob pattern for z-maps: /ptmp/hmueller2/2025_ibc_latent/outputs/glm/contrast_maps_fsLR/sub-09/res_task-Self_space-fsLR_dir-ffx/z_score_maps/*.dscalar.nii
      Found 11 z-maps
    Processing task 'SpatialNavigation':
      Task dir: /ptmp/hmueller2/2025_ibc_latent/outputs/glm/contrast_maps_fsLR/sub-09/res_task-SpatialNavigation_space-fsLR_dir-ffx
      Z-map dir: /ptmp/hmueller2/2025_ibc_latent/outputs/glm/contrast_maps_fsLR/sub-09/res_task-SpatialNavigation_space-fsLR_dir-ffx/z_score_maps
      Z-map dir exists: True
      Glob pattern for z-maps: /ptmp/hmueller2/2025_ibc_latent/outputs/glm/contrast_maps_fsLR/sub-09/res_task-SpatialNavigation_space-fsLR_dir-ffx/z_score_maps/*.dscalar.nii
      Found 9 z-maps
    Processing task 'StopNogo':
      Task dir: /ptmp/hmueller2/2025_ibc_latent/outputs/glm/contrast_maps_fsLR/sub-09/res_task-StopNogo_space-fsLR_dir-ffx
      Z-map dir: /ptmp/hmueller2/2025_ibc_latent/outputs/glm/contrast_maps_fsLR/sub-09/res_task-StopNogo_space-fsLR_dir-ffx/z_score_maps
      Z-map dir exists: True
      Glob pattern for z-maps: /ptmp/hmueller2/2025_ibc_latent/outputs/glm/contrast_maps_fsLR/sub-09/res_task-StopNogo_space-fsLR_dir-ffx/z_score_maps/*.dscalar.nii
      Found 7 z-maps
    Processing task 'StopSignal':
      Task dir: /ptmp/hmueller2/2025_ibc_latent/outputs/glm/contrast_maps_fsLR/sub-09/res_task-StopSignal_space-fsLR_dir-ffx
      Z-map dir: /ptmp/hmueller2/2025_ibc_latent/outputs/glm/contrast_maps_fsLR/sub-09/res_task-StopSignal_space-fsLR_dir-ffx/z_score_maps
      Z-map dir exists: True
      Glob pattern for z-maps: /ptmp/hmueller2/2025_ibc_latent/outputs/glm/contrast_maps_fsLR/sub-09/res_task-StopSignal_space-fsLR_dir-ffx/z_score_maps/*.dscalar.nii
      Found 3 z-maps
    Processing task 'Stroop':
      Task dir: /ptmp/hmueller2/2025_ibc_latent/outputs/glm/contrast_maps_fsLR/sub-09/res_task-Stroop_space-fsLR_dir-ffx
      Z-map dir: /ptmp/hmueller2/2025_ibc_latent/outputs/glm/contrast_maps_fsLR/sub-09/res_task-Stroop_space-fsLR_dir-ffx/z_score_maps
      Z-map dir exists: True
      Glob pattern for z-maps: /ptmp/hmueller2/2025_ibc_latent/outputs/glm/contrast_maps_fsLR/sub-09/res_task-Stroop_space-fsLR_dir-ffx/z_score_maps/*.dscalar.nii
      Found 3 z-maps
    Processing task 'TheoryOfMind':
      Task dir: /ptmp/hmueller2/2025_ibc_latent/outputs/glm/contrast_maps_fsLR/sub-09/res_task-TheoryOfMind_space-fsLR_dir-ffx
      Z-map dir: /ptmp/hmueller2/2025_ibc_latent/outputs/glm/contrast_maps_fsLR/sub-09/res_task-TheoryOfMind_space-fsLR_dir-ffx/z_score_maps
      Z-map dir exists: True
      Glob pattern for z-maps: /ptmp/hmueller2/2025_ibc_latent/outputs/glm/contrast_maps_fsLR/sub-09/res_task-TheoryOfMind_space-fsLR_dir-ffx/z_score_maps/*.dscalar.nii
      Found 3 z-maps
    Processing task 'TwoByTwo':
      Task dir: /ptmp/hmueller2/2025_ibc_latent/outputs/glm/contrast_maps_fsLR/sub-09/res_task-TwoByTwo_space-fsLR_dir-ffx
      Z-map dir: /ptmp/hmueller2/2025_ibc_latent/outputs/glm/contrast_maps_fsLR/sub-09/res_task-TwoByTwo_space-fsLR_dir-ffx/z_score_maps
      Z-map dir exists: True
      Glob pattern for z-maps: /ptmp/hmueller2/2025_ibc_latent/outputs/glm/contrast_maps_fsLR/sub-09/res_task-TwoByTwo_space-fsLR_dir-ffx/z_score_maps/*.dscalar.nii
      Found 10 z-maps
    Processing task 'VSTMC':
      Task dir: /ptmp/hmueller2/2025_ibc_latent/outputs/glm/contrast_maps_fsLR/sub-09/res_task-VSTMC_space-fsLR_dir-ffx
      Z-map dir: /ptmp/hmueller2/2025_ibc_latent/outputs/glm/contrast_maps_fsLR/sub-09/res_task-VSTMC_space-fsLR_dir-ffx/z_score_maps
      Z-map dir exists: True
      Glob pattern for z-maps: /ptmp/hmueller2/2025_ibc_latent/outputs/glm/contrast_maps_fsLR/sub-09/res_task-VSTMC_space-fsLR_dir-ffx/z_score_maps/*.dscalar.nii
      Found 10 z-maps
    Processing task 'VSTM':
      Task dir: /ptmp/hmueller2/2025_ibc_latent/outputs/glm/contrast_maps_fsLR/sub-09/res_task-VSTM_space-fsLR_dir-ffx
      Z-map dir: /ptmp/hmueller2/2025_ibc_latent/outputs/glm/contrast_maps_fsLR/sub-09/res_task-VSTM_space-fsLR_dir-ffx/z_score_maps
      Z-map dir exists: True
      Glob pattern for z-maps: /ptmp/hmueller2/2025_ibc_latent/outputs/glm/contrast_maps_fsLR/sub-09/res_task-VSTM_space-fsLR_dir-ffx/z_score_maps/*.dscalar.nii
      Found 3 z-maps
    Processing task 'Visu':
      Task dir: /ptmp/hmueller2/2025_ibc_latent/outputs/glm/contrast_maps_fsLR/sub-09/res_task-Visu_space-fsLR_dir-ffx
      Z-map dir: /ptmp/hmueller2/2025_ibc_latent/outputs/glm/contrast_maps_fsLR/sub-09/res_task-Visu_space-fsLR_dir-ffx/z_score_maps
      Z-map dir exists: True
      Glob pattern for z-maps: /ptmp/hmueller2/2025_ibc_latent/outputs/glm/contrast_maps_fsLR/sub-09/res_task-Visu_space-fsLR_dir-ffx/z_score_maps/*.dscalar.nii
      Found 16 z-maps
    Processing task 'VisualSearch':
      Task dir: /ptmp/hmueller2/2025_ibc_latent/outputs/glm/contrast_maps_fsLR/sub-09/res_task-VisualSearch_space-fsLR_dir-ffx
      Z-map dir: /ptmp/hmueller2/2025_ibc_latent/outputs/glm/contrast_maps_fsLR/sub-09/res_task-VisualSearch_space-fsLR_dir-ffx/z_score_maps
      Z-map dir exists: True
      Glob pattern for z-maps: /ptmp/hmueller2/2025_ibc_latent/outputs/glm/contrast_maps_fsLR/sub-09/res_task-VisualSearch_space-fsLR_dir-ffx/z_score_maps/*.dscalar.nii
      Found 22 z-maps
    Processing task 'WardAndAllport':
      Task dir: /ptmp/hmueller2/2025_ibc_latent/outputs/glm/contrast_maps_fsLR/sub-09/res_task-WardAndAllport_space-fsLR_dir-ffx
      Z-map dir: /ptmp/hmueller2/2025_ibc_latent/outputs/glm/contrast_maps_fsLR/sub-09/res_task-WardAndAllport_space-fsLR_dir-ffx/z_score_maps
      Z-map dir exists: True
      Glob pattern for z-maps: /ptmp/hmueller2/2025_ibc_latent/outputs/glm/contrast_maps_fsLR/sub-09/res_task-WardAndAllport_space-fsLR_dir-ffx/z_score_maps/*.dscalar.nii
      Found 10 z-maps
    Processing task 'WedgeAnti':
      Task dir: /ptmp/hmueller2/2025_ibc_latent/outputs/glm/contrast_maps_fsLR/sub-09/res_task-WedgeAnti_space-fsLR_dir-ffx
      Z-map dir: /ptmp/hmueller2/2025_ibc_latent/outputs/glm/contrast_maps_fsLR/sub-09/res_task-WedgeAnti_space-fsLR_dir-ffx/z_score_maps
      Z-map dir exists: True
      Glob pattern for z-maps: /ptmp/hmueller2/2025_ibc_latent/outputs/glm/contrast_maps_fsLR/sub-09/res_task-WedgeAnti_space-fsLR_dir-ffx/z_score_maps/*.dscalar.nii
      Found 8 z-maps
    Processing task 'WedgeClock':
      Task dir: /ptmp/hmueller2/2025_ibc_latent/outputs/glm/contrast_maps_fsLR/sub-09/res_task-WedgeClock_space-fsLR_dir-ffx
      Z-map dir: /ptmp/hmueller2/2025_ibc_latent/outputs/glm/contrast_maps_fsLR/sub-09/res_task-WedgeClock_space-fsLR_dir-ffx/z_score_maps
      Z-map dir exists: True
      Glob pattern for z-maps: /ptmp/hmueller2/2025_ibc_latent/outputs/glm/contrast_maps_fsLR/sub-09/res_task-WedgeClock_space-fsLR_dir-ffx/z_score_maps/*.dscalar.nii
      Found 8 z-maps
  ! Workbench smoothing failed for HcpWm/2back-0back, using unsmoothed map: Missing required file(s) for Workbench smoothing: ['/home/hmueller2/workbench/bin_linux64/wb_command']
  ✓ Loaded: HcpWm/2back-0back
  ! Workbench smoothing failed for ItemRecognition/encode5-encode1, using unsmoothed map: Missing required file(s) for Workbench smoothing: ['/home/hmueller2/workbench/bin_linux64/wb_command']
  ✓ Loaded: ItemRecognition/encode5-encode1
  - Not available: MDTB/2back_hard-easy
  - Not available: MDTB/search_hard-easy
  - Not available: MDTB/semantic_hard-easy
  - Not available: MDTB/finger_complex-simple
  - Not available: GoodBadUgly/dot_hard-easy
  ! Workbench smoothing failed for Stroop/incongruent-congruent, using unsmoothed map: Missing required file(s) for Workbench smoothing: ['/home/hmueller2/workbench/bin_linux64/wb_command']
  ✓ Loaded: Stroop/incongruent-congruent
  ! Workbench smoothing failed for Catell/hard-easy, using unsmoothed map: Missing required file(s) for Workbench smoothing: ['/home/hmueller2/workbench/bin_linux64/wb_command']
  ✓ Loaded: Catell/hard-easy

Applied Workbench CIFTI smoothing to input contrasts (FWHM=4.0mm)

Combined 4 MD contrasts
Mean z-score: 0.002 ± 0.536
Max z-score: 2.198

Threshold: z > 2.3
Suprathreshold vertices: 0 (0.0%)

✓ Saved mean MD map: /ptmp/hmueller2/2025_ibc_latent/outputs/md_system/vertex_wise/sub-09/sub-09_MD_mean.dscalar.nii
✓ Saved thresholded MD map: /ptmp/hmueller2/2025_ibc_latent/outputs/md_system/vertex_wise/sub-09/sub-09_MD_mean_thresh_2.3.dscalar.nii
✓ Saved std MD map: /ptmp/hmueller2/2025_ibc_latent/outputs/md_system/vertex_wise/sub-09/sub-09_MD_std.dscalar.nii
✓ Saved contrast info: /ptmp/hmueller2/2025_ibc_latent/outputs/md_system/vertex_wise/sub-09/sub-09_MD_contrasts.txt

============================================================
Processing subject 11
============================================================
  Looking for contrasts in: /ptmp/hmueller2/2025_ibc_latent/outputs/glm/contrast_maps_fsLR/sub-11
  Subject directory contents (89 items): ['res_task-ArchiEmotional_space-fsLR_dir-ffx', 'res_task-ArchiSocial_space-fsLR_dir-ffx', 'res_task-ArchiSpatial_space-fsLR_dir-ffx', 'res_task-ArchiStandard_space-fsLR_dir-ffx', 'res_task-Attention_space-fsLR_dir-ffx', 'res_task-Audi_space-fsLR_dir-ffx', 'res_task-BiologicalMotion1_space-fsLR_dir-ffx', 'res_task-BiologicalMotion2_space-fsLR_dir-ffx', 'res_task-BreathHolding_space-fsLR_dir-ffx', 'res_task-Catell_space-fsLR_dir-ffx', 'res_task-Checkerboard_space-fsLR_dir-ffx', 'res_task-Color_space-fsLR_dir-ffx', 'res_task-ColumbiaCards_space-fsLR_dir-ffx', 'res_task-Discount_space-fsLR_dir-ffx', 'res_task-DotPatterns_space-fsLR_dir-ffx', 'res_task-EmoMem_space-fsLR_dir-ffx', 'res_task-EmoReco_space-fsLR_dir-ffx', 'res_task-EmotionalPain_space-fsLR_dir-ffx', 'res_task-Enumeration_space-fsLR_dir-ffx', 'res_task-FaceBody_space-fsLR_dir-ffx', 'res_task-FingerTap_space-fsLR_dir-ffx', 'res_task-HcpEmotion_space-fsLR_dir-ffx', 'res_task-HcpGambling_space-fsLR_dir-ffx', 'res_task-HcpLanguage_space-fsLR_dir-ffx', 'res_task-HcpMotor_space-fsLR_dir-ffx', 'res_task-HcpRelational_space-fsLR_dir-ffx', 'res_task-HcpSocial_space-fsLR_dir-ffx', 'res_task-HcpWm_space-fsLR_dir-ffx', 'res_task-ItemRecognition_space-fsLR_dir-ffx', 'res_task-Lec1_space-fsLR_dir-ffx', 'res_task-Lec2_space-fsLR_dir-ffx', 'res_task-MCSE_space-fsLR_dir-ffx', 'res_task-MTTNS_space-fsLR_dir-ffx', 'res_task-MTTWE_space-fsLR_dir-ffx', 'res_task-MVEB_space-fsLR_dir-ffx', 'res_task-MVIS_space-fsLR_dir-ffx', 'res_task-MathLanguage_space-fsLR_dir-ffx', 'res_task-Motion_space-fsLR_dir-ffx', 'res_task-Moto_space-fsLR_dir-ffx', 'res_task-NARPS_space-fsLR_dir-ffx', 'res_task-PainMovie_space-fsLR_dir-ffx', 'res_task-PreferenceFaces_space-fsLR_dir-ffx', 'res_task-PreferenceFood_space-fsLR_dir-ffx', 'res_task-PreferenceHouses_space-fsLR_dir-ffx', 'res_task-RSVPLanguage_space-fsLR_dir-ffx', 'res_task-RewProc_space-fsLR_dir-ffx', 'res_task-Scene_space-fsLR_dir-ffx', 'res_task-SelectiveStopSignal_space-fsLR_dir-ffx', 'res_task-Self_space-fsLR_dir-ffx', 'res_task-SpatialNavigation_space-fsLR_dir-ffx', 'res_task-StopNogo_space-fsLR_dir-ffx', 'res_task-StopSignal_space-fsLR_dir-ffx', 'res_task-Stroop_space-fsLR_dir-ffx', 'res_task-TheoryOfMind_space-fsLR_dir-ffx', 'res_task-TwoByTwo_space-fsLR_dir-ffx', 'res_task-VSTMC_space-fsLR_dir-ffx', 'res_task-VSTM_space-fsLR_dir-ffx', 'res_task-Visu_space-fsLR_dir-ffx', 'res_task-VisualSearch_space-fsLR_dir-ffx', 'res_task-WardAndAllport_space-fsLR_dir-ffx', 'res_task-WedgeAnti_space-fsLR_dir-ffx', 'res_task-WedgeClock_space-fsLR_dir-ffx', 'ses-00', 'ses-01', 'ses-02', 'ses-03', 'ses-05', 'ses-08', 'ses-11', 'ses-12', 'ses-16', 'ses-18', 'ses-19', 'ses-20', 'ses-21', 'ses-22', 'ses-25', 'ses-26', 'ses-27', 'ses-30', 'ses-32', 'ses-36', 'ses-37', 'ses-38', 'ses-39', 'ses-40', 'ses-41', 'ses-42', 'ses-44']
  Glob pattern: /ptmp/hmueller2/2025_ibc_latent/outputs/glm/contrast_maps_fsLR/sub-11/res_task-*_space-fsLR_dir-ffx
  Found 62 task directories: ['/ptmp/hmueller2/2025_ibc_latent/outputs/glm/contrast_maps_fsLR/sub-11/res_task-ArchiEmotional_space-fsLR_dir-ffx', '/ptmp/hmueller2/2025_ibc_latent/outputs/glm/contrast_maps_fsLR/sub-11/res_task-ArchiSocial_space-fsLR_dir-ffx', '/ptmp/hmueller2/2025_ibc_latent/outputs/glm/contrast_maps_fsLR/sub-11/res_task-ArchiSpatial_space-fsLR_dir-ffx', '/ptmp/hmueller2/2025_ibc_latent/outputs/glm/contrast_maps_fsLR/sub-11/res_task-ArchiStandard_space-fsLR_dir-ffx', '/ptmp/hmueller2/2025_ibc_latent/outputs/glm/contrast_maps_fsLR/sub-11/res_task-Attention_space-fsLR_dir-ffx', '/ptmp/hmueller2/2025_ibc_latent/outputs/glm/contrast_maps_fsLR/sub-11/res_task-Audi_space-fsLR_dir-ffx', '/ptmp/hmueller2/2025_ibc_latent/outputs/glm/contrast_maps_fsLR/sub-11/res_task-BiologicalMotion1_space-fsLR_dir-ffx', '/ptmp/hmueller2/2025_ibc_latent/outputs/glm/contrast_maps_fsLR/sub-11/res_task-BiologicalMotion2_space-fsLR_dir-ffx', '/ptmp/hmueller2/2025_ibc_latent/outputs/glm/contrast_maps_fsLR/sub-11/res_task-BreathHolding_space-fsLR_dir-ffx', '/ptmp/hmueller2/2025_ibc_latent/outputs/glm/contrast_maps_fsLR/sub-11/res_task-Catell_space-fsLR_dir-ffx', '/ptmp/hmueller2/2025_ibc_latent/outputs/glm/contrast_maps_fsLR/sub-11/res_task-Checkerboard_space-fsLR_dir-ffx', '/ptmp/hmueller2/2025_ibc_latent/outputs/glm/contrast_maps_fsLR/sub-11/res_task-Color_space-fsLR_dir-ffx', '/ptmp/hmueller2/2025_ibc_latent/outputs/glm/contrast_maps_fsLR/sub-11/res_task-ColumbiaCards_space-fsLR_dir-ffx', '/ptmp/hmueller2/2025_ibc_latent/outputs/glm/contrast_maps_fsLR/sub-11/res_task-Discount_space-fsLR_dir-ffx', '/ptmp/hmueller2/2025_ibc_latent/outputs/glm/contrast_maps_fsLR/sub-11/res_task-DotPatterns_space-fsLR_dir-ffx', '/ptmp/hmueller2/2025_ibc_latent/outputs/glm/contrast_maps_fsLR/sub-11/res_task-EmoMem_space-fsLR_dir-ffx', '/ptmp/hmueller2/2025_ibc_latent/outputs/glm/contrast_maps_fsLR/sub-11/res_task-EmoReco_space-fsLR_dir-ffx', '/ptmp/hmueller2/2025_ibc_latent/outputs/glm/contrast_maps_fsLR/sub-11/res_task-EmotionalPain_space-fsLR_dir-ffx', '/ptmp/hmueller2/2025_ibc_latent/outputs/glm/contrast_maps_fsLR/sub-11/res_task-Enumeration_space-fsLR_dir-ffx', '/ptmp/hmueller2/2025_ibc_latent/outputs/glm/contrast_maps_fsLR/sub-11/res_task-FaceBody_space-fsLR_dir-ffx', '/ptmp/hmueller2/2025_ibc_latent/outputs/glm/contrast_maps_fsLR/sub-11/res_task-FingerTap_space-fsLR_dir-ffx', '/ptmp/hmueller2/2025_ibc_latent/outputs/glm/contrast_maps_fsLR/sub-11/res_task-HcpEmotion_space-fsLR_dir-ffx', '/ptmp/hmueller2/2025_ibc_latent/outputs/glm/contrast_maps_fsLR/sub-11/res_task-HcpGambling_space-fsLR_dir-ffx', '/ptmp/hmueller2/2025_ibc_latent/outputs/glm/contrast_maps_fsLR/sub-11/res_task-HcpLanguage_space-fsLR_dir-ffx', '/ptmp/hmueller2/2025_ibc_latent/outputs/glm/contrast_maps_fsLR/sub-11/res_task-HcpMotor_space-fsLR_dir-ffx', '/ptmp/hmueller2/2025_ibc_latent/outputs/glm/contrast_maps_fsLR/sub-11/res_task-HcpRelational_space-fsLR_dir-ffx', '/ptmp/hmueller2/2025_ibc_latent/outputs/glm/contrast_maps_fsLR/sub-11/res_task-HcpSocial_space-fsLR_dir-ffx', '/ptmp/hmueller2/2025_ibc_latent/outputs/glm/contrast_maps_fsLR/sub-11/res_task-HcpWm_space-fsLR_dir-ffx', '/ptmp/hmueller2/2025_ibc_latent/outputs/glm/contrast_maps_fsLR/sub-11/res_task-ItemRecognition_space-fsLR_dir-ffx', '/ptmp/hmueller2/2025_ibc_latent/outputs/glm/contrast_maps_fsLR/sub-11/res_task-Lec1_space-fsLR_dir-ffx', '/ptmp/hmueller2/2025_ibc_latent/outputs/glm/contrast_maps_fsLR/sub-11/res_task-Lec2_space-fsLR_dir-ffx', '/ptmp/hmueller2/2025_ibc_latent/outputs/glm/contrast_maps_fsLR/sub-11/res_task-MCSE_space-fsLR_dir-ffx', '/ptmp/hmueller2/2025_ibc_latent/outputs/glm/contrast_maps_fsLR/sub-11/res_task-MTTNS_space-fsLR_dir-ffx', '/ptmp/hmueller2/2025_ibc_latent/outputs/glm/contrast_maps_fsLR/sub-11/res_task-MTTWE_space-fsLR_dir-ffx', '/ptmp/hmueller2/2025_ibc_latent/outputs/glm/contrast_maps_fsLR/sub-11/res_task-MVEB_space-fsLR_dir-ffx', '/ptmp/hmueller2/2025_ibc_latent/outputs/glm/contrast_maps_fsLR/sub-11/res_task-MVIS_space-fsLR_dir-ffx', '/ptmp/hmueller2/2025_ibc_latent/outputs/glm/contrast_maps_fsLR/sub-11/res_task-MathLanguage_space-fsLR_dir-ffx', '/ptmp/hmueller2/2025_ibc_latent/outputs/glm/contrast_maps_fsLR/sub-11/res_task-Motion_space-fsLR_dir-ffx', '/ptmp/hmueller2/2025_ibc_latent/outputs/glm/contrast_maps_fsLR/sub-11/res_task-Moto_space-fsLR_dir-ffx', '/ptmp/hmueller2/2025_ibc_latent/outputs/glm/contrast_maps_fsLR/sub-11/res_task-NARPS_space-fsLR_dir-ffx', '/ptmp/hmueller2/2025_ibc_latent/outputs/glm/contrast_maps_fsLR/sub-11/res_task-PainMovie_space-fsLR_dir-ffx', '/ptmp/hmueller2/2025_ibc_latent/outputs/glm/contrast_maps_fsLR/sub-11/res_task-PreferenceFaces_space-fsLR_dir-ffx', '/ptmp/hmueller2/2025_ibc_latent/outputs/glm/contrast_maps_fsLR/sub-11/res_task-PreferenceFood_space-fsLR_dir-ffx', '/ptmp/hmueller2/2025_ibc_latent/outputs/glm/contrast_maps_fsLR/sub-11/res_task-PreferenceHouses_space-fsLR_dir-ffx', '/ptmp/hmueller2/2025_ibc_latent/outputs/glm/contrast_maps_fsLR/sub-11/res_task-RSVPLanguage_space-fsLR_dir-ffx', '/ptmp/hmueller2/2025_ibc_latent/outputs/glm/contrast_maps_fsLR/sub-11/res_task-RewProc_space-fsLR_dir-ffx', '/ptmp/hmueller2/2025_ibc_latent/outputs/glm/contrast_maps_fsLR/sub-11/res_task-Scene_space-fsLR_dir-ffx', '/ptmp/hmueller2/2025_ibc_latent/outputs/glm/contrast_maps_fsLR/sub-11/res_task-SelectiveStopSignal_space-fsLR_dir-ffx', '/ptmp/hmueller2/2025_ibc_latent/outputs/glm/contrast_maps_fsLR/sub-11/res_task-Self_space-fsLR_dir-ffx', '/ptmp/hmueller2/2025_ibc_latent/outputs/glm/contrast_maps_fsLR/sub-11/res_task-SpatialNavigation_space-fsLR_dir-ffx', '/ptmp/hmueller2/2025_ibc_latent/outputs/glm/contrast_maps_fsLR/sub-11/res_task-StopNogo_space-fsLR_dir-ffx', '/ptmp/hmueller2/2025_ibc_latent/outputs/glm/contrast_maps_fsLR/sub-11/res_task-StopSignal_space-fsLR_dir-ffx', '/ptmp/hmueller2/2025_ibc_latent/outputs/glm/contrast_maps_fsLR/sub-11/res_task-Stroop_space-fsLR_dir-ffx', '/ptmp/hmueller2/2025_ibc_latent/outputs/glm/contrast_maps_fsLR/sub-11/res_task-TheoryOfMind_space-fsLR_dir-ffx', '/ptmp/hmueller2/2025_ibc_latent/outputs/glm/contrast_maps_fsLR/sub-11/res_task-TwoByTwo_space-fsLR_dir-ffx', '/ptmp/hmueller2/2025_ibc_latent/outputs/glm/contrast_maps_fsLR/sub-11/res_task-VSTMC_space-fsLR_dir-ffx', '/ptmp/hmueller2/2025_ibc_latent/outputs/glm/contrast_maps_fsLR/sub-11/res_task-VSTM_space-fsLR_dir-ffx', '/ptmp/hmueller2/2025_ibc_latent/outputs/glm/contrast_maps_fsLR/sub-11/res_task-Visu_space-fsLR_dir-ffx', '/ptmp/hmueller2/2025_ibc_latent/outputs/glm/contrast_maps_fsLR/sub-11/res_task-VisualSearch_space-fsLR_dir-ffx', '/ptmp/hmueller2/2025_ibc_latent/outputs/glm/contrast_maps_fsLR/sub-11/res_task-WardAndAllport_space-fsLR_dir-ffx', '/ptmp/hmueller2/2025_ibc_latent/outputs/glm/contrast_maps_fsLR/sub-11/res_task-WedgeAnti_space-fsLR_dir-ffx', '/ptmp/hmueller2/2025_ibc_latent/outputs/glm/contrast_maps_fsLR/sub-11/res_task-WedgeClock_space-fsLR_dir-ffx']
    Processing task 'ArchiEmotional':
      Task dir: /ptmp/hmueller2/2025_ibc_latent/outputs/glm/contrast_maps_fsLR/sub-11/res_task-ArchiEmotional_space-fsLR_dir-ffx
      Z-map dir: /ptmp/hmueller2/2025_ibc_latent/outputs/glm/contrast_maps_fsLR/sub-11/res_task-ArchiEmotional_space-fsLR_dir-ffx/z_score_maps
      Z-map dir exists: True
      Glob pattern for z-maps: /ptmp/hmueller2/2025_ibc_latent/outputs/glm/contrast_maps_fsLR/sub-11/res_task-ArchiEmotional_space-fsLR_dir-ffx/z_score_maps/*.dscalar.nii
      Found 14 z-maps
    Processing task 'ArchiSocial':
      Task dir: /ptmp/hmueller2/2025_ibc_latent/outputs/glm/contrast_maps_fsLR/sub-11/res_task-ArchiSocial_space-fsLR_dir-ffx
      Z-map dir: /ptmp/hmueller2/2025_ibc_latent/outputs/glm/contrast_maps_fsLR/sub-11/res_task-ArchiSocial_space-fsLR_dir-ffx/z_score_maps
      Z-map dir exists: True
      Glob pattern for z-maps: /ptmp/hmueller2/2025_ibc_latent/outputs/glm/contrast_maps_fsLR/sub-11/res_task-ArchiSocial_space-fsLR_dir-ffx/z_score_maps/*.dscalar.nii
      Found 13 z-maps
    Processing task 'ArchiSpatial':
      Task dir: /ptmp/hmueller2/2025_ibc_latent/outputs/glm/contrast_maps_fsLR/sub-11/res_task-ArchiSpatial_space-fsLR_dir-ffx
      Z-map dir: /ptmp/hmueller2/2025_ibc_latent/outputs/glm/contrast_maps_fsLR/sub-11/res_task-ArchiSpatial_space-fsLR_dir-ffx/z_score_maps
      Z-map dir exists: True
      Glob pattern for z-maps: /ptmp/hmueller2/2025_ibc_latent/outputs/glm/contrast_maps_fsLR/sub-11/res_task-ArchiSpatial_space-fsLR_dir-ffx/z_score_maps/*.dscalar.nii
      Found 7 z-maps
    Processing task 'ArchiStandard':
      Task dir: /ptmp/hmueller2/2025_ibc_latent/outputs/glm/contrast_maps_fsLR/sub-11/res_task-ArchiStandard_space-fsLR_dir-ffx
      Z-map dir: /ptmp/hmueller2/2025_ibc_latent/outputs/glm/contrast_maps_fsLR/sub-11/res_task-ArchiStandard_space-fsLR_dir-ffx/z_score_maps
      Z-map dir exists: True
      Glob pattern for z-maps: /ptmp/hmueller2/2025_ibc_latent/outputs/glm/contrast_maps_fsLR/sub-11/res_task-ArchiStandard_space-fsLR_dir-ffx/z_score_maps/*.dscalar.nii
      Found 23 z-maps
    Processing task 'Attention':
      Task dir: /ptmp/hmueller2/2025_ibc_latent/outputs/glm/contrast_maps_fsLR/sub-11/res_task-Attention_space-fsLR_dir-ffx
      Z-map dir: /ptmp/hmueller2/2025_ibc_latent/outputs/glm/contrast_maps_fsLR/sub-11/res_task-Attention_space-fsLR_dir-ffx/z_score_maps
      Z-map dir exists: True
      Glob pattern for z-maps: /ptmp/hmueller2/2025_ibc_latent/outputs/glm/contrast_maps_fsLR/sub-11/res_task-Attention_space-fsLR_dir-ffx/z_score_maps/*.dscalar.nii
      Found 10 z-maps
    Processing task 'Audi':
      Task dir: /ptmp/hmueller2/2025_ibc_latent/outputs/glm/contrast_maps_fsLR/sub-11/res_task-Audi_space-fsLR_dir-ffx
      Z-map dir: /ptmp/hmueller2/2025_ibc_latent/outputs/glm/contrast_maps_fsLR/sub-11/res_task-Audi_space-fsLR_dir-ffx/z_score_maps
      Z-map dir exists: True
      Glob pattern for z-maps: /ptmp/hmueller2/2025_ibc_latent/outputs/glm/contrast_maps_fsLR/sub-11/res_task-Audi_space-fsLR_dir-ffx/z_score_maps/*.dscalar.nii
      Found 25 z-maps
    Processing task 'BiologicalMotion1':
      Task dir: /ptmp/hmueller2/2025_ibc_latent/outputs/glm/contrast_maps_fsLR/sub-11/res_task-BiologicalMotion1_space-fsLR_dir-ffx
      Z-map dir: /ptmp/hmueller2/2025_ibc_latent/outputs/glm/contrast_maps_fsLR/sub-11/res_task-BiologicalMotion1_space-fsLR_dir-ffx/z_score_maps
      Z-map dir exists: True
      Glob pattern for z-maps: /ptmp/hmueller2/2025_ibc_latent/outputs/glm/contrast_maps_fsLR/sub-11/res_task-BiologicalMotion1_space-fsLR_dir-ffx/z_score_maps/*.dscalar.nii
      Found 10 z-maps
    Processing task 'BiologicalMotion2':
      Task dir: /ptmp/hmueller2/2025_ibc_latent/outputs/glm/contrast_maps_fsLR/sub-11/res_task-BiologicalMotion2_space-fsLR_dir-ffx
      Z-map dir: /ptmp/hmueller2/2025_ibc_latent/outputs/glm/contrast_maps_fsLR/sub-11/res_task-BiologicalMotion2_space-fsLR_dir-ffx/z_score_maps
      Z-map dir exists: True
      Glob pattern for z-maps: /ptmp/hmueller2/2025_ibc_latent/outputs/glm/contrast_maps_fsLR/sub-11/res_task-BiologicalMotion2_space-fsLR_dir-ffx/z_score_maps/*.dscalar.nii
      Found 10 z-maps
    Processing task 'BreathHolding':
      Task dir: /ptmp/hmueller2/2025_ibc_latent/outputs/glm/contrast_maps_fsLR/sub-11/res_task-BreathHolding_space-fsLR_dir-ffx
      Z-map dir: /ptmp/hmueller2/2025_ibc_latent/outputs/glm/contrast_maps_fsLR/sub-11/res_task-BreathHolding_space-fsLR_dir-ffx/z_score_maps
      Z-map dir exists: True
      Glob pattern for z-maps: /ptmp/hmueller2/2025_ibc_latent/outputs/glm/contrast_maps_fsLR/sub-11/res_task-BreathHolding_space-fsLR_dir-ffx/z_score_maps/*.dscalar.nii
      Found 4 z-maps
    Processing task 'Catell':
      Task dir: /ptmp/hmueller2/2025_ibc_latent/outputs/glm/contrast_maps_fsLR/sub-11/res_task-Catell_space-fsLR_dir-ffx
      Z-map dir: /ptmp/hmueller2/2025_ibc_latent/outputs/glm/contrast_maps_fsLR/sub-11/res_task-Catell_space-fsLR_dir-ffx/z_score_maps
      Z-map dir exists: True
      Glob pattern for z-maps: /ptmp/hmueller2/2025_ibc_latent/outputs/glm/contrast_maps_fsLR/sub-11/res_task-Catell_space-fsLR_dir-ffx/z_score_maps/*.dscalar.nii
      Found 3 z-maps
    Processing task 'Checkerboard':
      Task dir: /ptmp/hmueller2/2025_ibc_latent/outputs/glm/contrast_maps_fsLR/sub-11/res_task-Checkerboard_space-fsLR_dir-ffx
      Z-map dir: /ptmp/hmueller2/2025_ibc_latent/outputs/glm/contrast_maps_fsLR/sub-11/res_task-Checkerboard_space-fsLR_dir-ffx/z_score_maps
      Z-map dir exists: True
      Glob pattern for z-maps: /ptmp/hmueller2/2025_ibc_latent/outputs/glm/contrast_maps_fsLR/sub-11/res_task-Checkerboard_space-fsLR_dir-ffx/z_score_maps/*.dscalar.nii
      Found 3 z-maps
    Processing task 'Color':
      Task dir: /ptmp/hmueller2/2025_ibc_latent/outputs/glm/contrast_maps_fsLR/sub-11/res_task-Color_space-fsLR_dir-ffx
      Z-map dir: /ptmp/hmueller2/2025_ibc_latent/outputs/glm/contrast_maps_fsLR/sub-11/res_task-Color_space-fsLR_dir-ffx/z_score_maps
      Z-map dir exists: True
      Glob pattern for z-maps: /ptmp/hmueller2/2025_ibc_latent/outputs/glm/contrast_maps_fsLR/sub-11/res_task-Color_space-fsLR_dir-ffx/z_score_maps/*.dscalar.nii
      Found 4 z-maps
    Processing task 'ColumbiaCards':
      Task dir: /ptmp/hmueller2/2025_ibc_latent/outputs/glm/contrast_maps_fsLR/sub-11/res_task-ColumbiaCards_space-fsLR_dir-ffx
      Z-map dir: /ptmp/hmueller2/2025_ibc_latent/outputs/glm/contrast_maps_fsLR/sub-11/res_task-ColumbiaCards_space-fsLR_dir-ffx/z_score_maps
      Z-map dir exists: True
      Glob pattern for z-maps: /ptmp/hmueller2/2025_ibc_latent/outputs/glm/contrast_maps_fsLR/sub-11/res_task-ColumbiaCards_space-fsLR_dir-ffx/z_score_maps/*.dscalar.nii
      Found 3 z-maps
    Processing task 'Discount':
      Task dir: /ptmp/hmueller2/2025_ibc_latent/outputs/glm/contrast_maps_fsLR/sub-11/res_task-Discount_space-fsLR_dir-ffx
      Z-map dir: /ptmp/hmueller2/2025_ibc_latent/outputs/glm/contrast_maps_fsLR/sub-11/res_task-Discount_space-fsLR_dir-ffx/z_score_maps
      Z-map dir exists: True
      Glob pattern for z-maps: /ptmp/hmueller2/2025_ibc_latent/outputs/glm/contrast_maps_fsLR/sub-11/res_task-Discount_space-fsLR_dir-ffx/z_score_maps/*.dscalar.nii
      Found 2 z-maps
    Processing task 'DotPatterns':
      Task dir: /ptmp/hmueller2/2025_ibc_latent/outputs/glm/contrast_maps_fsLR/sub-11/res_task-DotPatterns_space-fsLR_dir-ffx
      Z-map dir: /ptmp/hmueller2/2025_ibc_latent/outputs/glm/contrast_maps_fsLR/sub-11/res_task-DotPatterns_space-fsLR_dir-ffx/z_score_maps
      Z-map dir exists: True
      Glob pattern for z-maps: /ptmp/hmueller2/2025_ibc_latent/outputs/glm/contrast_maps_fsLR/sub-11/res_task-DotPatterns_space-fsLR_dir-ffx/z_score_maps/*.dscalar.nii
      Found 11 z-maps
    Processing task 'EmoMem':
      Task dir: /ptmp/hmueller2/2025_ibc_latent/outputs/glm/contrast_maps_fsLR/sub-11/res_task-EmoMem_space-fsLR_dir-ffx
      Z-map dir: /ptmp/hmueller2/2025_ibc_latent/outputs/glm/contrast_maps_fsLR/sub-11/res_task-EmoMem_space-fsLR_dir-ffx/z_score_maps
      Z-map dir exists: True
      Glob pattern for z-maps: /ptmp/hmueller2/2025_ibc_latent/outputs/glm/contrast_maps_fsLR/sub-11/res_task-EmoMem_space-fsLR_dir-ffx/z_score_maps/*.dscalar.nii
      Found 6 z-maps
    Processing task 'EmoReco':
      Task dir: /ptmp/hmueller2/2025_ibc_latent/outputs/glm/contrast_maps_fsLR/sub-11/res_task-EmoReco_space-fsLR_dir-ffx
      Z-map dir: /ptmp/hmueller2/2025_ibc_latent/outputs/glm/contrast_maps_fsLR/sub-11/res_task-EmoReco_space-fsLR_dir-ffx/z_score_maps
      Z-map dir exists: True
      Glob pattern for z-maps: /ptmp/hmueller2/2025_ibc_latent/outputs/glm/contrast_maps_fsLR/sub-11/res_task-EmoReco_space-fsLR_dir-ffx/z_score_maps/*.dscalar.nii
      Found 10 z-maps
    Processing task 'EmotionalPain':
      Task dir: /ptmp/hmueller2/2025_ibc_latent/outputs/glm/contrast_maps_fsLR/sub-11/res_task-EmotionalPain_space-fsLR_dir-ffx
      Z-map dir: /ptmp/hmueller2/2025_ibc_latent/outputs/glm/contrast_maps_fsLR/sub-11/res_task-EmotionalPain_space-fsLR_dir-ffx/z_score_maps
      Z-map dir exists: True
      Glob pattern for z-maps: /ptmp/hmueller2/2025_ibc_latent/outputs/glm/contrast_maps_fsLR/sub-11/res_task-EmotionalPain_space-fsLR_dir-ffx/z_score_maps/*.dscalar.nii
      Found 3 z-maps
    Processing task 'Enumeration':
      Task dir: /ptmp/hmueller2/2025_ibc_latent/outputs/glm/contrast_maps_fsLR/sub-11/res_task-Enumeration_space-fsLR_dir-ffx
      Z-map dir: /ptmp/hmueller2/2025_ibc_latent/outputs/glm/contrast_maps_fsLR/sub-11/res_task-Enumeration_space-fsLR_dir-ffx/z_score_maps
      Z-map dir exists: True
      Glob pattern for z-maps: /ptmp/hmueller2/2025_ibc_latent/outputs/glm/contrast_maps_fsLR/sub-11/res_task-Enumeration_space-fsLR_dir-ffx/z_score_maps/*.dscalar.nii
      Found 3 z-maps
    Processing task 'FaceBody':
      Task dir: /ptmp/hmueller2/2025_ibc_latent/outputs/glm/contrast_maps_fsLR/sub-11/res_task-FaceBody_space-fsLR_dir-ffx
      Z-map dir: /ptmp/hmueller2/2025_ibc_latent/outputs/glm/contrast_maps_fsLR/sub-11/res_task-FaceBody_space-fsLR_dir-ffx/z_score_maps
      Z-map dir exists: True
      Glob pattern for z-maps: /ptmp/hmueller2/2025_ibc_latent/outputs/glm/contrast_maps_fsLR/sub-11/res_task-FaceBody_space-fsLR_dir-ffx/z_score_maps/*.dscalar.nii
      Found 15 z-maps
    Processing task 'FingerTap':
      Task dir: /ptmp/hmueller2/2025_ibc_latent/outputs/glm/contrast_maps_fsLR/sub-11/res_task-FingerTap_space-fsLR_dir-ffx
      Z-map dir: /ptmp/hmueller2/2025_ibc_latent/outputs/glm/contrast_maps_fsLR/sub-11/res_task-FingerTap_space-fsLR_dir-ffx/z_score_maps
      Z-map dir exists: True
      Glob pattern for z-maps: /ptmp/hmueller2/2025_ibc_latent/outputs/glm/contrast_maps_fsLR/sub-11/res_task-FingerTap_space-fsLR_dir-ffx/z_score_maps/*.dscalar.nii
      Found 3 z-maps
    Processing task 'HcpEmotion':
      Task dir: /ptmp/hmueller2/2025_ibc_latent/outputs/glm/contrast_maps_fsLR/sub-11/res_task-HcpEmotion_space-fsLR_dir-ffx
      Z-map dir: /ptmp/hmueller2/2025_ibc_latent/outputs/glm/contrast_maps_fsLR/sub-11/res_task-HcpEmotion_space-fsLR_dir-ffx/z_score_maps
      Z-map dir exists: True
      Glob pattern for z-maps: /ptmp/hmueller2/2025_ibc_latent/outputs/glm/contrast_maps_fsLR/sub-11/res_task-HcpEmotion_space-fsLR_dir-ffx/z_score_maps/*.dscalar.nii
      Found 4 z-maps
    Processing task 'HcpGambling':
      Task dir: /ptmp/hmueller2/2025_ibc_latent/outputs/glm/contrast_maps_fsLR/sub-11/res_task-HcpGambling_space-fsLR_dir-ffx
      Z-map dir: /ptmp/hmueller2/2025_ibc_latent/outputs/glm/contrast_maps_fsLR/sub-11/res_task-HcpGambling_space-fsLR_dir-ffx/z_score_maps
      Z-map dir exists: True
      Glob pattern for z-maps: /ptmp/hmueller2/2025_ibc_latent/outputs/glm/contrast_maps_fsLR/sub-11/res_task-HcpGambling_space-fsLR_dir-ffx/z_score_maps/*.dscalar.nii
      Found 4 z-maps
    Processing task 'HcpLanguage':
      Task dir: /ptmp/hmueller2/2025_ibc_latent/outputs/glm/contrast_maps_fsLR/sub-11/res_task-HcpLanguage_space-fsLR_dir-ffx
      Z-map dir: /ptmp/hmueller2/2025_ibc_latent/outputs/glm/contrast_maps_fsLR/sub-11/res_task-HcpLanguage_space-fsLR_dir-ffx/z_score_maps
      Z-map dir exists: True
      Glob pattern for z-maps: /ptmp/hmueller2/2025_ibc_latent/outputs/glm/contrast_maps_fsLR/sub-11/res_task-HcpLanguage_space-fsLR_dir-ffx/z_score_maps/*.dscalar.nii
      Found 4 z-maps
    Processing task 'HcpMotor':
      Task dir: /ptmp/hmueller2/2025_ibc_latent/outputs/glm/contrast_maps_fsLR/sub-11/res_task-HcpMotor_space-fsLR_dir-ffx
      Z-map dir: /ptmp/hmueller2/2025_ibc_latent/outputs/glm/contrast_maps_fsLR/sub-11/res_task-HcpMotor_space-fsLR_dir-ffx/z_score_maps
      Z-map dir exists: True
      Glob pattern for z-maps: /ptmp/hmueller2/2025_ibc_latent/outputs/glm/contrast_maps_fsLR/sub-11/res_task-HcpMotor_space-fsLR_dir-ffx/z_score_maps/*.dscalar.nii
      Found 11 z-maps
    Processing task 'HcpRelational':
      Task dir: /ptmp/hmueller2/2025_ibc_latent/outputs/glm/contrast_maps_fsLR/sub-11/res_task-HcpRelational_space-fsLR_dir-ffx
      Z-map dir: /ptmp/hmueller2/2025_ibc_latent/outputs/glm/contrast_maps_fsLR/sub-11/res_task-HcpRelational_space-fsLR_dir-ffx/z_score_maps
      Z-map dir exists: True
      Glob pattern for z-maps: /ptmp/hmueller2/2025_ibc_latent/outputs/glm/contrast_maps_fsLR/sub-11/res_task-HcpRelational_space-fsLR_dir-ffx/z_score_maps/*.dscalar.nii
      Found 3 z-maps
    Processing task 'HcpSocial':
      Task dir: /ptmp/hmueller2/2025_ibc_latent/outputs/glm/contrast_maps_fsLR/sub-11/res_task-HcpSocial_space-fsLR_dir-ffx
      Z-map dir: /ptmp/hmueller2/2025_ibc_latent/outputs/glm/contrast_maps_fsLR/sub-11/res_task-HcpSocial_space-fsLR_dir-ffx/z_score_maps
      Z-map dir exists: True
      Glob pattern for z-maps: /ptmp/hmueller2/2025_ibc_latent/outputs/glm/contrast_maps_fsLR/sub-11/res_task-HcpSocial_space-fsLR_dir-ffx/z_score_maps/*.dscalar.nii
      Found 3 z-maps
    Processing task 'HcpWm':
      Task dir: /ptmp/hmueller2/2025_ibc_latent/outputs/glm/contrast_maps_fsLR/sub-11/res_task-HcpWm_space-fsLR_dir-ffx
      Z-map dir: /ptmp/hmueller2/2025_ibc_latent/outputs/glm/contrast_maps_fsLR/sub-11/res_task-HcpWm_space-fsLR_dir-ffx/z_score_maps
      Z-map dir exists: True
      Glob pattern for z-maps: /ptmp/hmueller2/2025_ibc_latent/outputs/glm/contrast_maps_fsLR/sub-11/res_task-HcpWm_space-fsLR_dir-ffx/z_score_maps/*.dscalar.nii
      Found 14 z-maps
    Processing task 'ItemRecognition':
      Task dir: /ptmp/hmueller2/2025_ibc_latent/outputs/glm/contrast_maps_fsLR/sub-11/res_task-ItemRecognition_space-fsLR_dir-ffx
      Z-map dir: /ptmp/hmueller2/2025_ibc_latent/outputs/glm/contrast_maps_fsLR/sub-11/res_task-ItemRecognition_space-fsLR_dir-ffx/z_score_maps
      Z-map dir exists: True
      Glob pattern for z-maps: /ptmp/hmueller2/2025_ibc_latent/outputs/glm/contrast_maps_fsLR/sub-11/res_task-ItemRecognition_space-fsLR_dir-ffx/z_score_maps/*.dscalar.nii
      Found 17 z-maps
    Processing task 'Lec1':
      Task dir: /ptmp/hmueller2/2025_ibc_latent/outputs/glm/contrast_maps_fsLR/sub-11/res_task-Lec1_space-fsLR_dir-ffx
      Z-map dir: /ptmp/hmueller2/2025_ibc_latent/outputs/glm/contrast_maps_fsLR/sub-11/res_task-Lec1_space-fsLR_dir-ffx/z_score_maps
      Z-map dir exists: True
      Glob pattern for z-maps: /ptmp/hmueller2/2025_ibc_latent/outputs/glm/contrast_maps_fsLR/sub-11/res_task-Lec1_space-fsLR_dir-ffx/z_score_maps/*.dscalar.nii
      Found 6 z-maps
    Processing task 'Lec2':
      Task dir: /ptmp/hmueller2/2025_ibc_latent/outputs/glm/contrast_maps_fsLR/sub-11/res_task-Lec2_space-fsLR_dir-ffx
      Z-map dir: /ptmp/hmueller2/2025_ibc_latent/outputs/glm/contrast_maps_fsLR/sub-11/res_task-Lec2_space-fsLR_dir-ffx/z_score_maps
      Z-map dir exists: True
      Glob pattern for z-maps: /ptmp/hmueller2/2025_ibc_latent/outputs/glm/contrast_maps_fsLR/sub-11/res_task-Lec2_space-fsLR_dir-ffx/z_score_maps/*.dscalar.nii
      Found 3 z-maps
    Processing task 'MCSE':
      Task dir: /ptmp/hmueller2/2025_ibc_latent/outputs/glm/contrast_maps_fsLR/sub-11/res_task-MCSE_space-fsLR_dir-ffx
      Z-map dir: /ptmp/hmueller2/2025_ibc_latent/outputs/glm/contrast_maps_fsLR/sub-11/res_task-MCSE_space-fsLR_dir-ffx/z_score_maps
      Z-map dir exists: True
      Glob pattern for z-maps: /ptmp/hmueller2/2025_ibc_latent/outputs/glm/contrast_maps_fsLR/sub-11/res_task-MCSE_space-fsLR_dir-ffx/z_score_maps/*.dscalar.nii
      Found 9 z-maps
    Processing task 'MTTNS':
      Task dir: /ptmp/hmueller2/2025_ibc_latent/outputs/glm/contrast_maps_fsLR/sub-11/res_task-MTTNS_space-fsLR_dir-ffx
      Z-map dir: /ptmp/hmueller2/2025_ibc_latent/outputs/glm/contrast_maps_fsLR/sub-11/res_task-MTTNS_space-fsLR_dir-ffx/z_score_maps
      Z-map dir exists: True
      Glob pattern for z-maps: /ptmp/hmueller2/2025_ibc_latent/outputs/glm/contrast_maps_fsLR/sub-11/res_task-MTTNS_space-fsLR_dir-ffx/z_score_maps/*.dscalar.nii
      Found 19 z-maps
    Processing task 'MTTWE':
      Task dir: /ptmp/hmueller2/2025_ibc_latent/outputs/glm/contrast_maps_fsLR/sub-11/res_task-MTTWE_space-fsLR_dir-ffx
      Z-map dir: /ptmp/hmueller2/2025_ibc_latent/outputs/glm/contrast_maps_fsLR/sub-11/res_task-MTTWE_space-fsLR_dir-ffx/z_score_maps
      Z-map dir exists: True
      Glob pattern for z-maps: /ptmp/hmueller2/2025_ibc_latent/outputs/glm/contrast_maps_fsLR/sub-11/res_task-MTTWE_space-fsLR_dir-ffx/z_score_maps/*.dscalar.nii
      Found 19 z-maps
    Processing task 'MVEB':
      Task dir: /ptmp/hmueller2/2025_ibc_latent/outputs/glm/contrast_maps_fsLR/sub-11/res_task-MVEB_space-fsLR_dir-ffx
      Z-map dir: /ptmp/hmueller2/2025_ibc_latent/outputs/glm/contrast_maps_fsLR/sub-11/res_task-MVEB_space-fsLR_dir-ffx/z_score_maps
      Z-map dir exists: True
      Glob pattern for z-maps: /ptmp/hmueller2/2025_ibc_latent/outputs/glm/contrast_maps_fsLR/sub-11/res_task-MVEB_space-fsLR_dir-ffx/z_score_maps/*.dscalar.nii
      Found 11 z-maps
    Processing task 'MVIS':
      Task dir: /ptmp/hmueller2/2025_ibc_latent/outputs/glm/contrast_maps_fsLR/sub-11/res_task-MVIS_space-fsLR_dir-ffx
      Z-map dir: /ptmp/hmueller2/2025_ibc_latent/outputs/glm/contrast_maps_fsLR/sub-11/res_task-MVIS_space-fsLR_dir-ffx/z_score_maps
      Z-map dir exists: True
      Glob pattern for z-maps: /ptmp/hmueller2/2025_ibc_latent/outputs/glm/contrast_maps_fsLR/sub-11/res_task-MVIS_space-fsLR_dir-ffx/z_score_maps/*.dscalar.nii
      Found 12 z-maps
    Processing task 'MathLanguage':
      Task dir: /ptmp/hmueller2/2025_ibc_latent/outputs/glm/contrast_maps_fsLR/sub-11/res_task-MathLanguage_space-fsLR_dir-ffx
      Z-map dir: /ptmp/hmueller2/2025_ibc_latent/outputs/glm/contrast_maps_fsLR/sub-11/res_task-MathLanguage_space-fsLR_dir-ffx/z_score_maps
      Z-map dir exists: True
      Glob pattern for z-maps: /ptmp/hmueller2/2025_ibc_latent/outputs/glm/contrast_maps_fsLR/sub-11/res_task-MathLanguage_space-fsLR_dir-ffx/z_score_maps/*.dscalar.nii
      Found 30 z-maps
    Processing task 'Motion':
      Task dir: /ptmp/hmueller2/2025_ibc_latent/outputs/glm/contrast_maps_fsLR/sub-11/res_task-Motion_space-fsLR_dir-ffx
      Z-map dir: /ptmp/hmueller2/2025_ibc_latent/outputs/glm/contrast_maps_fsLR/sub-11/res_task-Motion_space-fsLR_dir-ffx/z_score_maps
      Z-map dir exists: True
      Glob pattern for z-maps: /ptmp/hmueller2/2025_ibc_latent/outputs/glm/contrast_maps_fsLR/sub-11/res_task-Motion_space-fsLR_dir-ffx/z_score_maps/*.dscalar.nii
      Found 11 z-maps
    Processing task 'Moto':
      Task dir: /ptmp/hmueller2/2025_ibc_latent/outputs/glm/contrast_maps_fsLR/sub-11/res_task-Moto_space-fsLR_dir-ffx
      Z-map dir: /ptmp/hmueller2/2025_ibc_latent/outputs/glm/contrast_maps_fsLR/sub-11/res_task-Moto_space-fsLR_dir-ffx/z_score_maps
      Z-map dir exists: True
      Glob pattern for z-maps: /ptmp/hmueller2/2025_ibc_latent/outputs/glm/contrast_maps_fsLR/sub-11/res_task-Moto_space-fsLR_dir-ffx/z_score_maps/*.dscalar.nii
      Found 9 z-maps
    Processing task 'NARPS':
      Task dir: /ptmp/hmueller2/2025_ibc_latent/outputs/glm/contrast_maps_fsLR/sub-11/res_task-NARPS_space-fsLR_dir-ffx
      Z-map dir: /ptmp/hmueller2/2025_ibc_latent/outputs/glm/contrast_maps_fsLR/sub-11/res_task-NARPS_space-fsLR_dir-ffx/z_score_maps
      Z-map dir exists: True
      Glob pattern for z-maps: /ptmp/hmueller2/2025_ibc_latent/outputs/glm/contrast_maps_fsLR/sub-11/res_task-NARPS_space-fsLR_dir-ffx/z_score_maps/*.dscalar.nii
      Found 8 z-maps
    Processing task 'PainMovie':
      Task dir: /ptmp/hmueller2/2025_ibc_latent/outputs/glm/contrast_maps_fsLR/sub-11/res_task-PainMovie_space-fsLR_dir-ffx
      Z-map dir: /ptmp/hmueller2/2025_ibc_latent/outputs/glm/contrast_maps_fsLR/sub-11/res_task-PainMovie_space-fsLR_dir-ffx/z_score_maps
      Z-map dir exists: True
      Glob pattern for z-maps: /ptmp/hmueller2/2025_ibc_latent/outputs/glm/contrast_maps_fsLR/sub-11/res_task-PainMovie_space-fsLR_dir-ffx/z_score_maps/*.dscalar.nii
      Found 3 z-maps
    Processing task 'PreferenceFaces':
      Task dir: /ptmp/hmueller2/2025_ibc_latent/outputs/glm/contrast_maps_fsLR/sub-11/res_task-PreferenceFaces_space-fsLR_dir-ffx
      Z-map dir: /ptmp/hmueller2/2025_ibc_latent/outputs/glm/contrast_maps_fsLR/sub-11/res_task-PreferenceFaces_space-fsLR_dir-ffx/z_score_maps
      Z-map dir exists: True
      Glob pattern for z-maps: /ptmp/hmueller2/2025_ibc_latent/outputs/glm/contrast_maps_fsLR/sub-11/res_task-PreferenceFaces_space-fsLR_dir-ffx/z_score_maps/*.dscalar.nii
      Found 3 z-maps
    Processing task 'PreferenceFood':
      Task dir: /ptmp/hmueller2/2025_ibc_latent/outputs/glm/contrast_maps_fsLR/sub-11/res_task-PreferenceFood_space-fsLR_dir-ffx
      Z-map dir: /ptmp/hmueller2/2025_ibc_latent/outputs/glm/contrast_maps_fsLR/sub-11/res_task-PreferenceFood_space-fsLR_dir-ffx/z_score_maps
      Z-map dir exists: True
      Glob pattern for z-maps: /ptmp/hmueller2/2025_ibc_latent/outputs/glm/contrast_maps_fsLR/sub-11/res_task-PreferenceFood_space-fsLR_dir-ffx/z_score_maps/*.dscalar.nii
      Found 3 z-maps
    Processing task 'PreferenceHouses':
      Task dir: /ptmp/hmueller2/2025_ibc_latent/outputs/glm/contrast_maps_fsLR/sub-11/res_task-PreferenceHouses_space-fsLR_dir-ffx
      Z-map dir: /ptmp/hmueller2/2025_ibc_latent/outputs/glm/contrast_maps_fsLR/sub-11/res_task-PreferenceHouses_space-fsLR_dir-ffx/z_score_maps
      Z-map dir exists: True
      Glob pattern for z-maps: /ptmp/hmueller2/2025_ibc_latent/outputs/glm/contrast_maps_fsLR/sub-11/res_task-PreferenceHouses_space-fsLR_dir-ffx/z_score_maps/*.dscalar.nii
      Found 3 z-maps
    Processing task 'RSVPLanguage':
      Task dir: /ptmp/hmueller2/2025_ibc_latent/outputs/glm/contrast_maps_fsLR/sub-11/res_task-RSVPLanguage_space-fsLR_dir-ffx
      Z-map dir: /ptmp/hmueller2/2025_ibc_latent/outputs/glm/contrast_maps_fsLR/sub-11/res_task-RSVPLanguage_space-fsLR_dir-ffx/z_score_maps
      Z-map dir exists: True
      Glob pattern for z-maps: /ptmp/hmueller2/2025_ibc_latent/outputs/glm/contrast_maps_fsLR/sub-11/res_task-RSVPLanguage_space-fsLR_dir-ffx/z_score_maps/*.dscalar.nii
      Found 19 z-maps
    Processing task 'RewProc':
      Task dir: /ptmp/hmueller2/2025_ibc_latent/outputs/glm/contrast_maps_fsLR/sub-11/res_task-RewProc_space-fsLR_dir-ffx
      Z-map dir: /ptmp/hmueller2/2025_ibc_latent/outputs/glm/contrast_maps_fsLR/sub-11/res_task-RewProc_space-fsLR_dir-ffx/z_score_maps
      Z-map dir exists: True
      Glob pattern for z-maps: /ptmp/hmueller2/2025_ibc_latent/outputs/glm/contrast_maps_fsLR/sub-11/res_task-RewProc_space-fsLR_dir-ffx/z_score_maps/*.dscalar.nii
      Found 17 z-maps
    Processing task 'Scene':
      Task dir: /ptmp/hmueller2/2025_ibc_latent/outputs/glm/contrast_maps_fsLR/sub-11/res_task-Scene_space-fsLR_dir-ffx
      Z-map dir: /ptmp/hmueller2/2025_ibc_latent/outputs/glm/contrast_maps_fsLR/sub-11/res_task-Scene_space-fsLR_dir-ffx/z_score_maps
      Z-map dir exists: True
      Glob pattern for z-maps: /ptmp/hmueller2/2025_ibc_latent/outputs/glm/contrast_maps_fsLR/sub-11/res_task-Scene_space-fsLR_dir-ffx/z_score_maps/*.dscalar.nii
      Found 11 z-maps
    Processing task 'SelectiveStopSignal':
      Task dir: /ptmp/hmueller2/2025_ibc_latent/outputs/glm/contrast_maps_fsLR/sub-11/res_task-SelectiveStopSignal_space-fsLR_dir-ffx
      Z-map dir: /ptmp/hmueller2/2025_ibc_latent/outputs/glm/contrast_maps_fsLR/sub-11/res_task-SelectiveStopSignal_space-fsLR_dir-ffx/z_score_maps
      Z-map dir exists: True
      Glob pattern for z-maps: /ptmp/hmueller2/2025_ibc_latent/outputs/glm/contrast_maps_fsLR/sub-11/res_task-SelectiveStopSignal_space-fsLR_dir-ffx/z_score_maps/*.dscalar.nii
      Found 8 z-maps
    Processing task 'Self':
      Task dir: /ptmp/hmueller2/2025_ibc_latent/outputs/glm/contrast_maps_fsLR/sub-11/res_task-Self_space-fsLR_dir-ffx
      Z-map dir: /ptmp/hmueller2/2025_ibc_latent/outputs/glm/contrast_maps_fsLR/sub-11/res_task-Self_space-fsLR_dir-ffx/z_score_maps
      Z-map dir exists: True
      Glob pattern for z-maps: /ptmp/hmueller2/2025_ibc_latent/outputs/glm/contrast_maps_fsLR/sub-11/res_task-Self_space-fsLR_dir-ffx/z_score_maps/*.dscalar.nii
      Found 11 z-maps
    Processing task 'SpatialNavigation':
      Task dir: /ptmp/hmueller2/2025_ibc_latent/outputs/glm/contrast_maps_fsLR/sub-11/res_task-SpatialNavigation_space-fsLR_dir-ffx
      Z-map dir: /ptmp/hmueller2/2025_ibc_latent/outputs/glm/contrast_maps_fsLR/sub-11/res_task-SpatialNavigation_space-fsLR_dir-ffx/z_score_maps
      Z-map dir exists: True
      Glob pattern for z-maps: /ptmp/hmueller2/2025_ibc_latent/outputs/glm/contrast_maps_fsLR/sub-11/res_task-SpatialNavigation_space-fsLR_dir-ffx/z_score_maps/*.dscalar.nii
      Found 9 z-maps
    Processing task 'StopNogo':
      Task dir: /ptmp/hmueller2/2025_ibc_latent/outputs/glm/contrast_maps_fsLR/sub-11/res_task-StopNogo_space-fsLR_dir-ffx
      Z-map dir: /ptmp/hmueller2/2025_ibc_latent/outputs/glm/contrast_maps_fsLR/sub-11/res_task-StopNogo_space-fsLR_dir-ffx/z_score_maps
      Z-map dir exists: True
      Glob pattern for z-maps: /ptmp/hmueller2/2025_ibc_latent/outputs/glm/contrast_maps_fsLR/sub-11/res_task-StopNogo_space-fsLR_dir-ffx/z_score_maps/*.dscalar.nii
      Found 7 z-maps
    Processing task 'StopSignal':
      Task dir: /ptmp/hmueller2/2025_ibc_latent/outputs/glm/contrast_maps_fsLR/sub-11/res_task-StopSignal_space-fsLR_dir-ffx
      Z-map dir: /ptmp/hmueller2/2025_ibc_latent/outputs/glm/contrast_maps_fsLR/sub-11/res_task-StopSignal_space-fsLR_dir-ffx/z_score_maps
      Z-map dir exists: True
      Glob pattern for z-maps: /ptmp/hmueller2/2025_ibc_latent/outputs/glm/contrast_maps_fsLR/sub-11/res_task-StopSignal_space-fsLR_dir-ffx/z_score_maps/*.dscalar.nii
      Found 3 z-maps
    Processing task 'Stroop':
      Task dir: /ptmp/hmueller2/2025_ibc_latent/outputs/glm/contrast_maps_fsLR/sub-11/res_task-Stroop_space-fsLR_dir-ffx
      Z-map dir: /ptmp/hmueller2/2025_ibc_latent/outputs/glm/contrast_maps_fsLR/sub-11/res_task-Stroop_space-fsLR_dir-ffx/z_score_maps
      Z-map dir exists: True
      Glob pattern for z-maps: /ptmp/hmueller2/2025_ibc_latent/outputs/glm/contrast_maps_fsLR/sub-11/res_task-Stroop_space-fsLR_dir-ffx/z_score_maps/*.dscalar.nii
      Found 3 z-maps
    Processing task 'TheoryOfMind':
      Task dir: /ptmp/hmueller2/2025_ibc_latent/outputs/glm/contrast_maps_fsLR/sub-11/res_task-TheoryOfMind_space-fsLR_dir-ffx
      Z-map dir: /ptmp/hmueller2/2025_ibc_latent/outputs/glm/contrast_maps_fsLR/sub-11/res_task-TheoryOfMind_space-fsLR_dir-ffx/z_score_maps
      Z-map dir exists: True
      Glob pattern for z-maps: /ptmp/hmueller2/2025_ibc_latent/outputs/glm/contrast_maps_fsLR/sub-11/res_task-TheoryOfMind_space-fsLR_dir-ffx/z_score_maps/*.dscalar.nii
      Found 3 z-maps
    Processing task 'TwoByTwo':
      Task dir: /ptmp/hmueller2/2025_ibc_latent/outputs/glm/contrast_maps_fsLR/sub-11/res_task-TwoByTwo_space-fsLR_dir-ffx
      Z-map dir: /ptmp/hmueller2/2025_ibc_latent/outputs/glm/contrast_maps_fsLR/sub-11/res_task-TwoByTwo_space-fsLR_dir-ffx/z_score_maps
      Z-map dir exists: True
      Glob pattern for z-maps: /ptmp/hmueller2/2025_ibc_latent/outputs/glm/contrast_maps_fsLR/sub-11/res_task-TwoByTwo_space-fsLR_dir-ffx/z_score_maps/*.dscalar.nii
      Found 10 z-maps
    Processing task 'VSTMC':
      Task dir: /ptmp/hmueller2/2025_ibc_latent/outputs/glm/contrast_maps_fsLR/sub-11/res_task-VSTMC_space-fsLR_dir-ffx
      Z-map dir: /ptmp/hmueller2/2025_ibc_latent/outputs/glm/contrast_maps_fsLR/sub-11/res_task-VSTMC_space-fsLR_dir-ffx/z_score_maps
      Z-map dir exists: True
      Glob pattern for z-maps: /ptmp/hmueller2/2025_ibc_latent/outputs/glm/contrast_maps_fsLR/sub-11/res_task-VSTMC_space-fsLR_dir-ffx/z_score_maps/*.dscalar.nii
      Found 10 z-maps
    Processing task 'VSTM':
      Task dir: /ptmp/hmueller2/2025_ibc_latent/outputs/glm/contrast_maps_fsLR/sub-11/res_task-VSTM_space-fsLR_dir-ffx
      Z-map dir: /ptmp/hmueller2/2025_ibc_latent/outputs/glm/contrast_maps_fsLR/sub-11/res_task-VSTM_space-fsLR_dir-ffx/z_score_maps
      Z-map dir exists: True
      Glob pattern for z-maps: /ptmp/hmueller2/2025_ibc_latent/outputs/glm/contrast_maps_fsLR/sub-11/res_task-VSTM_space-fsLR_dir-ffx/z_score_maps/*.dscalar.nii
      Found 3 z-maps
    Processing task 'Visu':
      Task dir: /ptmp/hmueller2/2025_ibc_latent/outputs/glm/contrast_maps_fsLR/sub-11/res_task-Visu_space-fsLR_dir-ffx
      Z-map dir: /ptmp/hmueller2/2025_ibc_latent/outputs/glm/contrast_maps_fsLR/sub-11/res_task-Visu_space-fsLR_dir-ffx/z_score_maps
      Z-map dir exists: True
      Glob pattern for z-maps: /ptmp/hmueller2/2025_ibc_latent/outputs/glm/contrast_maps_fsLR/sub-11/res_task-Visu_space-fsLR_dir-ffx/z_score_maps/*.dscalar.nii
      Found 16 z-maps
    Processing task 'VisualSearch':
      Task dir: /ptmp/hmueller2/2025_ibc_latent/outputs/glm/contrast_maps_fsLR/sub-11/res_task-VisualSearch_space-fsLR_dir-ffx
      Z-map dir: /ptmp/hmueller2/2025_ibc_latent/outputs/glm/contrast_maps_fsLR/sub-11/res_task-VisualSearch_space-fsLR_dir-ffx/z_score_maps
      Z-map dir exists: True
      Glob pattern for z-maps: /ptmp/hmueller2/2025_ibc_latent/outputs/glm/contrast_maps_fsLR/sub-11/res_task-VisualSearch_space-fsLR_dir-ffx/z_score_maps/*.dscalar.nii
      Found 22 z-maps
    Processing task 'WardAndAllport':
      Task dir: /ptmp/hmueller2/2025_ibc_latent/outputs/glm/contrast_maps_fsLR/sub-11/res_task-WardAndAllport_space-fsLR_dir-ffx
      Z-map dir: /ptmp/hmueller2/2025_ibc_latent/outputs/glm/contrast_maps_fsLR/sub-11/res_task-WardAndAllport_space-fsLR_dir-ffx/z_score_maps
      Z-map dir exists: True
      Glob pattern for z-maps: /ptmp/hmueller2/2025_ibc_latent/outputs/glm/contrast_maps_fsLR/sub-11/res_task-WardAndAllport_space-fsLR_dir-ffx/z_score_maps/*.dscalar.nii
      Found 10 z-maps
    Processing task 'WedgeAnti':
      Task dir: /ptmp/hmueller2/2025_ibc_latent/outputs/glm/contrast_maps_fsLR/sub-11/res_task-WedgeAnti_space-fsLR_dir-ffx
      Z-map dir: /ptmp/hmueller2/2025_ibc_latent/outputs/glm/contrast_maps_fsLR/sub-11/res_task-WedgeAnti_space-fsLR_dir-ffx/z_score_maps
      Z-map dir exists: True
      Glob pattern for z-maps: /ptmp/hmueller2/2025_ibc_latent/outputs/glm/contrast_maps_fsLR/sub-11/res_task-WedgeAnti_space-fsLR_dir-ffx/z_score_maps/*.dscalar.nii
      Found 8 z-maps
    Processing task 'WedgeClock':
      Task dir: /ptmp/hmueller2/2025_ibc_latent/outputs/glm/contrast_maps_fsLR/sub-11/res_task-WedgeClock_space-fsLR_dir-ffx
      Z-map dir: /ptmp/hmueller2/2025_ibc_latent/outputs/glm/contrast_maps_fsLR/sub-11/res_task-WedgeClock_space-fsLR_dir-ffx/z_score_maps
      Z-map dir exists: True
      Glob pattern for z-maps: /ptmp/hmueller2/2025_ibc_latent/outputs/glm/contrast_maps_fsLR/sub-11/res_task-WedgeClock_space-fsLR_dir-ffx/z_score_maps/*.dscalar.nii
      Found 8 z-maps
  ! Workbench smoothing failed for HcpWm/2back-0back, using unsmoothed map: Missing required file(s) for Workbench smoothing: ['/home/hmueller2/workbench/bin_linux64/wb_command']
  ✓ Loaded: HcpWm/2back-0back
  ! Workbench smoothing failed for ItemRecognition/encode5-encode1, using unsmoothed map: Missing required file(s) for Workbench smoothing: ['/home/hmueller2/workbench/bin_linux64/wb_command']
  ✓ Loaded: ItemRecognition/encode5-encode1
  - Not available: MDTB/2back_hard-easy
  - Not available: MDTB/search_hard-easy
  - Not available: MDTB/semantic_hard-easy
  - Not available: MDTB/finger_complex-simple
  - Not available: GoodBadUgly/dot_hard-easy
  ! Workbench smoothing failed for Stroop/incongruent-congruent, using unsmoothed map: Missing required file(s) for Workbench smoothing: ['/home/hmueller2/workbench/bin_linux64/wb_command']
  ✓ Loaded: Stroop/incongruent-congruent
  ! Workbench smoothing failed for Catell/hard-easy, using unsmoothed map: Missing required file(s) for Workbench smoothing: ['/home/hmueller2/workbench/bin_linux64/wb_command']
  ✓ Loaded: Catell/hard-easy

Applied Workbench CIFTI smoothing to input contrasts (FWHM=4.0mm)

Combined 4 MD contrasts
Mean z-score: -0.003 ± 0.547
Max z-score: 2.775

Threshold: z > 2.3
Suprathreshold vertices: 4 (0.0%)

✓ Saved mean MD map: /ptmp/hmueller2/2025_ibc_latent/outputs/md_system/vertex_wise/sub-11/sub-11_MD_mean.dscalar.nii
✓ Saved thresholded MD map: /ptmp/hmueller2/2025_ibc_latent/outputs/md_system/vertex_wise/sub-11/sub-11_MD_mean_thresh_2.3.dscalar.nii
✓ Saved std MD map: /ptmp/hmueller2/2025_ibc_latent/outputs/md_system/vertex_wise/sub-11/sub-11_MD_std.dscalar.nii
✓ Saved contrast info: /ptmp/hmueller2/2025_ibc_latent/outputs/md_system/vertex_wise/sub-11/sub-11_MD_contrasts.txt

============================================================
Processing subject 13
============================================================
  Looking for contrasts in: /ptmp/hmueller2/2025_ibc_latent/outputs/glm/contrast_maps_fsLR/sub-13
  Subject directory contents (78 items): ['res_task-ArchiEmotional_space-fsLR_dir-ffx', 'res_task-ArchiSocial_space-fsLR_dir-ffx', 'res_task-ArchiSpatial_space-fsLR_dir-ffx', 'res_task-ArchiStandard_space-fsLR_dir-ffx', 'res_task-Attention_space-fsLR_dir-ffx', 'res_task-Audi_space-fsLR_dir-ffx', 'res_task-BiologicalMotion1_space-fsLR_dir-ffx', 'res_task-BiologicalMotion2_space-fsLR_dir-ffx', 'res_task-BreathHolding_space-fsLR_dir-ffx', 'res_task-Catell_space-fsLR_dir-ffx', 'res_task-Checkerboard_space-fsLR_dir-ffx', 'res_task-ColumbiaCards_space-fsLR_dir-ffx', 'res_task-Discount_space-fsLR_dir-ffx', 'res_task-DotPatterns_space-fsLR_dir-ffx', 'res_task-EmoMem_space-fsLR_dir-ffx', 'res_task-EmoReco_space-fsLR_dir-ffx', 'res_task-EmotionalPain_space-fsLR_dir-ffx', 'res_task-Enumeration_space-fsLR_dir-ffx', 'res_task-FingerTap_space-fsLR_dir-ffx', 'res_task-HcpEmotion_space-fsLR_dir-ffx', 'res_task-HcpGambling_space-fsLR_dir-ffx', 'res_task-HcpLanguage_space-fsLR_dir-ffx', 'res_task-HcpMotor_space-fsLR_dir-ffx', 'res_task-HcpRelational_space-fsLR_dir-ffx', 'res_task-HcpSocial_space-fsLR_dir-ffx', 'res_task-HcpWm_space-fsLR_dir-ffx', 'res_task-ItemRecognition_space-fsLR_dir-ffx', 'res_task-Lec1_space-fsLR_dir-ffx', 'res_task-Lec2_space-fsLR_dir-ffx', 'res_task-MCSE_space-fsLR_dir-ffx', 'res_task-MTTNS_space-fsLR_dir-ffx', 'res_task-MTTWE_space-fsLR_dir-ffx', 'res_task-MVEB_space-fsLR_dir-ffx', 'res_task-MVIS_space-fsLR_dir-ffx', 'res_task-MathLanguage_space-fsLR_dir-ffx', 'res_task-Moto_space-fsLR_dir-ffx', 'res_task-PainMovie_space-fsLR_dir-ffx', 'res_task-PreferenceFaces_space-fsLR_dir-ffx', 'res_task-PreferenceHouses_space-fsLR_dir-ffx', 'res_task-PreferencePaintings_space-fsLR_dir-ffx', 'res_task-RSVPLanguage_space-fsLR_dir-ffx', 'res_task-SelectiveStopSignal_space-fsLR_dir-ffx', 'res_task-Self_space-fsLR_dir-ffx', 'res_task-SpatialNavigation_space-fsLR_dir-ffx', 'res_task-StopNogo_space-fsLR_dir-ffx', 'res_task-StopSignal_space-fsLR_dir-ffx', 'res_task-Stroop_space-fsLR_dir-ffx', 'res_task-TheoryOfMind_space-fsLR_dir-ffx', 'res_task-TwoByTwo_space-fsLR_dir-ffx', 'res_task-VSTMC_space-fsLR_dir-ffx', 'res_task-VSTM_space-fsLR_dir-ffx', 'res_task-Visu_space-fsLR_dir-ffx', 'res_task-WardAndAllport_space-fsLR_dir-ffx', 'res_task-WedgeAnti_space-fsLR_dir-ffx', 'res_task-WedgeClock_space-fsLR_dir-ffx', 'ses-00', 'ses-01', 'ses-02', 'ses-03', 'ses-04', 'ses-08', 'ses-11', 'ses-12', 'ses-15', 'ses-16', 'ses-17', 'ses-18', 'ses-19', 'ses-21', 'ses-24', 'ses-25', 'ses-26', 'ses-29', 'ses-30', 'ses-31', 'ses-35', 'ses-36', 'ses-37']
  Glob pattern: /ptmp/hmueller2/2025_ibc_latent/outputs/glm/contrast_maps_fsLR/sub-13/res_task-*_space-fsLR_dir-ffx
  Found 55 task directories: ['/ptmp/hmueller2/2025_ibc_latent/outputs/glm/contrast_maps_fsLR/sub-13/res_task-ArchiEmotional_space-fsLR_dir-ffx', '/ptmp/hmueller2/2025_ibc_latent/outputs/glm/contrast_maps_fsLR/sub-13/res_task-ArchiSocial_space-fsLR_dir-ffx', '/ptmp/hmueller2/2025_ibc_latent/outputs/glm/contrast_maps_fsLR/sub-13/res_task-ArchiSpatial_space-fsLR_dir-ffx', '/ptmp/hmueller2/2025_ibc_latent/outputs/glm/contrast_maps_fsLR/sub-13/res_task-ArchiStandard_space-fsLR_dir-ffx', '/ptmp/hmueller2/2025_ibc_latent/outputs/glm/contrast_maps_fsLR/sub-13/res_task-Attention_space-fsLR_dir-ffx', '/ptmp/hmueller2/2025_ibc_latent/outputs/glm/contrast_maps_fsLR/sub-13/res_task-Audi_space-fsLR_dir-ffx', '/ptmp/hmueller2/2025_ibc_latent/outputs/glm/contrast_maps_fsLR/sub-13/res_task-BiologicalMotion1_space-fsLR_dir-ffx', '/ptmp/hmueller2/2025_ibc_latent/outputs/glm/contrast_maps_fsLR/sub-13/res_task-BiologicalMotion2_space-fsLR_dir-ffx', '/ptmp/hmueller2/2025_ibc_latent/outputs/glm/contrast_maps_fsLR/sub-13/res_task-BreathHolding_space-fsLR_dir-ffx', '/ptmp/hmueller2/2025_ibc_latent/outputs/glm/contrast_maps_fsLR/sub-13/res_task-Catell_space-fsLR_dir-ffx', '/ptmp/hmueller2/2025_ibc_latent/outputs/glm/contrast_maps_fsLR/sub-13/res_task-Checkerboard_space-fsLR_dir-ffx', '/ptmp/hmueller2/2025_ibc_latent/outputs/glm/contrast_maps_fsLR/sub-13/res_task-ColumbiaCards_space-fsLR_dir-ffx', '/ptmp/hmueller2/2025_ibc_latent/outputs/glm/contrast_maps_fsLR/sub-13/res_task-Discount_space-fsLR_dir-ffx', '/ptmp/hmueller2/2025_ibc_latent/outputs/glm/contrast_maps_fsLR/sub-13/res_task-DotPatterns_space-fsLR_dir-ffx', '/ptmp/hmueller2/2025_ibc_latent/outputs/glm/contrast_maps_fsLR/sub-13/res_task-EmoMem_space-fsLR_dir-ffx', '/ptmp/hmueller2/2025_ibc_latent/outputs/glm/contrast_maps_fsLR/sub-13/res_task-EmoReco_space-fsLR_dir-ffx', '/ptmp/hmueller2/2025_ibc_latent/outputs/glm/contrast_maps_fsLR/sub-13/res_task-EmotionalPain_space-fsLR_dir-ffx', '/ptmp/hmueller2/2025_ibc_latent/outputs/glm/contrast_maps_fsLR/sub-13/res_task-Enumeration_space-fsLR_dir-ffx', '/ptmp/hmueller2/2025_ibc_latent/outputs/glm/contrast_maps_fsLR/sub-13/res_task-FingerTap_space-fsLR_dir-ffx', '/ptmp/hmueller2/2025_ibc_latent/outputs/glm/contrast_maps_fsLR/sub-13/res_task-HcpEmotion_space-fsLR_dir-ffx', '/ptmp/hmueller2/2025_ibc_latent/outputs/glm/contrast_maps_fsLR/sub-13/res_task-HcpGambling_space-fsLR_dir-ffx', '/ptmp/hmueller2/2025_ibc_latent/outputs/glm/contrast_maps_fsLR/sub-13/res_task-HcpLanguage_space-fsLR_dir-ffx', '/ptmp/hmueller2/2025_ibc_latent/outputs/glm/contrast_maps_fsLR/sub-13/res_task-HcpMotor_space-fsLR_dir-ffx', '/ptmp/hmueller2/2025_ibc_latent/outputs/glm/contrast_maps_fsLR/sub-13/res_task-HcpRelational_space-fsLR_dir-ffx', '/ptmp/hmueller2/2025_ibc_latent/outputs/glm/contrast_maps_fsLR/sub-13/res_task-HcpSocial_space-fsLR_dir-ffx', '/ptmp/hmueller2/2025_ibc_latent/outputs/glm/contrast_maps_fsLR/sub-13/res_task-HcpWm_space-fsLR_dir-ffx', '/ptmp/hmueller2/2025_ibc_latent/outputs/glm/contrast_maps_fsLR/sub-13/res_task-ItemRecognition_space-fsLR_dir-ffx', '/ptmp/hmueller2/2025_ibc_latent/outputs/glm/contrast_maps_fsLR/sub-13/res_task-Lec1_space-fsLR_dir-ffx', '/ptmp/hmueller2/2025_ibc_latent/outputs/glm/contrast_maps_fsLR/sub-13/res_task-Lec2_space-fsLR_dir-ffx', '/ptmp/hmueller2/2025_ibc_latent/outputs/glm/contrast_maps_fsLR/sub-13/res_task-MCSE_space-fsLR_dir-ffx', '/ptmp/hmueller2/2025_ibc_latent/outputs/glm/contrast_maps_fsLR/sub-13/res_task-MTTNS_space-fsLR_dir-ffx', '/ptmp/hmueller2/2025_ibc_latent/outputs/glm/contrast_maps_fsLR/sub-13/res_task-MTTWE_space-fsLR_dir-ffx', '/ptmp/hmueller2/2025_ibc_latent/outputs/glm/contrast_maps_fsLR/sub-13/res_task-MVEB_space-fsLR_dir-ffx', '/ptmp/hmueller2/2025_ibc_latent/outputs/glm/contrast_maps_fsLR/sub-13/res_task-MVIS_space-fsLR_dir-ffx', '/ptmp/hmueller2/2025_ibc_latent/outputs/glm/contrast_maps_fsLR/sub-13/res_task-MathLanguage_space-fsLR_dir-ffx', '/ptmp/hmueller2/2025_ibc_latent/outputs/glm/contrast_maps_fsLR/sub-13/res_task-Moto_space-fsLR_dir-ffx', '/ptmp/hmueller2/2025_ibc_latent/outputs/glm/contrast_maps_fsLR/sub-13/res_task-PainMovie_space-fsLR_dir-ffx', '/ptmp/hmueller2/2025_ibc_latent/outputs/glm/contrast_maps_fsLR/sub-13/res_task-PreferenceFaces_space-fsLR_dir-ffx', '/ptmp/hmueller2/2025_ibc_latent/outputs/glm/contrast_maps_fsLR/sub-13/res_task-PreferenceHouses_space-fsLR_dir-ffx', '/ptmp/hmueller2/2025_ibc_latent/outputs/glm/contrast_maps_fsLR/sub-13/res_task-PreferencePaintings_space-fsLR_dir-ffx', '/ptmp/hmueller2/2025_ibc_latent/outputs/glm/contrast_maps_fsLR/sub-13/res_task-RSVPLanguage_space-fsLR_dir-ffx', '/ptmp/hmueller2/2025_ibc_latent/outputs/glm/contrast_maps_fsLR/sub-13/res_task-SelectiveStopSignal_space-fsLR_dir-ffx', '/ptmp/hmueller2/2025_ibc_latent/outputs/glm/contrast_maps_fsLR/sub-13/res_task-Self_space-fsLR_dir-ffx', '/ptmp/hmueller2/2025_ibc_latent/outputs/glm/contrast_maps_fsLR/sub-13/res_task-SpatialNavigation_space-fsLR_dir-ffx', '/ptmp/hmueller2/2025_ibc_latent/outputs/glm/contrast_maps_fsLR/sub-13/res_task-StopNogo_space-fsLR_dir-ffx', '/ptmp/hmueller2/2025_ibc_latent/outputs/glm/contrast_maps_fsLR/sub-13/res_task-StopSignal_space-fsLR_dir-ffx', '/ptmp/hmueller2/2025_ibc_latent/outputs/glm/contrast_maps_fsLR/sub-13/res_task-Stroop_space-fsLR_dir-ffx', '/ptmp/hmueller2/2025_ibc_latent/outputs/glm/contrast_maps_fsLR/sub-13/res_task-TheoryOfMind_space-fsLR_dir-ffx', '/ptmp/hmueller2/2025_ibc_latent/outputs/glm/contrast_maps_fsLR/sub-13/res_task-TwoByTwo_space-fsLR_dir-ffx', '/ptmp/hmueller2/2025_ibc_latent/outputs/glm/contrast_maps_fsLR/sub-13/res_task-VSTMC_space-fsLR_dir-ffx', '/ptmp/hmueller2/2025_ibc_latent/outputs/glm/contrast_maps_fsLR/sub-13/res_task-VSTM_space-fsLR_dir-ffx', '/ptmp/hmueller2/2025_ibc_latent/outputs/glm/contrast_maps_fsLR/sub-13/res_task-Visu_space-fsLR_dir-ffx', '/ptmp/hmueller2/2025_ibc_latent/outputs/glm/contrast_maps_fsLR/sub-13/res_task-WardAndAllport_space-fsLR_dir-ffx', '/ptmp/hmueller2/2025_ibc_latent/outputs/glm/contrast_maps_fsLR/sub-13/res_task-WedgeAnti_space-fsLR_dir-ffx', '/ptmp/hmueller2/2025_ibc_latent/outputs/glm/contrast_maps_fsLR/sub-13/res_task-WedgeClock_space-fsLR_dir-ffx']
    Processing task 'ArchiEmotional':
      Task dir: /ptmp/hmueller2/2025_ibc_latent/outputs/glm/contrast_maps_fsLR/sub-13/res_task-ArchiEmotional_space-fsLR_dir-ffx
      Z-map dir: /ptmp/hmueller2/2025_ibc_latent/outputs/glm/contrast_maps_fsLR/sub-13/res_task-ArchiEmotional_space-fsLR_dir-ffx/z_score_maps
      Z-map dir exists: True
      Glob pattern for z-maps: /ptmp/hmueller2/2025_ibc_latent/outputs/glm/contrast_maps_fsLR/sub-13/res_task-ArchiEmotional_space-fsLR_dir-ffx/z_score_maps/*.dscalar.nii
      Found 14 z-maps
    Processing task 'ArchiSocial':
      Task dir: /ptmp/hmueller2/2025_ibc_latent/outputs/glm/contrast_maps_fsLR/sub-13/res_task-ArchiSocial_space-fsLR_dir-ffx
      Z-map dir: /ptmp/hmueller2/2025_ibc_latent/outputs/glm/contrast_maps_fsLR/sub-13/res_task-ArchiSocial_space-fsLR_dir-ffx/z_score_maps
      Z-map dir exists: True
      Glob pattern for z-maps: /ptmp/hmueller2/2025_ibc_latent/outputs/glm/contrast_maps_fsLR/sub-13/res_task-ArchiSocial_space-fsLR_dir-ffx/z_score_maps/*.dscalar.nii
      Found 13 z-maps
    Processing task 'ArchiSpatial':
      Task dir: /ptmp/hmueller2/2025_ibc_latent/outputs/glm/contrast_maps_fsLR/sub-13/res_task-ArchiSpatial_space-fsLR_dir-ffx
      Z-map dir: /ptmp/hmueller2/2025_ibc_latent/outputs/glm/contrast_maps_fsLR/sub-13/res_task-ArchiSpatial_space-fsLR_dir-ffx/z_score_maps
      Z-map dir exists: True
      Glob pattern for z-maps: /ptmp/hmueller2/2025_ibc_latent/outputs/glm/contrast_maps_fsLR/sub-13/res_task-ArchiSpatial_space-fsLR_dir-ffx/z_score_maps/*.dscalar.nii
      Found 7 z-maps
    Processing task 'ArchiStandard':
      Task dir: /ptmp/hmueller2/2025_ibc_latent/outputs/glm/contrast_maps_fsLR/sub-13/res_task-ArchiStandard_space-fsLR_dir-ffx
      Z-map dir: /ptmp/hmueller2/2025_ibc_latent/outputs/glm/contrast_maps_fsLR/sub-13/res_task-ArchiStandard_space-fsLR_dir-ffx/z_score_maps
      Z-map dir exists: True
      Glob pattern for z-maps: /ptmp/hmueller2/2025_ibc_latent/outputs/glm/contrast_maps_fsLR/sub-13/res_task-ArchiStandard_space-fsLR_dir-ffx/z_score_maps/*.dscalar.nii
      Found 23 z-maps
    Processing task 'Attention':
      Task dir: /ptmp/hmueller2/2025_ibc_latent/outputs/glm/contrast_maps_fsLR/sub-13/res_task-Attention_space-fsLR_dir-ffx
      Z-map dir: /ptmp/hmueller2/2025_ibc_latent/outputs/glm/contrast_maps_fsLR/sub-13/res_task-Attention_space-fsLR_dir-ffx/z_score_maps
      Z-map dir exists: True
      Glob pattern for z-maps: /ptmp/hmueller2/2025_ibc_latent/outputs/glm/contrast_maps_fsLR/sub-13/res_task-Attention_space-fsLR_dir-ffx/z_score_maps/*.dscalar.nii
      Found 10 z-maps
    Processing task 'Audi':
      Task dir: /ptmp/hmueller2/2025_ibc_latent/outputs/glm/contrast_maps_fsLR/sub-13/res_task-Audi_space-fsLR_dir-ffx
      Z-map dir: /ptmp/hmueller2/2025_ibc_latent/outputs/glm/contrast_maps_fsLR/sub-13/res_task-Audi_space-fsLR_dir-ffx/z_score_maps
      Z-map dir exists: True
      Glob pattern for z-maps: /ptmp/hmueller2/2025_ibc_latent/outputs/glm/contrast_maps_fsLR/sub-13/res_task-Audi_space-fsLR_dir-ffx/z_score_maps/*.dscalar.nii
      Found 25 z-maps
    Processing task 'BiologicalMotion1':
      Task dir: /ptmp/hmueller2/2025_ibc_latent/outputs/glm/contrast_maps_fsLR/sub-13/res_task-BiologicalMotion1_space-fsLR_dir-ffx
      Z-map dir: /ptmp/hmueller2/2025_ibc_latent/outputs/glm/contrast_maps_fsLR/sub-13/res_task-BiologicalMotion1_space-fsLR_dir-ffx/z_score_maps
      Z-map dir exists: True
      Glob pattern for z-maps: /ptmp/hmueller2/2025_ibc_latent/outputs/glm/contrast_maps_fsLR/sub-13/res_task-BiologicalMotion1_space-fsLR_dir-ffx/z_score_maps/*.dscalar.nii
      Found 10 z-maps
    Processing task 'BiologicalMotion2':
      Task dir: /ptmp/hmueller2/2025_ibc_latent/outputs/glm/contrast_maps_fsLR/sub-13/res_task-BiologicalMotion2_space-fsLR_dir-ffx
      Z-map dir: /ptmp/hmueller2/2025_ibc_latent/outputs/glm/contrast_maps_fsLR/sub-13/res_task-BiologicalMotion2_space-fsLR_dir-ffx/z_score_maps
      Z-map dir exists: True
      Glob pattern for z-maps: /ptmp/hmueller2/2025_ibc_latent/outputs/glm/contrast_maps_fsLR/sub-13/res_task-BiologicalMotion2_space-fsLR_dir-ffx/z_score_maps/*.dscalar.nii
      Found 10 z-maps
    Processing task 'BreathHolding':
      Task dir: /ptmp/hmueller2/2025_ibc_latent/outputs/glm/contrast_maps_fsLR/sub-13/res_task-BreathHolding_space-fsLR_dir-ffx
      Z-map dir: /ptmp/hmueller2/2025_ibc_latent/outputs/glm/contrast_maps_fsLR/sub-13/res_task-BreathHolding_space-fsLR_dir-ffx/z_score_maps
      Z-map dir exists: True
      Glob pattern for z-maps: /ptmp/hmueller2/2025_ibc_latent/outputs/glm/contrast_maps_fsLR/sub-13/res_task-BreathHolding_space-fsLR_dir-ffx/z_score_maps/*.dscalar.nii
      Found 4 z-maps
    Processing task 'Catell':
      Task dir: /ptmp/hmueller2/2025_ibc_latent/outputs/glm/contrast_maps_fsLR/sub-13/res_task-Catell_space-fsLR_dir-ffx
      Z-map dir: /ptmp/hmueller2/2025_ibc_latent/outputs/glm/contrast_maps_fsLR/sub-13/res_task-Catell_space-fsLR_dir-ffx/z_score_maps
      Z-map dir exists: True
      Glob pattern for z-maps: /ptmp/hmueller2/2025_ibc_latent/outputs/glm/contrast_maps_fsLR/sub-13/res_task-Catell_space-fsLR_dir-ffx/z_score_maps/*.dscalar.nii
      Found 3 z-maps
    Processing task 'Checkerboard':
      Task dir: /ptmp/hmueller2/2025_ibc_latent/outputs/glm/contrast_maps_fsLR/sub-13/res_task-Checkerboard_space-fsLR_dir-ffx
      Z-map dir: /ptmp/hmueller2/2025_ibc_latent/outputs/glm/contrast_maps_fsLR/sub-13/res_task-Checkerboard_space-fsLR_dir-ffx/z_score_maps
      Z-map dir exists: True
      Glob pattern for z-maps: /ptmp/hmueller2/2025_ibc_latent/outputs/glm/contrast_maps_fsLR/sub-13/res_task-Checkerboard_space-fsLR_dir-ffx/z_score_maps/*.dscalar.nii
      Found 3 z-maps
    Processing task 'ColumbiaCards':
      Task dir: /ptmp/hmueller2/2025_ibc_latent/outputs/glm/contrast_maps_fsLR/sub-13/res_task-ColumbiaCards_space-fsLR_dir-ffx
      Z-map dir: /ptmp/hmueller2/2025_ibc_latent/outputs/glm/contrast_maps_fsLR/sub-13/res_task-ColumbiaCards_space-fsLR_dir-ffx/z_score_maps
      Z-map dir exists: True
      Glob pattern for z-maps: /ptmp/hmueller2/2025_ibc_latent/outputs/glm/contrast_maps_fsLR/sub-13/res_task-ColumbiaCards_space-fsLR_dir-ffx/z_score_maps/*.dscalar.nii
      Found 3 z-maps
    Processing task 'Discount':
      Task dir: /ptmp/hmueller2/2025_ibc_latent/outputs/glm/contrast_maps_fsLR/sub-13/res_task-Discount_space-fsLR_dir-ffx
      Z-map dir: /ptmp/hmueller2/2025_ibc_latent/outputs/glm/contrast_maps_fsLR/sub-13/res_task-Discount_space-fsLR_dir-ffx/z_score_maps
      Z-map dir exists: True
      Glob pattern for z-maps: /ptmp/hmueller2/2025_ibc_latent/outputs/glm/contrast_maps_fsLR/sub-13/res_task-Discount_space-fsLR_dir-ffx/z_score_maps/*.dscalar.nii
      Found 2 z-maps
    Processing task 'DotPatterns':
      Task dir: /ptmp/hmueller2/2025_ibc_latent/outputs/glm/contrast_maps_fsLR/sub-13/res_task-DotPatterns_space-fsLR_dir-ffx
      Z-map dir: /ptmp/hmueller2/2025_ibc_latent/outputs/glm/contrast_maps_fsLR/sub-13/res_task-DotPatterns_space-fsLR_dir-ffx/z_score_maps
      Z-map dir exists: True
      Glob pattern for z-maps: /ptmp/hmueller2/2025_ibc_latent/outputs/glm/contrast_maps_fsLR/sub-13/res_task-DotPatterns_space-fsLR_dir-ffx/z_score_maps/*.dscalar.nii
      Found 11 z-maps
    Processing task 'EmoMem':
      Task dir: /ptmp/hmueller2/2025_ibc_latent/outputs/glm/contrast_maps_fsLR/sub-13/res_task-EmoMem_space-fsLR_dir-ffx
      Z-map dir: /ptmp/hmueller2/2025_ibc_latent/outputs/glm/contrast_maps_fsLR/sub-13/res_task-EmoMem_space-fsLR_dir-ffx/z_score_maps
      Z-map dir exists: True
      Glob pattern for z-maps: /ptmp/hmueller2/2025_ibc_latent/outputs/glm/contrast_maps_fsLR/sub-13/res_task-EmoMem_space-fsLR_dir-ffx/z_score_maps/*.dscalar.nii
      Found 6 z-maps
    Processing task 'EmoReco':
      Task dir: /ptmp/hmueller2/2025_ibc_latent/outputs/glm/contrast_maps_fsLR/sub-13/res_task-EmoReco_space-fsLR_dir-ffx
      Z-map dir: /ptmp/hmueller2/2025_ibc_latent/outputs/glm/contrast_maps_fsLR/sub-13/res_task-EmoReco_space-fsLR_dir-ffx/z_score_maps
      Z-map dir exists: True
      Glob pattern for z-maps: /ptmp/hmueller2/2025_ibc_latent/outputs/glm/contrast_maps_fsLR/sub-13/res_task-EmoReco_space-fsLR_dir-ffx/z_score_maps/*.dscalar.nii
      Found 10 z-maps
    Processing task 'EmotionalPain':
      Task dir: /ptmp/hmueller2/2025_ibc_latent/outputs/glm/contrast_maps_fsLR/sub-13/res_task-EmotionalPain_space-fsLR_dir-ffx
      Z-map dir: /ptmp/hmueller2/2025_ibc_latent/outputs/glm/contrast_maps_fsLR/sub-13/res_task-EmotionalPain_space-fsLR_dir-ffx/z_score_maps
      Z-map dir exists: True
      Glob pattern for z-maps: /ptmp/hmueller2/2025_ibc_latent/outputs/glm/contrast_maps_fsLR/sub-13/res_task-EmotionalPain_space-fsLR_dir-ffx/z_score_maps/*.dscalar.nii
      Found 3 z-maps
    Processing task 'Enumeration':
      Task dir: /ptmp/hmueller2/2025_ibc_latent/outputs/glm/contrast_maps_fsLR/sub-13/res_task-Enumeration_space-fsLR_dir-ffx
      Z-map dir: /ptmp/hmueller2/2025_ibc_latent/outputs/glm/contrast_maps_fsLR/sub-13/res_task-Enumeration_space-fsLR_dir-ffx/z_score_maps
      Z-map dir exists: True
      Glob pattern for z-maps: /ptmp/hmueller2/2025_ibc_latent/outputs/glm/contrast_maps_fsLR/sub-13/res_task-Enumeration_space-fsLR_dir-ffx/z_score_maps/*.dscalar.nii
      Found 3 z-maps
    Processing task 'FingerTap':
      Task dir: /ptmp/hmueller2/2025_ibc_latent/outputs/glm/contrast_maps_fsLR/sub-13/res_task-FingerTap_space-fsLR_dir-ffx
      Z-map dir: /ptmp/hmueller2/2025_ibc_latent/outputs/glm/contrast_maps_fsLR/sub-13/res_task-FingerTap_space-fsLR_dir-ffx/z_score_maps
      Z-map dir exists: True
      Glob pattern for z-maps: /ptmp/hmueller2/2025_ibc_latent/outputs/glm/contrast_maps_fsLR/sub-13/res_task-FingerTap_space-fsLR_dir-ffx/z_score_maps/*.dscalar.nii
      Found 3 z-maps
    Processing task 'HcpEmotion':
      Task dir: /ptmp/hmueller2/2025_ibc_latent/outputs/glm/contrast_maps_fsLR/sub-13/res_task-HcpEmotion_space-fsLR_dir-ffx
      Z-map dir: /ptmp/hmueller2/2025_ibc_latent/outputs/glm/contrast_maps_fsLR/sub-13/res_task-HcpEmotion_space-fsLR_dir-ffx/z_score_maps
      Z-map dir exists: True
      Glob pattern for z-maps: /ptmp/hmueller2/2025_ibc_latent/outputs/glm/contrast_maps_fsLR/sub-13/res_task-HcpEmotion_space-fsLR_dir-ffx/z_score_maps/*.dscalar.nii
      Found 4 z-maps
    Processing task 'HcpGambling':
      Task dir: /ptmp/hmueller2/2025_ibc_latent/outputs/glm/contrast_maps_fsLR/sub-13/res_task-HcpGambling_space-fsLR_dir-ffx
      Z-map dir: /ptmp/hmueller2/2025_ibc_latent/outputs/glm/contrast_maps_fsLR/sub-13/res_task-HcpGambling_space-fsLR_dir-ffx/z_score_maps
      Z-map dir exists: True
      Glob pattern for z-maps: /ptmp/hmueller2/2025_ibc_latent/outputs/glm/contrast_maps_fsLR/sub-13/res_task-HcpGambling_space-fsLR_dir-ffx/z_score_maps/*.dscalar.nii
      Found 4 z-maps
    Processing task 'HcpLanguage':
      Task dir: /ptmp/hmueller2/2025_ibc_latent/outputs/glm/contrast_maps_fsLR/sub-13/res_task-HcpLanguage_space-fsLR_dir-ffx
      Z-map dir: /ptmp/hmueller2/2025_ibc_latent/outputs/glm/contrast_maps_fsLR/sub-13/res_task-HcpLanguage_space-fsLR_dir-ffx/z_score_maps
      Z-map dir exists: True
      Glob pattern for z-maps: /ptmp/hmueller2/2025_ibc_latent/outputs/glm/contrast_maps_fsLR/sub-13/res_task-HcpLanguage_space-fsLR_dir-ffx/z_score_maps/*.dscalar.nii
      Found 4 z-maps
    Processing task 'HcpMotor':
      Task dir: /ptmp/hmueller2/2025_ibc_latent/outputs/glm/contrast_maps_fsLR/sub-13/res_task-HcpMotor_space-fsLR_dir-ffx
      Z-map dir: /ptmp/hmueller2/2025_ibc_latent/outputs/glm/contrast_maps_fsLR/sub-13/res_task-HcpMotor_space-fsLR_dir-ffx/z_score_maps
      Z-map dir exists: True
      Glob pattern for z-maps: /ptmp/hmueller2/2025_ibc_latent/outputs/glm/contrast_maps_fsLR/sub-13/res_task-HcpMotor_space-fsLR_dir-ffx/z_score_maps/*.dscalar.nii
      Found 11 z-maps
    Processing task 'HcpRelational':
      Task dir: /ptmp/hmueller2/2025_ibc_latent/outputs/glm/contrast_maps_fsLR/sub-13/res_task-HcpRelational_space-fsLR_dir-ffx
      Z-map dir: /ptmp/hmueller2/2025_ibc_latent/outputs/glm/contrast_maps_fsLR/sub-13/res_task-HcpRelational_space-fsLR_dir-ffx/z_score_maps
      Z-map dir exists: True
      Glob pattern for z-maps: /ptmp/hmueller2/2025_ibc_latent/outputs/glm/contrast_maps_fsLR/sub-13/res_task-HcpRelational_space-fsLR_dir-ffx/z_score_maps/*.dscalar.nii
      Found 3 z-maps
    Processing task 'HcpSocial':
      Task dir: /ptmp/hmueller2/2025_ibc_latent/outputs/glm/contrast_maps_fsLR/sub-13/res_task-HcpSocial_space-fsLR_dir-ffx
      Z-map dir: /ptmp/hmueller2/2025_ibc_latent/outputs/glm/contrast_maps_fsLR/sub-13/res_task-HcpSocial_space-fsLR_dir-ffx/z_score_maps
      Z-map dir exists: True
      Glob pattern for z-maps: /ptmp/hmueller2/2025_ibc_latent/outputs/glm/contrast_maps_fsLR/sub-13/res_task-HcpSocial_space-fsLR_dir-ffx/z_score_maps/*.dscalar.nii
      Found 3 z-maps
    Processing task 'HcpWm':
      Task dir: /ptmp/hmueller2/2025_ibc_latent/outputs/glm/contrast_maps_fsLR/sub-13/res_task-HcpWm_space-fsLR_dir-ffx
      Z-map dir: /ptmp/hmueller2/2025_ibc_latent/outputs/glm/contrast_maps_fsLR/sub-13/res_task-HcpWm_space-fsLR_dir-ffx/z_score_maps
      Z-map dir exists: True
      Glob pattern for z-maps: /ptmp/hmueller2/2025_ibc_latent/outputs/glm/contrast_maps_fsLR/sub-13/res_task-HcpWm_space-fsLR_dir-ffx/z_score_maps/*.dscalar.nii
      Found 14 z-maps
    Processing task 'ItemRecognition':
      Task dir: /ptmp/hmueller2/2025_ibc_latent/outputs/glm/contrast_maps_fsLR/sub-13/res_task-ItemRecognition_space-fsLR_dir-ffx
      Z-map dir: /ptmp/hmueller2/2025_ibc_latent/outputs/glm/contrast_maps_fsLR/sub-13/res_task-ItemRecognition_space-fsLR_dir-ffx/z_score_maps
      Z-map dir exists: True
      Glob pattern for z-maps: /ptmp/hmueller2/2025_ibc_latent/outputs/glm/contrast_maps_fsLR/sub-13/res_task-ItemRecognition_space-fsLR_dir-ffx/z_score_maps/*.dscalar.nii
      Found 17 z-maps
    Processing task 'Lec1':
      Task dir: /ptmp/hmueller2/2025_ibc_latent/outputs/glm/contrast_maps_fsLR/sub-13/res_task-Lec1_space-fsLR_dir-ffx
      Z-map dir: /ptmp/hmueller2/2025_ibc_latent/outputs/glm/contrast_maps_fsLR/sub-13/res_task-Lec1_space-fsLR_dir-ffx/z_score_maps
      Z-map dir exists: True
      Glob pattern for z-maps: /ptmp/hmueller2/2025_ibc_latent/outputs/glm/contrast_maps_fsLR/sub-13/res_task-Lec1_space-fsLR_dir-ffx/z_score_maps/*.dscalar.nii
      Found 6 z-maps
    Processing task 'Lec2':
      Task dir: /ptmp/hmueller2/2025_ibc_latent/outputs/glm/contrast_maps_fsLR/sub-13/res_task-Lec2_space-fsLR_dir-ffx
      Z-map dir: /ptmp/hmueller2/2025_ibc_latent/outputs/glm/contrast_maps_fsLR/sub-13/res_task-Lec2_space-fsLR_dir-ffx/z_score_maps
      Z-map dir exists: True
      Glob pattern for z-maps: /ptmp/hmueller2/2025_ibc_latent/outputs/glm/contrast_maps_fsLR/sub-13/res_task-Lec2_space-fsLR_dir-ffx/z_score_maps/*.dscalar.nii
      Found 3 z-maps
    Processing task 'MCSE':
      Task dir: /ptmp/hmueller2/2025_ibc_latent/outputs/glm/contrast_maps_fsLR/sub-13/res_task-MCSE_space-fsLR_dir-ffx
      Z-map dir: /ptmp/hmueller2/2025_ibc_latent/outputs/glm/contrast_maps_fsLR/sub-13/res_task-MCSE_space-fsLR_dir-ffx/z_score_maps
      Z-map dir exists: True
      Glob pattern for z-maps: /ptmp/hmueller2/2025_ibc_latent/outputs/glm/contrast_maps_fsLR/sub-13/res_task-MCSE_space-fsLR_dir-ffx/z_score_maps/*.dscalar.nii
      Found 9 z-maps
    Processing task 'MTTNS':
      Task dir: /ptmp/hmueller2/2025_ibc_latent/outputs/glm/contrast_maps_fsLR/sub-13/res_task-MTTNS_space-fsLR_dir-ffx
      Z-map dir: /ptmp/hmueller2/2025_ibc_latent/outputs/glm/contrast_maps_fsLR/sub-13/res_task-MTTNS_space-fsLR_dir-ffx/z_score_maps
      Z-map dir exists: True
      Glob pattern for z-maps: /ptmp/hmueller2/2025_ibc_latent/outputs/glm/contrast_maps_fsLR/sub-13/res_task-MTTNS_space-fsLR_dir-ffx/z_score_maps/*.dscalar.nii
      Found 19 z-maps
    Processing task 'MTTWE':
      Task dir: /ptmp/hmueller2/2025_ibc_latent/outputs/glm/contrast_maps_fsLR/sub-13/res_task-MTTWE_space-fsLR_dir-ffx
      Z-map dir: /ptmp/hmueller2/2025_ibc_latent/outputs/glm/contrast_maps_fsLR/sub-13/res_task-MTTWE_space-fsLR_dir-ffx/z_score_maps
      Z-map dir exists: True
      Glob pattern for z-maps: /ptmp/hmueller2/2025_ibc_latent/outputs/glm/contrast_maps_fsLR/sub-13/res_task-MTTWE_space-fsLR_dir-ffx/z_score_maps/*.dscalar.nii
      Found 19 z-maps
    Processing task 'MVEB':
      Task dir: /ptmp/hmueller2/2025_ibc_latent/outputs/glm/contrast_maps_fsLR/sub-13/res_task-MVEB_space-fsLR_dir-ffx
      Z-map dir: /ptmp/hmueller2/2025_ibc_latent/outputs/glm/contrast_maps_fsLR/sub-13/res_task-MVEB_space-fsLR_dir-ffx/z_score_maps
      Z-map dir exists: True
      Glob pattern for z-maps: /ptmp/hmueller2/2025_ibc_latent/outputs/glm/contrast_maps_fsLR/sub-13/res_task-MVEB_space-fsLR_dir-ffx/z_score_maps/*.dscalar.nii
      Found 11 z-maps
    Processing task 'MVIS':
      Task dir: /ptmp/hmueller2/2025_ibc_latent/outputs/glm/contrast_maps_fsLR/sub-13/res_task-MVIS_space-fsLR_dir-ffx
      Z-map dir: /ptmp/hmueller2/2025_ibc_latent/outputs/glm/contrast_maps_fsLR/sub-13/res_task-MVIS_space-fsLR_dir-ffx/z_score_maps
      Z-map dir exists: True
      Glob pattern for z-maps: /ptmp/hmueller2/2025_ibc_latent/outputs/glm/contrast_maps_fsLR/sub-13/res_task-MVIS_space-fsLR_dir-ffx/z_score_maps/*.dscalar.nii
      Found 12 z-maps
    Processing task 'MathLanguage':
      Task dir: /ptmp/hmueller2/2025_ibc_latent/outputs/glm/contrast_maps_fsLR/sub-13/res_task-MathLanguage_space-fsLR_dir-ffx
      Z-map dir: /ptmp/hmueller2/2025_ibc_latent/outputs/glm/contrast_maps_fsLR/sub-13/res_task-MathLanguage_space-fsLR_dir-ffx/z_score_maps
      Z-map dir exists: True
      Glob pattern for z-maps: /ptmp/hmueller2/2025_ibc_latent/outputs/glm/contrast_maps_fsLR/sub-13/res_task-MathLanguage_space-fsLR_dir-ffx/z_score_maps/*.dscalar.nii
      Found 30 z-maps
    Processing task 'Moto':
      Task dir: /ptmp/hmueller2/2025_ibc_latent/outputs/glm/contrast_maps_fsLR/sub-13/res_task-Moto_space-fsLR_dir-ffx
      Z-map dir: /ptmp/hmueller2/2025_ibc_latent/outputs/glm/contrast_maps_fsLR/sub-13/res_task-Moto_space-fsLR_dir-ffx/z_score_maps
      Z-map dir exists: True
      Glob pattern for z-maps: /ptmp/hmueller2/2025_ibc_latent/outputs/glm/contrast_maps_fsLR/sub-13/res_task-Moto_space-fsLR_dir-ffx/z_score_maps/*.dscalar.nii
      Found 9 z-maps
    Processing task 'PainMovie':
      Task dir: /ptmp/hmueller2/2025_ibc_latent/outputs/glm/contrast_maps_fsLR/sub-13/res_task-PainMovie_space-fsLR_dir-ffx
      Z-map dir: /ptmp/hmueller2/2025_ibc_latent/outputs/glm/contrast_maps_fsLR/sub-13/res_task-PainMovie_space-fsLR_dir-ffx/z_score_maps
      Z-map dir exists: True
      Glob pattern for z-maps: /ptmp/hmueller2/2025_ibc_latent/outputs/glm/contrast_maps_fsLR/sub-13/res_task-PainMovie_space-fsLR_dir-ffx/z_score_maps/*.dscalar.nii
      Found 3 z-maps
    Processing task 'PreferenceFaces':
      Task dir: /ptmp/hmueller2/2025_ibc_latent/outputs/glm/contrast_maps_fsLR/sub-13/res_task-PreferenceFaces_space-fsLR_dir-ffx
      Z-map dir: /ptmp/hmueller2/2025_ibc_latent/outputs/glm/contrast_maps_fsLR/sub-13/res_task-PreferenceFaces_space-fsLR_dir-ffx/z_score_maps
      Z-map dir exists: True
      Glob pattern for z-maps: /ptmp/hmueller2/2025_ibc_latent/outputs/glm/contrast_maps_fsLR/sub-13/res_task-PreferenceFaces_space-fsLR_dir-ffx/z_score_maps/*.dscalar.nii
      Found 3 z-maps
    Processing task 'PreferenceHouses':
      Task dir: /ptmp/hmueller2/2025_ibc_latent/outputs/glm/contrast_maps_fsLR/sub-13/res_task-PreferenceHouses_space-fsLR_dir-ffx
      Z-map dir: /ptmp/hmueller2/2025_ibc_latent/outputs/glm/contrast_maps_fsLR/sub-13/res_task-PreferenceHouses_space-fsLR_dir-ffx/z_score_maps
      Z-map dir exists: True
      Glob pattern for z-maps: /ptmp/hmueller2/2025_ibc_latent/outputs/glm/contrast_maps_fsLR/sub-13/res_task-PreferenceHouses_space-fsLR_dir-ffx/z_score_maps/*.dscalar.nii
      Found 3 z-maps
    Processing task 'PreferencePaintings':
      Task dir: /ptmp/hmueller2/2025_ibc_latent/outputs/glm/contrast_maps_fsLR/sub-13/res_task-PreferencePaintings_space-fsLR_dir-ffx
      Z-map dir: /ptmp/hmueller2/2025_ibc_latent/outputs/glm/contrast_maps_fsLR/sub-13/res_task-PreferencePaintings_space-fsLR_dir-ffx/z_score_maps
      Z-map dir exists: True
      Glob pattern for z-maps: /ptmp/hmueller2/2025_ibc_latent/outputs/glm/contrast_maps_fsLR/sub-13/res_task-PreferencePaintings_space-fsLR_dir-ffx/z_score_maps/*.dscalar.nii
      Found 3 z-maps
    Processing task 'RSVPLanguage':
      Task dir: /ptmp/hmueller2/2025_ibc_latent/outputs/glm/contrast_maps_fsLR/sub-13/res_task-RSVPLanguage_space-fsLR_dir-ffx
      Z-map dir: /ptmp/hmueller2/2025_ibc_latent/outputs/glm/contrast_maps_fsLR/sub-13/res_task-RSVPLanguage_space-fsLR_dir-ffx/z_score_maps
      Z-map dir exists: True
      Glob pattern for z-maps: /ptmp/hmueller2/2025_ibc_latent/outputs/glm/contrast_maps_fsLR/sub-13/res_task-RSVPLanguage_space-fsLR_dir-ffx/z_score_maps/*.dscalar.nii
      Found 19 z-maps
    Processing task 'SelectiveStopSignal':
      Task dir: /ptmp/hmueller2/2025_ibc_latent/outputs/glm/contrast_maps_fsLR/sub-13/res_task-SelectiveStopSignal_space-fsLR_dir-ffx
      Z-map dir: /ptmp/hmueller2/2025_ibc_latent/outputs/glm/contrast_maps_fsLR/sub-13/res_task-SelectiveStopSignal_space-fsLR_dir-ffx/z_score_maps
      Z-map dir exists: True
      Glob pattern for z-maps: /ptmp/hmueller2/2025_ibc_latent/outputs/glm/contrast_maps_fsLR/sub-13/res_task-SelectiveStopSignal_space-fsLR_dir-ffx/z_score_maps/*.dscalar.nii
      Found 8 z-maps
    Processing task 'Self':
      Task dir: /ptmp/hmueller2/2025_ibc_latent/outputs/glm/contrast_maps_fsLR/sub-13/res_task-Self_space-fsLR_dir-ffx
      Z-map dir: /ptmp/hmueller2/2025_ibc_latent/outputs/glm/contrast_maps_fsLR/sub-13/res_task-Self_space-fsLR_dir-ffx/z_score_maps
      Z-map dir exists: True
      Glob pattern for z-maps: /ptmp/hmueller2/2025_ibc_latent/outputs/glm/contrast_maps_fsLR/sub-13/res_task-Self_space-fsLR_dir-ffx/z_score_maps/*.dscalar.nii
      Found 11 z-maps
    Processing task 'SpatialNavigation':
      Task dir: /ptmp/hmueller2/2025_ibc_latent/outputs/glm/contrast_maps_fsLR/sub-13/res_task-SpatialNavigation_space-fsLR_dir-ffx
      Z-map dir: /ptmp/hmueller2/2025_ibc_latent/outputs/glm/contrast_maps_fsLR/sub-13/res_task-SpatialNavigation_space-fsLR_dir-ffx/z_score_maps
      Z-map dir exists: True
      Glob pattern for z-maps: /ptmp/hmueller2/2025_ibc_latent/outputs/glm/contrast_maps_fsLR/sub-13/res_task-SpatialNavigation_space-fsLR_dir-ffx/z_score_maps/*.dscalar.nii
      Found 9 z-maps
    Processing task 'StopNogo':
      Task dir: /ptmp/hmueller2/2025_ibc_latent/outputs/glm/contrast_maps_fsLR/sub-13/res_task-StopNogo_space-fsLR_dir-ffx
      Z-map dir: /ptmp/hmueller2/2025_ibc_latent/outputs/glm/contrast_maps_fsLR/sub-13/res_task-StopNogo_space-fsLR_dir-ffx/z_score_maps
      Z-map dir exists: True
      Glob pattern for z-maps: /ptmp/hmueller2/2025_ibc_latent/outputs/glm/contrast_maps_fsLR/sub-13/res_task-StopNogo_space-fsLR_dir-ffx/z_score_maps/*.dscalar.nii
      Found 7 z-maps
    Processing task 'StopSignal':
      Task dir: /ptmp/hmueller2/2025_ibc_latent/outputs/glm/contrast_maps_fsLR/sub-13/res_task-StopSignal_space-fsLR_dir-ffx
      Z-map dir: /ptmp/hmueller2/2025_ibc_latent/outputs/glm/contrast_maps_fsLR/sub-13/res_task-StopSignal_space-fsLR_dir-ffx/z_score_maps
      Z-map dir exists: True
      Glob pattern for z-maps: /ptmp/hmueller2/2025_ibc_latent/outputs/glm/contrast_maps_fsLR/sub-13/res_task-StopSignal_space-fsLR_dir-ffx/z_score_maps/*.dscalar.nii
      Found 3 z-maps
    Processing task 'Stroop':
      Task dir: /ptmp/hmueller2/2025_ibc_latent/outputs/glm/contrast_maps_fsLR/sub-13/res_task-Stroop_space-fsLR_dir-ffx
      Z-map dir: /ptmp/hmueller2/2025_ibc_latent/outputs/glm/contrast_maps_fsLR/sub-13/res_task-Stroop_space-fsLR_dir-ffx/z_score_maps
      Z-map dir exists: True
      Glob pattern for z-maps: /ptmp/hmueller2/2025_ibc_latent/outputs/glm/contrast_maps_fsLR/sub-13/res_task-Stroop_space-fsLR_dir-ffx/z_score_maps/*.dscalar.nii
      Found 3 z-maps
    Processing task 'TheoryOfMind':
      Task dir: /ptmp/hmueller2/2025_ibc_latent/outputs/glm/contrast_maps_fsLR/sub-13/res_task-TheoryOfMind_space-fsLR_dir-ffx
      Z-map dir: /ptmp/hmueller2/2025_ibc_latent/outputs/glm/contrast_maps_fsLR/sub-13/res_task-TheoryOfMind_space-fsLR_dir-ffx/z_score_maps
      Z-map dir exists: True
      Glob pattern for z-maps: /ptmp/hmueller2/2025_ibc_latent/outputs/glm/contrast_maps_fsLR/sub-13/res_task-TheoryOfMind_space-fsLR_dir-ffx/z_score_maps/*.dscalar.nii
      Found 3 z-maps
    Processing task 'TwoByTwo':
      Task dir: /ptmp/hmueller2/2025_ibc_latent/outputs/glm/contrast_maps_fsLR/sub-13/res_task-TwoByTwo_space-fsLR_dir-ffx
      Z-map dir: /ptmp/hmueller2/2025_ibc_latent/outputs/glm/contrast_maps_fsLR/sub-13/res_task-TwoByTwo_space-fsLR_dir-ffx/z_score_maps
      Z-map dir exists: True
      Glob pattern for z-maps: /ptmp/hmueller2/2025_ibc_latent/outputs/glm/contrast_maps_fsLR/sub-13/res_task-TwoByTwo_space-fsLR_dir-ffx/z_score_maps/*.dscalar.nii
      Found 10 z-maps
    Processing task 'VSTMC':
      Task dir: /ptmp/hmueller2/2025_ibc_latent/outputs/glm/contrast_maps_fsLR/sub-13/res_task-VSTMC_space-fsLR_dir-ffx
      Z-map dir: /ptmp/hmueller2/2025_ibc_latent/outputs/glm/contrast_maps_fsLR/sub-13/res_task-VSTMC_space-fsLR_dir-ffx/z_score_maps
      Z-map dir exists: True
      Glob pattern for z-maps: /ptmp/hmueller2/2025_ibc_latent/outputs/glm/contrast_maps_fsLR/sub-13/res_task-VSTMC_space-fsLR_dir-ffx/z_score_maps/*.dscalar.nii
      Found 10 z-maps
    Processing task 'VSTM':
      Task dir: /ptmp/hmueller2/2025_ibc_latent/outputs/glm/contrast_maps_fsLR/sub-13/res_task-VSTM_space-fsLR_dir-ffx
      Z-map dir: /ptmp/hmueller2/2025_ibc_latent/outputs/glm/contrast_maps_fsLR/sub-13/res_task-VSTM_space-fsLR_dir-ffx/z_score_maps
      Z-map dir exists: True
      Glob pattern for z-maps: /ptmp/hmueller2/2025_ibc_latent/outputs/glm/contrast_maps_fsLR/sub-13/res_task-VSTM_space-fsLR_dir-ffx/z_score_maps/*.dscalar.nii
      Found 3 z-maps
    Processing task 'Visu':
      Task dir: /ptmp/hmueller2/2025_ibc_latent/outputs/glm/contrast_maps_fsLR/sub-13/res_task-Visu_space-fsLR_dir-ffx
      Z-map dir: /ptmp/hmueller2/2025_ibc_latent/outputs/glm/contrast_maps_fsLR/sub-13/res_task-Visu_space-fsLR_dir-ffx/z_score_maps
      Z-map dir exists: True
      Glob pattern for z-maps: /ptmp/hmueller2/2025_ibc_latent/outputs/glm/contrast_maps_fsLR/sub-13/res_task-Visu_space-fsLR_dir-ffx/z_score_maps/*.dscalar.nii
      Found 16 z-maps
    Processing task 'WardAndAllport':
      Task dir: /ptmp/hmueller2/2025_ibc_latent/outputs/glm/contrast_maps_fsLR/sub-13/res_task-WardAndAllport_space-fsLR_dir-ffx
      Z-map dir: /ptmp/hmueller2/2025_ibc_latent/outputs/glm/contrast_maps_fsLR/sub-13/res_task-WardAndAllport_space-fsLR_dir-ffx/z_score_maps
      Z-map dir exists: True
      Glob pattern for z-maps: /ptmp/hmueller2/2025_ibc_latent/outputs/glm/contrast_maps_fsLR/sub-13/res_task-WardAndAllport_space-fsLR_dir-ffx/z_score_maps/*.dscalar.nii
      Found 10 z-maps
    Processing task 'WedgeAnti':
      Task dir: /ptmp/hmueller2/2025_ibc_latent/outputs/glm/contrast_maps_fsLR/sub-13/res_task-WedgeAnti_space-fsLR_dir-ffx
      Z-map dir: /ptmp/hmueller2/2025_ibc_latent/outputs/glm/contrast_maps_fsLR/sub-13/res_task-WedgeAnti_space-fsLR_dir-ffx/z_score_maps
      Z-map dir exists: True
      Glob pattern for z-maps: /ptmp/hmueller2/2025_ibc_latent/outputs/glm/contrast_maps_fsLR/sub-13/res_task-WedgeAnti_space-fsLR_dir-ffx/z_score_maps/*.dscalar.nii
      Found 8 z-maps
    Processing task 'WedgeClock':
      Task dir: /ptmp/hmueller2/2025_ibc_latent/outputs/glm/contrast_maps_fsLR/sub-13/res_task-WedgeClock_space-fsLR_dir-ffx
      Z-map dir: /ptmp/hmueller2/2025_ibc_latent/outputs/glm/contrast_maps_fsLR/sub-13/res_task-WedgeClock_space-fsLR_dir-ffx/z_score_maps
      Z-map dir exists: True
      Glob pattern for z-maps: /ptmp/hmueller2/2025_ibc_latent/outputs/glm/contrast_maps_fsLR/sub-13/res_task-WedgeClock_space-fsLR_dir-ffx/z_score_maps/*.dscalar.nii
      Found 8 z-maps
  ! Workbench smoothing failed for HcpWm/2back-0back, using unsmoothed map: Missing required file(s) for Workbench smoothing: ['/home/hmueller2/workbench/bin_linux64/wb_command']
  ✓ Loaded: HcpWm/2back-0back
  ! Workbench smoothing failed for ItemRecognition/encode5-encode1, using unsmoothed map: Missing required file(s) for Workbench smoothing: ['/home/hmueller2/workbench/bin_linux64/wb_command']
  ✓ Loaded: ItemRecognition/encode5-encode1
  - Not available: MDTB/2back_hard-easy
  - Not available: MDTB/search_hard-easy
  - Not available: MDTB/semantic_hard-easy
  - Not available: MDTB/finger_complex-simple
  - Not available: GoodBadUgly/dot_hard-easy
  ! Workbench smoothing failed for Stroop/incongruent-congruent, using unsmoothed map: Missing required file(s) for Workbench smoothing: ['/home/hmueller2/workbench/bin_linux64/wb_command']
  ✓ Loaded: Stroop/incongruent-congruent
  ! Workbench smoothing failed for Catell/hard-easy, using unsmoothed map: Missing required file(s) for Workbench smoothing: ['/home/hmueller2/workbench/bin_linux64/wb_command']
  ✓ Loaded: Catell/hard-easy

Applied Workbench CIFTI smoothing to input contrasts (FWHM=4.0mm)

Combined 4 MD contrasts
Mean z-score: -0.002 ± 0.563
Max z-score: 2.411

Threshold: z > 2.3
Suprathreshold vertices: 2 (0.0%)

✓ Saved mean MD map: /ptmp/hmueller2/2025_ibc_latent/outputs/md_system/vertex_wise/sub-13/sub-13_MD_mean.dscalar.nii
✓ Saved thresholded MD map: /ptmp/hmueller2/2025_ibc_latent/outputs/md_system/vertex_wise/sub-13/sub-13_MD_mean_thresh_2.3.dscalar.nii
✓ Saved std MD map: /ptmp/hmueller2/2025_ibc_latent/outputs/md_system/vertex_wise/sub-13/sub-13_MD_std.dscalar.nii
✓ Saved contrast info: /ptmp/hmueller2/2025_ibc_latent/outputs/md_system/vertex_wise/sub-13/sub-13_MD_contrasts.txt

============================================================
Processing subject 14
============================================================
  Looking for contrasts in: /ptmp/hmueller2/2025_ibc_latent/outputs/glm/contrast_maps_fsLR/sub-14
  Subject directory contents (90 items): ['res_task-ArchiEmotional_space-fsLR_dir-ffx', 'res_task-ArchiSocial_space-fsLR_dir-ffx', 'res_task-ArchiSpatial_space-fsLR_dir-ffx', 'res_task-ArchiStandard_space-fsLR_dir-ffx', 'res_task-Attention_space-fsLR_dir-ffx', 'res_task-Audi_space-fsLR_dir-ffx', 'res_task-BiologicalMotion1_space-fsLR_dir-ffx', 'res_task-BiologicalMotion2_space-fsLR_dir-ffx', 'res_task-BreathHolding_space-fsLR_dir-ffx', 'res_task-Catell_space-fsLR_dir-ffx', 'res_task-Checkerboard_space-fsLR_dir-ffx', 'res_task-Color_space-fsLR_dir-ffx', 'res_task-ColumbiaCards_space-fsLR_dir-ffx', 'res_task-Discount_space-fsLR_dir-ffx', 'res_task-DotPatterns_space-fsLR_dir-ffx', 'res_task-EmoMem_space-fsLR_dir-ffx', 'res_task-EmoReco_space-fsLR_dir-ffx', 'res_task-EmotionalPain_space-fsLR_dir-ffx', 'res_task-Enumeration_space-fsLR_dir-ffx', 'res_task-FaceBody_space-fsLR_dir-ffx', 'res_task-FingerTap_space-fsLR_dir-ffx', 'res_task-HcpEmotion_space-fsLR_dir-ffx', 'res_task-HcpGambling_space-fsLR_dir-ffx', 'res_task-HcpLanguage_space-fsLR_dir-ffx', 'res_task-HcpMotor_space-fsLR_dir-ffx', 'res_task-HcpRelational_space-fsLR_dir-ffx', 'res_task-HcpSocial_space-fsLR_dir-ffx', 'res_task-HcpWm_space-fsLR_dir-ffx', 'res_task-ItemRecognition_space-fsLR_dir-ffx', 'res_task-Lec1_space-fsLR_dir-ffx', 'res_task-Lec2_space-fsLR_dir-ffx', 'res_task-MCSE_space-fsLR_dir-ffx', 'res_task-MTTNS_space-fsLR_dir-ffx', 'res_task-MTTWE_space-fsLR_dir-ffx', 'res_task-MVEB_space-fsLR_dir-ffx', 'res_task-MVIS_space-fsLR_dir-ffx', 'res_task-MathLanguage_space-fsLR_dir-ffx', 'res_task-Motion_space-fsLR_dir-ffx', 'res_task-Moto_space-fsLR_dir-ffx', 'res_task-NARPS_space-fsLR_dir-ffx', 'res_task-PainMovie_space-fsLR_dir-ffx', 'res_task-PreferenceFaces_space-fsLR_dir-ffx', 'res_task-PreferenceFood_space-fsLR_dir-ffx', 'res_task-PreferenceHouses_space-fsLR_dir-ffx', 'res_task-PreferencePaintings_space-fsLR_dir-ffx', 'res_task-RSVPLanguage_space-fsLR_dir-ffx', 'res_task-RewProc_space-fsLR_dir-ffx', 'res_task-Scene_space-fsLR_dir-ffx', 'res_task-SelectiveStopSignal_space-fsLR_dir-ffx', 'res_task-Self_space-fsLR_dir-ffx', 'res_task-SpatialNavigation_space-fsLR_dir-ffx', 'res_task-StopNogo_space-fsLR_dir-ffx', 'res_task-StopSignal_space-fsLR_dir-ffx', 'res_task-Stroop_space-fsLR_dir-ffx', 'res_task-TheoryOfMind_space-fsLR_dir-ffx', 'res_task-TwoByTwo_space-fsLR_dir-ffx', 'res_task-VSTMC_space-fsLR_dir-ffx', 'res_task-VSTM_space-fsLR_dir-ffx', 'res_task-Visu_space-fsLR_dir-ffx', 'res_task-VisualSearch_space-fsLR_dir-ffx', 'res_task-WardAndAllport_space-fsLR_dir-ffx', 'res_task-WedgeAnti_space-fsLR_dir-ffx', 'res_task-WedgeClock_space-fsLR_dir-ffx', 'ses-00', 'ses-01', 'ses-02', 'ses-03', 'ses-04', 'ses-10', 'ses-11', 'ses-12', 'ses-13', 'ses-16', 'ses-17', 'ses-18', 'ses-19', 'ses-21', 'ses-24', 'ses-25', 'ses-26', 'ses-29', 'ses-30', 'ses-34', 'ses-35', 'ses-36', 'ses-37', 'ses-38', 'ses-39', 'ses-40', 'ses-42']
  Glob pattern: /ptmp/hmueller2/2025_ibc_latent/outputs/glm/contrast_maps_fsLR/sub-14/res_task-*_space-fsLR_dir-ffx
  Found 63 task directories: ['/ptmp/hmueller2/2025_ibc_latent/outputs/glm/contrast_maps_fsLR/sub-14/res_task-ArchiEmotional_space-fsLR_dir-ffx', '/ptmp/hmueller2/2025_ibc_latent/outputs/glm/contrast_maps_fsLR/sub-14/res_task-ArchiSocial_space-fsLR_dir-ffx', '/ptmp/hmueller2/2025_ibc_latent/outputs/glm/contrast_maps_fsLR/sub-14/res_task-ArchiSpatial_space-fsLR_dir-ffx', '/ptmp/hmueller2/2025_ibc_latent/outputs/glm/contrast_maps_fsLR/sub-14/res_task-ArchiStandard_space-fsLR_dir-ffx', '/ptmp/hmueller2/2025_ibc_latent/outputs/glm/contrast_maps_fsLR/sub-14/res_task-Attention_space-fsLR_dir-ffx', '/ptmp/hmueller2/2025_ibc_latent/outputs/glm/contrast_maps_fsLR/sub-14/res_task-Audi_space-fsLR_dir-ffx', '/ptmp/hmueller2/2025_ibc_latent/outputs/glm/contrast_maps_fsLR/sub-14/res_task-BiologicalMotion1_space-fsLR_dir-ffx', '/ptmp/hmueller2/2025_ibc_latent/outputs/glm/contrast_maps_fsLR/sub-14/res_task-BiologicalMotion2_space-fsLR_dir-ffx', '/ptmp/hmueller2/2025_ibc_latent/outputs/glm/contrast_maps_fsLR/sub-14/res_task-BreathHolding_space-fsLR_dir-ffx', '/ptmp/hmueller2/2025_ibc_latent/outputs/glm/contrast_maps_fsLR/sub-14/res_task-Catell_space-fsLR_dir-ffx', '/ptmp/hmueller2/2025_ibc_latent/outputs/glm/contrast_maps_fsLR/sub-14/res_task-Checkerboard_space-fsLR_dir-ffx', '/ptmp/hmueller2/2025_ibc_latent/outputs/glm/contrast_maps_fsLR/sub-14/res_task-Color_space-fsLR_dir-ffx', '/ptmp/hmueller2/2025_ibc_latent/outputs/glm/contrast_maps_fsLR/sub-14/res_task-ColumbiaCards_space-fsLR_dir-ffx', '/ptmp/hmueller2/2025_ibc_latent/outputs/glm/contrast_maps_fsLR/sub-14/res_task-Discount_space-fsLR_dir-ffx', '/ptmp/hmueller2/2025_ibc_latent/outputs/glm/contrast_maps_fsLR/sub-14/res_task-DotPatterns_space-fsLR_dir-ffx', '/ptmp/hmueller2/2025_ibc_latent/outputs/glm/contrast_maps_fsLR/sub-14/res_task-EmoMem_space-fsLR_dir-ffx', '/ptmp/hmueller2/2025_ibc_latent/outputs/glm/contrast_maps_fsLR/sub-14/res_task-EmoReco_space-fsLR_dir-ffx', '/ptmp/hmueller2/2025_ibc_latent/outputs/glm/contrast_maps_fsLR/sub-14/res_task-EmotionalPain_space-fsLR_dir-ffx', '/ptmp/hmueller2/2025_ibc_latent/outputs/glm/contrast_maps_fsLR/sub-14/res_task-Enumeration_space-fsLR_dir-ffx', '/ptmp/hmueller2/2025_ibc_latent/outputs/glm/contrast_maps_fsLR/sub-14/res_task-FaceBody_space-fsLR_dir-ffx', '/ptmp/hmueller2/2025_ibc_latent/outputs/glm/contrast_maps_fsLR/sub-14/res_task-FingerTap_space-fsLR_dir-ffx', '/ptmp/hmueller2/2025_ibc_latent/outputs/glm/contrast_maps_fsLR/sub-14/res_task-HcpEmotion_space-fsLR_dir-ffx', '/ptmp/hmueller2/2025_ibc_latent/outputs/glm/contrast_maps_fsLR/sub-14/res_task-HcpGambling_space-fsLR_dir-ffx', '/ptmp/hmueller2/2025_ibc_latent/outputs/glm/contrast_maps_fsLR/sub-14/res_task-HcpLanguage_space-fsLR_dir-ffx', '/ptmp/hmueller2/2025_ibc_latent/outputs/glm/contrast_maps_fsLR/sub-14/res_task-HcpMotor_space-fsLR_dir-ffx', '/ptmp/hmueller2/2025_ibc_latent/outputs/glm/contrast_maps_fsLR/sub-14/res_task-HcpRelational_space-fsLR_dir-ffx', '/ptmp/hmueller2/2025_ibc_latent/outputs/glm/contrast_maps_fsLR/sub-14/res_task-HcpSocial_space-fsLR_dir-ffx', '/ptmp/hmueller2/2025_ibc_latent/outputs/glm/contrast_maps_fsLR/sub-14/res_task-HcpWm_space-fsLR_dir-ffx', '/ptmp/hmueller2/2025_ibc_latent/outputs/glm/contrast_maps_fsLR/sub-14/res_task-ItemRecognition_space-fsLR_dir-ffx', '/ptmp/hmueller2/2025_ibc_latent/outputs/glm/contrast_maps_fsLR/sub-14/res_task-Lec1_space-fsLR_dir-ffx', '/ptmp/hmueller2/2025_ibc_latent/outputs/glm/contrast_maps_fsLR/sub-14/res_task-Lec2_space-fsLR_dir-ffx', '/ptmp/hmueller2/2025_ibc_latent/outputs/glm/contrast_maps_fsLR/sub-14/res_task-MCSE_space-fsLR_dir-ffx', '/ptmp/hmueller2/2025_ibc_latent/outputs/glm/contrast_maps_fsLR/sub-14/res_task-MTTNS_space-fsLR_dir-ffx', '/ptmp/hmueller2/2025_ibc_latent/outputs/glm/contrast_maps_fsLR/sub-14/res_task-MTTWE_space-fsLR_dir-ffx', '/ptmp/hmueller2/2025_ibc_latent/outputs/glm/contrast_maps_fsLR/sub-14/res_task-MVEB_space-fsLR_dir-ffx', '/ptmp/hmueller2/2025_ibc_latent/outputs/glm/contrast_maps_fsLR/sub-14/res_task-MVIS_space-fsLR_dir-ffx', '/ptmp/hmueller2/2025_ibc_latent/outputs/glm/contrast_maps_fsLR/sub-14/res_task-MathLanguage_space-fsLR_dir-ffx', '/ptmp/hmueller2/2025_ibc_latent/outputs/glm/contrast_maps_fsLR/sub-14/res_task-Motion_space-fsLR_dir-ffx', '/ptmp/hmueller2/2025_ibc_latent/outputs/glm/contrast_maps_fsLR/sub-14/res_task-Moto_space-fsLR_dir-ffx', '/ptmp/hmueller2/2025_ibc_latent/outputs/glm/contrast_maps_fsLR/sub-14/res_task-NARPS_space-fsLR_dir-ffx', '/ptmp/hmueller2/2025_ibc_latent/outputs/glm/contrast_maps_fsLR/sub-14/res_task-PainMovie_space-fsLR_dir-ffx', '/ptmp/hmueller2/2025_ibc_latent/outputs/glm/contrast_maps_fsLR/sub-14/res_task-PreferenceFaces_space-fsLR_dir-ffx', '/ptmp/hmueller2/2025_ibc_latent/outputs/glm/contrast_maps_fsLR/sub-14/res_task-PreferenceFood_space-fsLR_dir-ffx', '/ptmp/hmueller2/2025_ibc_latent/outputs/glm/contrast_maps_fsLR/sub-14/res_task-PreferenceHouses_space-fsLR_dir-ffx', '/ptmp/hmueller2/2025_ibc_latent/outputs/glm/contrast_maps_fsLR/sub-14/res_task-PreferencePaintings_space-fsLR_dir-ffx', '/ptmp/hmueller2/2025_ibc_latent/outputs/glm/contrast_maps_fsLR/sub-14/res_task-RSVPLanguage_space-fsLR_dir-ffx', '/ptmp/hmueller2/2025_ibc_latent/outputs/glm/contrast_maps_fsLR/sub-14/res_task-RewProc_space-fsLR_dir-ffx', '/ptmp/hmueller2/2025_ibc_latent/outputs/glm/contrast_maps_fsLR/sub-14/res_task-Scene_space-fsLR_dir-ffx', '/ptmp/hmueller2/2025_ibc_latent/outputs/glm/contrast_maps_fsLR/sub-14/res_task-SelectiveStopSignal_space-fsLR_dir-ffx', '/ptmp/hmueller2/2025_ibc_latent/outputs/glm/contrast_maps_fsLR/sub-14/res_task-Self_space-fsLR_dir-ffx', '/ptmp/hmueller2/2025_ibc_latent/outputs/glm/contrast_maps_fsLR/sub-14/res_task-SpatialNavigation_space-fsLR_dir-ffx', '/ptmp/hmueller2/2025_ibc_latent/outputs/glm/contrast_maps_fsLR/sub-14/res_task-StopNogo_space-fsLR_dir-ffx', '/ptmp/hmueller2/2025_ibc_latent/outputs/glm/contrast_maps_fsLR/sub-14/res_task-StopSignal_space-fsLR_dir-ffx', '/ptmp/hmueller2/2025_ibc_latent/outputs/glm/contrast_maps_fsLR/sub-14/res_task-Stroop_space-fsLR_dir-ffx', '/ptmp/hmueller2/2025_ibc_latent/outputs/glm/contrast_maps_fsLR/sub-14/res_task-TheoryOfMind_space-fsLR_dir-ffx', '/ptmp/hmueller2/2025_ibc_latent/outputs/glm/contrast_maps_fsLR/sub-14/res_task-TwoByTwo_space-fsLR_dir-ffx', '/ptmp/hmueller2/2025_ibc_latent/outputs/glm/contrast_maps_fsLR/sub-14/res_task-VSTMC_space-fsLR_dir-ffx', '/ptmp/hmueller2/2025_ibc_latent/outputs/glm/contrast_maps_fsLR/sub-14/res_task-VSTM_space-fsLR_dir-ffx', '/ptmp/hmueller2/2025_ibc_latent/outputs/glm/contrast_maps_fsLR/sub-14/res_task-Visu_space-fsLR_dir-ffx', '/ptmp/hmueller2/2025_ibc_latent/outputs/glm/contrast_maps_fsLR/sub-14/res_task-VisualSearch_space-fsLR_dir-ffx', '/ptmp/hmueller2/2025_ibc_latent/outputs/glm/contrast_maps_fsLR/sub-14/res_task-WardAndAllport_space-fsLR_dir-ffx', '/ptmp/hmueller2/2025_ibc_latent/outputs/glm/contrast_maps_fsLR/sub-14/res_task-WedgeAnti_space-fsLR_dir-ffx', '/ptmp/hmueller2/2025_ibc_latent/outputs/glm/contrast_maps_fsLR/sub-14/res_task-WedgeClock_space-fsLR_dir-ffx']
    Processing task 'ArchiEmotional':
      Task dir: /ptmp/hmueller2/2025_ibc_latent/outputs/glm/contrast_maps_fsLR/sub-14/res_task-ArchiEmotional_space-fsLR_dir-ffx
      Z-map dir: /ptmp/hmueller2/2025_ibc_latent/outputs/glm/contrast_maps_fsLR/sub-14/res_task-ArchiEmotional_space-fsLR_dir-ffx/z_score_maps
      Z-map dir exists: True
      Glob pattern for z-maps: /ptmp/hmueller2/2025_ibc_latent/outputs/glm/contrast_maps_fsLR/sub-14/res_task-ArchiEmotional_space-fsLR_dir-ffx/z_score_maps/*.dscalar.nii
      Found 14 z-maps
    Processing task 'ArchiSocial':
      Task dir: /ptmp/hmueller2/2025_ibc_latent/outputs/glm/contrast_maps_fsLR/sub-14/res_task-ArchiSocial_space-fsLR_dir-ffx
      Z-map dir: /ptmp/hmueller2/2025_ibc_latent/outputs/glm/contrast_maps_fsLR/sub-14/res_task-ArchiSocial_space-fsLR_dir-ffx/z_score_maps
      Z-map dir exists: True
      Glob pattern for z-maps: /ptmp/hmueller2/2025_ibc_latent/outputs/glm/contrast_maps_fsLR/sub-14/res_task-ArchiSocial_space-fsLR_dir-ffx/z_score_maps/*.dscalar.nii
      Found 13 z-maps
    Processing task 'ArchiSpatial':
      Task dir: /ptmp/hmueller2/2025_ibc_latent/outputs/glm/contrast_maps_fsLR/sub-14/res_task-ArchiSpatial_space-fsLR_dir-ffx
      Z-map dir: /ptmp/hmueller2/2025_ibc_latent/outputs/glm/contrast_maps_fsLR/sub-14/res_task-ArchiSpatial_space-fsLR_dir-ffx/z_score_maps
      Z-map dir exists: True
      Glob pattern for z-maps: /ptmp/hmueller2/2025_ibc_latent/outputs/glm/contrast_maps_fsLR/sub-14/res_task-ArchiSpatial_space-fsLR_dir-ffx/z_score_maps/*.dscalar.nii
      Found 7 z-maps
    Processing task 'ArchiStandard':
      Task dir: /ptmp/hmueller2/2025_ibc_latent/outputs/glm/contrast_maps_fsLR/sub-14/res_task-ArchiStandard_space-fsLR_dir-ffx
      Z-map dir: /ptmp/hmueller2/2025_ibc_latent/outputs/glm/contrast_maps_fsLR/sub-14/res_task-ArchiStandard_space-fsLR_dir-ffx/z_score_maps
      Z-map dir exists: True
      Glob pattern for z-maps: /ptmp/hmueller2/2025_ibc_latent/outputs/glm/contrast_maps_fsLR/sub-14/res_task-ArchiStandard_space-fsLR_dir-ffx/z_score_maps/*.dscalar.nii
      Found 23 z-maps
    Processing task 'Attention':
      Task dir: /ptmp/hmueller2/2025_ibc_latent/outputs/glm/contrast_maps_fsLR/sub-14/res_task-Attention_space-fsLR_dir-ffx
      Z-map dir: /ptmp/hmueller2/2025_ibc_latent/outputs/glm/contrast_maps_fsLR/sub-14/res_task-Attention_space-fsLR_dir-ffx/z_score_maps
      Z-map dir exists: True
      Glob pattern for z-maps: /ptmp/hmueller2/2025_ibc_latent/outputs/glm/contrast_maps_fsLR/sub-14/res_task-Attention_space-fsLR_dir-ffx/z_score_maps/*.dscalar.nii
      Found 10 z-maps
    Processing task 'Audi':
      Task dir: /ptmp/hmueller2/2025_ibc_latent/outputs/glm/contrast_maps_fsLR/sub-14/res_task-Audi_space-fsLR_dir-ffx
      Z-map dir: /ptmp/hmueller2/2025_ibc_latent/outputs/glm/contrast_maps_fsLR/sub-14/res_task-Audi_space-fsLR_dir-ffx/z_score_maps
      Z-map dir exists: True
      Glob pattern for z-maps: /ptmp/hmueller2/2025_ibc_latent/outputs/glm/contrast_maps_fsLR/sub-14/res_task-Audi_space-fsLR_dir-ffx/z_score_maps/*.dscalar.nii
      Found 25 z-maps
    Processing task 'BiologicalMotion1':
      Task dir: /ptmp/hmueller2/2025_ibc_latent/outputs/glm/contrast_maps_fsLR/sub-14/res_task-BiologicalMotion1_space-fsLR_dir-ffx
      Z-map dir: /ptmp/hmueller2/2025_ibc_latent/outputs/glm/contrast_maps_fsLR/sub-14/res_task-BiologicalMotion1_space-fsLR_dir-ffx/z_score_maps
      Z-map dir exists: True
      Glob pattern for z-maps: /ptmp/hmueller2/2025_ibc_latent/outputs/glm/contrast_maps_fsLR/sub-14/res_task-BiologicalMotion1_space-fsLR_dir-ffx/z_score_maps/*.dscalar.nii
      Found 10 z-maps
    Processing task 'BiologicalMotion2':
      Task dir: /ptmp/hmueller2/2025_ibc_latent/outputs/glm/contrast_maps_fsLR/sub-14/res_task-BiologicalMotion2_space-fsLR_dir-ffx
      Z-map dir: /ptmp/hmueller2/2025_ibc_latent/outputs/glm/contrast_maps_fsLR/sub-14/res_task-BiologicalMotion2_space-fsLR_dir-ffx/z_score_maps
      Z-map dir exists: True
      Glob pattern for z-maps: /ptmp/hmueller2/2025_ibc_latent/outputs/glm/contrast_maps_fsLR/sub-14/res_task-BiologicalMotion2_space-fsLR_dir-ffx/z_score_maps/*.dscalar.nii
      Found 10 z-maps
    Processing task 'BreathHolding':
      Task dir: /ptmp/hmueller2/2025_ibc_latent/outputs/glm/contrast_maps_fsLR/sub-14/res_task-BreathHolding_space-fsLR_dir-ffx
      Z-map dir: /ptmp/hmueller2/2025_ibc_latent/outputs/glm/contrast_maps_fsLR/sub-14/res_task-BreathHolding_space-fsLR_dir-ffx/z_score_maps
      Z-map dir exists: True
      Glob pattern for z-maps: /ptmp/hmueller2/2025_ibc_latent/outputs/glm/contrast_maps_fsLR/sub-14/res_task-BreathHolding_space-fsLR_dir-ffx/z_score_maps/*.dscalar.nii
      Found 4 z-maps
    Processing task 'Catell':
      Task dir: /ptmp/hmueller2/2025_ibc_latent/outputs/glm/contrast_maps_fsLR/sub-14/res_task-Catell_space-fsLR_dir-ffx
      Z-map dir: /ptmp/hmueller2/2025_ibc_latent/outputs/glm/contrast_maps_fsLR/sub-14/res_task-Catell_space-fsLR_dir-ffx/z_score_maps
      Z-map dir exists: True
      Glob pattern for z-maps: /ptmp/hmueller2/2025_ibc_latent/outputs/glm/contrast_maps_fsLR/sub-14/res_task-Catell_space-fsLR_dir-ffx/z_score_maps/*.dscalar.nii
      Found 3 z-maps
    Processing task 'Checkerboard':
      Task dir: /ptmp/hmueller2/2025_ibc_latent/outputs/glm/contrast_maps_fsLR/sub-14/res_task-Checkerboard_space-fsLR_dir-ffx
      Z-map dir: /ptmp/hmueller2/2025_ibc_latent/outputs/glm/contrast_maps_fsLR/sub-14/res_task-Checkerboard_space-fsLR_dir-ffx/z_score_maps
      Z-map dir exists: True
      Glob pattern for z-maps: /ptmp/hmueller2/2025_ibc_latent/outputs/glm/contrast_maps_fsLR/sub-14/res_task-Checkerboard_space-fsLR_dir-ffx/z_score_maps/*.dscalar.nii
      Found 3 z-maps
    Processing task 'Color':
      Task dir: /ptmp/hmueller2/2025_ibc_latent/outputs/glm/contrast_maps_fsLR/sub-14/res_task-Color_space-fsLR_dir-ffx
      Z-map dir: /ptmp/hmueller2/2025_ibc_latent/outputs/glm/contrast_maps_fsLR/sub-14/res_task-Color_space-fsLR_dir-ffx/z_score_maps
      Z-map dir exists: True
      Glob pattern for z-maps: /ptmp/hmueller2/2025_ibc_latent/outputs/glm/contrast_maps_fsLR/sub-14/res_task-Color_space-fsLR_dir-ffx/z_score_maps/*.dscalar.nii
      Found 4 z-maps
    Processing task 'ColumbiaCards':
      Task dir: /ptmp/hmueller2/2025_ibc_latent/outputs/glm/contrast_maps_fsLR/sub-14/res_task-ColumbiaCards_space-fsLR_dir-ffx
      Z-map dir: /ptmp/hmueller2/2025_ibc_latent/outputs/glm/contrast_maps_fsLR/sub-14/res_task-ColumbiaCards_space-fsLR_dir-ffx/z_score_maps
      Z-map dir exists: True
      Glob pattern for z-maps: /ptmp/hmueller2/2025_ibc_latent/outputs/glm/contrast_maps_fsLR/sub-14/res_task-ColumbiaCards_space-fsLR_dir-ffx/z_score_maps/*.dscalar.nii
      Found 3 z-maps
    Processing task 'Discount':
      Task dir: /ptmp/hmueller2/2025_ibc_latent/outputs/glm/contrast_maps_fsLR/sub-14/res_task-Discount_space-fsLR_dir-ffx
      Z-map dir: /ptmp/hmueller2/2025_ibc_latent/outputs/glm/contrast_maps_fsLR/sub-14/res_task-Discount_space-fsLR_dir-ffx/z_score_maps
      Z-map dir exists: True
      Glob pattern for z-maps: /ptmp/hmueller2/2025_ibc_latent/outputs/glm/contrast_maps_fsLR/sub-14/res_task-Discount_space-fsLR_dir-ffx/z_score_maps/*.dscalar.nii
      Found 2 z-maps
    Processing task 'DotPatterns':
      Task dir: /ptmp/hmueller2/2025_ibc_latent/outputs/glm/contrast_maps_fsLR/sub-14/res_task-DotPatterns_space-fsLR_dir-ffx
      Z-map dir: /ptmp/hmueller2/2025_ibc_latent/outputs/glm/contrast_maps_fsLR/sub-14/res_task-DotPatterns_space-fsLR_dir-ffx/z_score_maps
      Z-map dir exists: True
      Glob pattern for z-maps: /ptmp/hmueller2/2025_ibc_latent/outputs/glm/contrast_maps_fsLR/sub-14/res_task-DotPatterns_space-fsLR_dir-ffx/z_score_maps/*.dscalar.nii
      Found 11 z-maps
    Processing task 'EmoMem':
      Task dir: /ptmp/hmueller2/2025_ibc_latent/outputs/glm/contrast_maps_fsLR/sub-14/res_task-EmoMem_space-fsLR_dir-ffx
      Z-map dir: /ptmp/hmueller2/2025_ibc_latent/outputs/glm/contrast_maps_fsLR/sub-14/res_task-EmoMem_space-fsLR_dir-ffx/z_score_maps
      Z-map dir exists: True
      Glob pattern for z-maps: /ptmp/hmueller2/2025_ibc_latent/outputs/glm/contrast_maps_fsLR/sub-14/res_task-EmoMem_space-fsLR_dir-ffx/z_score_maps/*.dscalar.nii
      Found 6 z-maps
    Processing task 'EmoReco':
      Task dir: /ptmp/hmueller2/2025_ibc_latent/outputs/glm/contrast_maps_fsLR/sub-14/res_task-EmoReco_space-fsLR_dir-ffx
      Z-map dir: /ptmp/hmueller2/2025_ibc_latent/outputs/glm/contrast_maps_fsLR/sub-14/res_task-EmoReco_space-fsLR_dir-ffx/z_score_maps
      Z-map dir exists: True
      Glob pattern for z-maps: /ptmp/hmueller2/2025_ibc_latent/outputs/glm/contrast_maps_fsLR/sub-14/res_task-EmoReco_space-fsLR_dir-ffx/z_score_maps/*.dscalar.nii
      Found 10 z-maps
    Processing task 'EmotionalPain':
      Task dir: /ptmp/hmueller2/2025_ibc_latent/outputs/glm/contrast_maps_fsLR/sub-14/res_task-EmotionalPain_space-fsLR_dir-ffx
      Z-map dir: /ptmp/hmueller2/2025_ibc_latent/outputs/glm/contrast_maps_fsLR/sub-14/res_task-EmotionalPain_space-fsLR_dir-ffx/z_score_maps
      Z-map dir exists: True
      Glob pattern for z-maps: /ptmp/hmueller2/2025_ibc_latent/outputs/glm/contrast_maps_fsLR/sub-14/res_task-EmotionalPain_space-fsLR_dir-ffx/z_score_maps/*.dscalar.nii
      Found 3 z-maps
    Processing task 'Enumeration':
      Task dir: /ptmp/hmueller2/2025_ibc_latent/outputs/glm/contrast_maps_fsLR/sub-14/res_task-Enumeration_space-fsLR_dir-ffx
      Z-map dir: /ptmp/hmueller2/2025_ibc_latent/outputs/glm/contrast_maps_fsLR/sub-14/res_task-Enumeration_space-fsLR_dir-ffx/z_score_maps
      Z-map dir exists: True
      Glob pattern for z-maps: /ptmp/hmueller2/2025_ibc_latent/outputs/glm/contrast_maps_fsLR/sub-14/res_task-Enumeration_space-fsLR_dir-ffx/z_score_maps/*.dscalar.nii
      Found 3 z-maps
    Processing task 'FaceBody':
      Task dir: /ptmp/hmueller2/2025_ibc_latent/outputs/glm/contrast_maps_fsLR/sub-14/res_task-FaceBody_space-fsLR_dir-ffx
      Z-map dir: /ptmp/hmueller2/2025_ibc_latent/outputs/glm/contrast_maps_fsLR/sub-14/res_task-FaceBody_space-fsLR_dir-ffx/z_score_maps
      Z-map dir exists: True
      Glob pattern for z-maps: /ptmp/hmueller2/2025_ibc_latent/outputs/glm/contrast_maps_fsLR/sub-14/res_task-FaceBody_space-fsLR_dir-ffx/z_score_maps/*.dscalar.nii
      Found 15 z-maps
    Processing task 'FingerTap':
      Task dir: /ptmp/hmueller2/2025_ibc_latent/outputs/glm/contrast_maps_fsLR/sub-14/res_task-FingerTap_space-fsLR_dir-ffx
      Z-map dir: /ptmp/hmueller2/2025_ibc_latent/outputs/glm/contrast_maps_fsLR/sub-14/res_task-FingerTap_space-fsLR_dir-ffx/z_score_maps
      Z-map dir exists: True
      Glob pattern for z-maps: /ptmp/hmueller2/2025_ibc_latent/outputs/glm/contrast_maps_fsLR/sub-14/res_task-FingerTap_space-fsLR_dir-ffx/z_score_maps/*.dscalar.nii
      Found 3 z-maps
    Processing task 'HcpEmotion':
      Task dir: /ptmp/hmueller2/2025_ibc_latent/outputs/glm/contrast_maps_fsLR/sub-14/res_task-HcpEmotion_space-fsLR_dir-ffx
      Z-map dir: /ptmp/hmueller2/2025_ibc_latent/outputs/glm/contrast_maps_fsLR/sub-14/res_task-HcpEmotion_space-fsLR_dir-ffx/z_score_maps
      Z-map dir exists: True
      Glob pattern for z-maps: /ptmp/hmueller2/2025_ibc_latent/outputs/glm/contrast_maps_fsLR/sub-14/res_task-HcpEmotion_space-fsLR_dir-ffx/z_score_maps/*.dscalar.nii
      Found 4 z-maps
    Processing task 'HcpGambling':
      Task dir: /ptmp/hmueller2/2025_ibc_latent/outputs/glm/contrast_maps_fsLR/sub-14/res_task-HcpGambling_space-fsLR_dir-ffx
      Z-map dir: /ptmp/hmueller2/2025_ibc_latent/outputs/glm/contrast_maps_fsLR/sub-14/res_task-HcpGambling_space-fsLR_dir-ffx/z_score_maps
      Z-map dir exists: True
      Glob pattern for z-maps: /ptmp/hmueller2/2025_ibc_latent/outputs/glm/contrast_maps_fsLR/sub-14/res_task-HcpGambling_space-fsLR_dir-ffx/z_score_maps/*.dscalar.nii
      Found 4 z-maps
    Processing task 'HcpLanguage':
      Task dir: /ptmp/hmueller2/2025_ibc_latent/outputs/glm/contrast_maps_fsLR/sub-14/res_task-HcpLanguage_space-fsLR_dir-ffx
      Z-map dir: /ptmp/hmueller2/2025_ibc_latent/outputs/glm/contrast_maps_fsLR/sub-14/res_task-HcpLanguage_space-fsLR_dir-ffx/z_score_maps
      Z-map dir exists: True
      Glob pattern for z-maps: /ptmp/hmueller2/2025_ibc_latent/outputs/glm/contrast_maps_fsLR/sub-14/res_task-HcpLanguage_space-fsLR_dir-ffx/z_score_maps/*.dscalar.nii
      Found 4 z-maps
    Processing task 'HcpMotor':
      Task dir: /ptmp/hmueller2/2025_ibc_latent/outputs/glm/contrast_maps_fsLR/sub-14/res_task-HcpMotor_space-fsLR_dir-ffx
      Z-map dir: /ptmp/hmueller2/2025_ibc_latent/outputs/glm/contrast_maps_fsLR/sub-14/res_task-HcpMotor_space-fsLR_dir-ffx/z_score_maps
      Z-map dir exists: True
      Glob pattern for z-maps: /ptmp/hmueller2/2025_ibc_latent/outputs/glm/contrast_maps_fsLR/sub-14/res_task-HcpMotor_space-fsLR_dir-ffx/z_score_maps/*.dscalar.nii
      Found 11 z-maps
    Processing task 'HcpRelational':
      Task dir: /ptmp/hmueller2/2025_ibc_latent/outputs/glm/contrast_maps_fsLR/sub-14/res_task-HcpRelational_space-fsLR_dir-ffx
      Z-map dir: /ptmp/hmueller2/2025_ibc_latent/outputs/glm/contrast_maps_fsLR/sub-14/res_task-HcpRelational_space-fsLR_dir-ffx/z_score_maps
      Z-map dir exists: True
      Glob pattern for z-maps: /ptmp/hmueller2/2025_ibc_latent/outputs/glm/contrast_maps_fsLR/sub-14/res_task-HcpRelational_space-fsLR_dir-ffx/z_score_maps/*.dscalar.nii
      Found 3 z-maps
    Processing task 'HcpSocial':
      Task dir: /ptmp/hmueller2/2025_ibc_latent/outputs/glm/contrast_maps_fsLR/sub-14/res_task-HcpSocial_space-fsLR_dir-ffx
      Z-map dir: /ptmp/hmueller2/2025_ibc_latent/outputs/glm/contrast_maps_fsLR/sub-14/res_task-HcpSocial_space-fsLR_dir-ffx/z_score_maps
      Z-map dir exists: True
      Glob pattern for z-maps: /ptmp/hmueller2/2025_ibc_latent/outputs/glm/contrast_maps_fsLR/sub-14/res_task-HcpSocial_space-fsLR_dir-ffx/z_score_maps/*.dscalar.nii
      Found 3 z-maps
    Processing task 'HcpWm':
      Task dir: /ptmp/hmueller2/2025_ibc_latent/outputs/glm/contrast_maps_fsLR/sub-14/res_task-HcpWm_space-fsLR_dir-ffx
      Z-map dir: /ptmp/hmueller2/2025_ibc_latent/outputs/glm/contrast_maps_fsLR/sub-14/res_task-HcpWm_space-fsLR_dir-ffx/z_score_maps
      Z-map dir exists: True
      Glob pattern for z-maps: /ptmp/hmueller2/2025_ibc_latent/outputs/glm/contrast_maps_fsLR/sub-14/res_task-HcpWm_space-fsLR_dir-ffx/z_score_maps/*.dscalar.nii
      Found 14 z-maps
    Processing task 'ItemRecognition':
      Task dir: /ptmp/hmueller2/2025_ibc_latent/outputs/glm/contrast_maps_fsLR/sub-14/res_task-ItemRecognition_space-fsLR_dir-ffx
      Z-map dir: /ptmp/hmueller2/2025_ibc_latent/outputs/glm/contrast_maps_fsLR/sub-14/res_task-ItemRecognition_space-fsLR_dir-ffx/z_score_maps
      Z-map dir exists: True
      Glob pattern for z-maps: /ptmp/hmueller2/2025_ibc_latent/outputs/glm/contrast_maps_fsLR/sub-14/res_task-ItemRecognition_space-fsLR_dir-ffx/z_score_maps/*.dscalar.nii
      Found 17 z-maps
    Processing task 'Lec1':
      Task dir: /ptmp/hmueller2/2025_ibc_latent/outputs/glm/contrast_maps_fsLR/sub-14/res_task-Lec1_space-fsLR_dir-ffx
      Z-map dir: /ptmp/hmueller2/2025_ibc_latent/outputs/glm/contrast_maps_fsLR/sub-14/res_task-Lec1_space-fsLR_dir-ffx/z_score_maps
      Z-map dir exists: True
      Glob pattern for z-maps: /ptmp/hmueller2/2025_ibc_latent/outputs/glm/contrast_maps_fsLR/sub-14/res_task-Lec1_space-fsLR_dir-ffx/z_score_maps/*.dscalar.nii
      Found 6 z-maps
    Processing task 'Lec2':
      Task dir: /ptmp/hmueller2/2025_ibc_latent/outputs/glm/contrast_maps_fsLR/sub-14/res_task-Lec2_space-fsLR_dir-ffx
      Z-map dir: /ptmp/hmueller2/2025_ibc_latent/outputs/glm/contrast_maps_fsLR/sub-14/res_task-Lec2_space-fsLR_dir-ffx/z_score_maps
      Z-map dir exists: True
      Glob pattern for z-maps: /ptmp/hmueller2/2025_ibc_latent/outputs/glm/contrast_maps_fsLR/sub-14/res_task-Lec2_space-fsLR_dir-ffx/z_score_maps/*.dscalar.nii
      Found 3 z-maps
    Processing task 'MCSE':
      Task dir: /ptmp/hmueller2/2025_ibc_latent/outputs/glm/contrast_maps_fsLR/sub-14/res_task-MCSE_space-fsLR_dir-ffx
      Z-map dir: /ptmp/hmueller2/2025_ibc_latent/outputs/glm/contrast_maps_fsLR/sub-14/res_task-MCSE_space-fsLR_dir-ffx/z_score_maps
      Z-map dir exists: True
      Glob pattern for z-maps: /ptmp/hmueller2/2025_ibc_latent/outputs/glm/contrast_maps_fsLR/sub-14/res_task-MCSE_space-fsLR_dir-ffx/z_score_maps/*.dscalar.nii
      Found 9 z-maps
    Processing task 'MTTNS':
      Task dir: /ptmp/hmueller2/2025_ibc_latent/outputs/glm/contrast_maps_fsLR/sub-14/res_task-MTTNS_space-fsLR_dir-ffx
      Z-map dir: /ptmp/hmueller2/2025_ibc_latent/outputs/glm/contrast_maps_fsLR/sub-14/res_task-MTTNS_space-fsLR_dir-ffx/z_score_maps
      Z-map dir exists: True
      Glob pattern for z-maps: /ptmp/hmueller2/2025_ibc_latent/outputs/glm/contrast_maps_fsLR/sub-14/res_task-MTTNS_space-fsLR_dir-ffx/z_score_maps/*.dscalar.nii
      Found 19 z-maps
    Processing task 'MTTWE':
      Task dir: /ptmp/hmueller2/2025_ibc_latent/outputs/glm/contrast_maps_fsLR/sub-14/res_task-MTTWE_space-fsLR_dir-ffx
      Z-map dir: /ptmp/hmueller2/2025_ibc_latent/outputs/glm/contrast_maps_fsLR/sub-14/res_task-MTTWE_space-fsLR_dir-ffx/z_score_maps
      Z-map dir exists: True
      Glob pattern for z-maps: /ptmp/hmueller2/2025_ibc_latent/outputs/glm/contrast_maps_fsLR/sub-14/res_task-MTTWE_space-fsLR_dir-ffx/z_score_maps/*.dscalar.nii
      Found 19 z-maps
    Processing task 'MVEB':
      Task dir: /ptmp/hmueller2/2025_ibc_latent/outputs/glm/contrast_maps_fsLR/sub-14/res_task-MVEB_space-fsLR_dir-ffx
      Z-map dir: /ptmp/hmueller2/2025_ibc_latent/outputs/glm/contrast_maps_fsLR/sub-14/res_task-MVEB_space-fsLR_dir-ffx/z_score_maps
      Z-map dir exists: True
      Glob pattern for z-maps: /ptmp/hmueller2/2025_ibc_latent/outputs/glm/contrast_maps_fsLR/sub-14/res_task-MVEB_space-fsLR_dir-ffx/z_score_maps/*.dscalar.nii
      Found 11 z-maps
    Processing task 'MVIS':
      Task dir: /ptmp/hmueller2/2025_ibc_latent/outputs/glm/contrast_maps_fsLR/sub-14/res_task-MVIS_space-fsLR_dir-ffx
      Z-map dir: /ptmp/hmueller2/2025_ibc_latent/outputs/glm/contrast_maps_fsLR/sub-14/res_task-MVIS_space-fsLR_dir-ffx/z_score_maps
      Z-map dir exists: True
      Glob pattern for z-maps: /ptmp/hmueller2/2025_ibc_latent/outputs/glm/contrast_maps_fsLR/sub-14/res_task-MVIS_space-fsLR_dir-ffx/z_score_maps/*.dscalar.nii
      Found 12 z-maps
    Processing task 'MathLanguage':
      Task dir: /ptmp/hmueller2/2025_ibc_latent/outputs/glm/contrast_maps_fsLR/sub-14/res_task-MathLanguage_space-fsLR_dir-ffx
      Z-map dir: /ptmp/hmueller2/2025_ibc_latent/outputs/glm/contrast_maps_fsLR/sub-14/res_task-MathLanguage_space-fsLR_dir-ffx/z_score_maps
      Z-map dir exists: True
      Glob pattern for z-maps: /ptmp/hmueller2/2025_ibc_latent/outputs/glm/contrast_maps_fsLR/sub-14/res_task-MathLanguage_space-fsLR_dir-ffx/z_score_maps/*.dscalar.nii
      Found 30 z-maps
    Processing task 'Motion':
      Task dir: /ptmp/hmueller2/2025_ibc_latent/outputs/glm/contrast_maps_fsLR/sub-14/res_task-Motion_space-fsLR_dir-ffx
      Z-map dir: /ptmp/hmueller2/2025_ibc_latent/outputs/glm/contrast_maps_fsLR/sub-14/res_task-Motion_space-fsLR_dir-ffx/z_score_maps
      Z-map dir exists: True
      Glob pattern for z-maps: /ptmp/hmueller2/2025_ibc_latent/outputs/glm/contrast_maps_fsLR/sub-14/res_task-Motion_space-fsLR_dir-ffx/z_score_maps/*.dscalar.nii
      Found 11 z-maps
    Processing task 'Moto':
      Task dir: /ptmp/hmueller2/2025_ibc_latent/outputs/glm/contrast_maps_fsLR/sub-14/res_task-Moto_space-fsLR_dir-ffx
      Z-map dir: /ptmp/hmueller2/2025_ibc_latent/outputs/glm/contrast_maps_fsLR/sub-14/res_task-Moto_space-fsLR_dir-ffx/z_score_maps
      Z-map dir exists: True
      Glob pattern for z-maps: /ptmp/hmueller2/2025_ibc_latent/outputs/glm/contrast_maps_fsLR/sub-14/res_task-Moto_space-fsLR_dir-ffx/z_score_maps/*.dscalar.nii
      Found 9 z-maps
    Processing task 'NARPS':
      Task dir: /ptmp/hmueller2/2025_ibc_latent/outputs/glm/contrast_maps_fsLR/sub-14/res_task-NARPS_space-fsLR_dir-ffx
      Z-map dir: /ptmp/hmueller2/2025_ibc_latent/outputs/glm/contrast_maps_fsLR/sub-14/res_task-NARPS_space-fsLR_dir-ffx/z_score_maps
      Z-map dir exists: True
      Glob pattern for z-maps: /ptmp/hmueller2/2025_ibc_latent/outputs/glm/contrast_maps_fsLR/sub-14/res_task-NARPS_space-fsLR_dir-ffx/z_score_maps/*.dscalar.nii
      Found 8 z-maps
    Processing task 'PainMovie':
      Task dir: /ptmp/hmueller2/2025_ibc_latent/outputs/glm/contrast_maps_fsLR/sub-14/res_task-PainMovie_space-fsLR_dir-ffx
      Z-map dir: /ptmp/hmueller2/2025_ibc_latent/outputs/glm/contrast_maps_fsLR/sub-14/res_task-PainMovie_space-fsLR_dir-ffx/z_score_maps
      Z-map dir exists: True
      Glob pattern for z-maps: /ptmp/hmueller2/2025_ibc_latent/outputs/glm/contrast_maps_fsLR/sub-14/res_task-PainMovie_space-fsLR_dir-ffx/z_score_maps/*.dscalar.nii
      Found 3 z-maps
    Processing task 'PreferenceFaces':
      Task dir: /ptmp/hmueller2/2025_ibc_latent/outputs/glm/contrast_maps_fsLR/sub-14/res_task-PreferenceFaces_space-fsLR_dir-ffx
      Z-map dir: /ptmp/hmueller2/2025_ibc_latent/outputs/glm/contrast_maps_fsLR/sub-14/res_task-PreferenceFaces_space-fsLR_dir-ffx/z_score_maps
      Z-map dir exists: True
      Glob pattern for z-maps: /ptmp/hmueller2/2025_ibc_latent/outputs/glm/contrast_maps_fsLR/sub-14/res_task-PreferenceFaces_space-fsLR_dir-ffx/z_score_maps/*.dscalar.nii
      Found 3 z-maps
    Processing task 'PreferenceFood':
      Task dir: /ptmp/hmueller2/2025_ibc_latent/outputs/glm/contrast_maps_fsLR/sub-14/res_task-PreferenceFood_space-fsLR_dir-ffx
      Z-map dir: /ptmp/hmueller2/2025_ibc_latent/outputs/glm/contrast_maps_fsLR/sub-14/res_task-PreferenceFood_space-fsLR_dir-ffx/z_score_maps
      Z-map dir exists: True
      Glob pattern for z-maps: /ptmp/hmueller2/2025_ibc_latent/outputs/glm/contrast_maps_fsLR/sub-14/res_task-PreferenceFood_space-fsLR_dir-ffx/z_score_maps/*.dscalar.nii
      Found 3 z-maps
    Processing task 'PreferenceHouses':
      Task dir: /ptmp/hmueller2/2025_ibc_latent/outputs/glm/contrast_maps_fsLR/sub-14/res_task-PreferenceHouses_space-fsLR_dir-ffx
      Z-map dir: /ptmp/hmueller2/2025_ibc_latent/outputs/glm/contrast_maps_fsLR/sub-14/res_task-PreferenceHouses_space-fsLR_dir-ffx/z_score_maps
      Z-map dir exists: True
      Glob pattern for z-maps: /ptmp/hmueller2/2025_ibc_latent/outputs/glm/contrast_maps_fsLR/sub-14/res_task-PreferenceHouses_space-fsLR_dir-ffx/z_score_maps/*.dscalar.nii
      Found 3 z-maps
    Processing task 'PreferencePaintings':
      Task dir: /ptmp/hmueller2/2025_ibc_latent/outputs/glm/contrast_maps_fsLR/sub-14/res_task-PreferencePaintings_space-fsLR_dir-ffx
      Z-map dir: /ptmp/hmueller2/2025_ibc_latent/outputs/glm/contrast_maps_fsLR/sub-14/res_task-PreferencePaintings_space-fsLR_dir-ffx/z_score_maps
      Z-map dir exists: True
      Glob pattern for z-maps: /ptmp/hmueller2/2025_ibc_latent/outputs/glm/contrast_maps_fsLR/sub-14/res_task-PreferencePaintings_space-fsLR_dir-ffx/z_score_maps/*.dscalar.nii
      Found 3 z-maps
    Processing task 'RSVPLanguage':
      Task dir: /ptmp/hmueller2/2025_ibc_latent/outputs/glm/contrast_maps_fsLR/sub-14/res_task-RSVPLanguage_space-fsLR_dir-ffx
      Z-map dir: /ptmp/hmueller2/2025_ibc_latent/outputs/glm/contrast_maps_fsLR/sub-14/res_task-RSVPLanguage_space-fsLR_dir-ffx/z_score_maps
      Z-map dir exists: True
      Glob pattern for z-maps: /ptmp/hmueller2/2025_ibc_latent/outputs/glm/contrast_maps_fsLR/sub-14/res_task-RSVPLanguage_space-fsLR_dir-ffx/z_score_maps/*.dscalar.nii
      Found 19 z-maps
    Processing task 'RewProc':
      Task dir: /ptmp/hmueller2/2025_ibc_latent/outputs/glm/contrast_maps_fsLR/sub-14/res_task-RewProc_space-fsLR_dir-ffx
      Z-map dir: /ptmp/hmueller2/2025_ibc_latent/outputs/glm/contrast_maps_fsLR/sub-14/res_task-RewProc_space-fsLR_dir-ffx/z_score_maps
      Z-map dir exists: True
      Glob pattern for z-maps: /ptmp/hmueller2/2025_ibc_latent/outputs/glm/contrast_maps_fsLR/sub-14/res_task-RewProc_space-fsLR_dir-ffx/z_score_maps/*.dscalar.nii
      Found 17 z-maps
    Processing task 'Scene':
      Task dir: /ptmp/hmueller2/2025_ibc_latent/outputs/glm/contrast_maps_fsLR/sub-14/res_task-Scene_space-fsLR_dir-ffx
      Z-map dir: /ptmp/hmueller2/2025_ibc_latent/outputs/glm/contrast_maps_fsLR/sub-14/res_task-Scene_space-fsLR_dir-ffx/z_score_maps
      Z-map dir exists: True
      Glob pattern for z-maps: /ptmp/hmueller2/2025_ibc_latent/outputs/glm/contrast_maps_fsLR/sub-14/res_task-Scene_space-fsLR_dir-ffx/z_score_maps/*.dscalar.nii
      Found 11 z-maps
    Processing task 'SelectiveStopSignal':
      Task dir: /ptmp/hmueller2/2025_ibc_latent/outputs/glm/contrast_maps_fsLR/sub-14/res_task-SelectiveStopSignal_space-fsLR_dir-ffx
      Z-map dir: /ptmp/hmueller2/2025_ibc_latent/outputs/glm/contrast_maps_fsLR/sub-14/res_task-SelectiveStopSignal_space-fsLR_dir-ffx/z_score_maps
      Z-map dir exists: True
      Glob pattern for z-maps: /ptmp/hmueller2/2025_ibc_latent/outputs/glm/contrast_maps_fsLR/sub-14/res_task-SelectiveStopSignal_space-fsLR_dir-ffx/z_score_maps/*.dscalar.nii
      Found 8 z-maps
    Processing task 'Self':
      Task dir: /ptmp/hmueller2/2025_ibc_latent/outputs/glm/contrast_maps_fsLR/sub-14/res_task-Self_space-fsLR_dir-ffx
      Z-map dir: /ptmp/hmueller2/2025_ibc_latent/outputs/glm/contrast_maps_fsLR/sub-14/res_task-Self_space-fsLR_dir-ffx/z_score_maps
      Z-map dir exists: True
      Glob pattern for z-maps: /ptmp/hmueller2/2025_ibc_latent/outputs/glm/contrast_maps_fsLR/sub-14/res_task-Self_space-fsLR_dir-ffx/z_score_maps/*.dscalar.nii
      Found 11 z-maps
    Processing task 'SpatialNavigation':
      Task dir: /ptmp/hmueller2/2025_ibc_latent/outputs/glm/contrast_maps_fsLR/sub-14/res_task-SpatialNavigation_space-fsLR_dir-ffx
      Z-map dir: /ptmp/hmueller2/2025_ibc_latent/outputs/glm/contrast_maps_fsLR/sub-14/res_task-SpatialNavigation_space-fsLR_dir-ffx/z_score_maps
      Z-map dir exists: True
      Glob pattern for z-maps: /ptmp/hmueller2/2025_ibc_latent/outputs/glm/contrast_maps_fsLR/sub-14/res_task-SpatialNavigation_space-fsLR_dir-ffx/z_score_maps/*.dscalar.nii
      Found 9 z-maps
    Processing task 'StopNogo':
      Task dir: /ptmp/hmueller2/2025_ibc_latent/outputs/glm/contrast_maps_fsLR/sub-14/res_task-StopNogo_space-fsLR_dir-ffx
      Z-map dir: /ptmp/hmueller2/2025_ibc_latent/outputs/glm/contrast_maps_fsLR/sub-14/res_task-StopNogo_space-fsLR_dir-ffx/z_score_maps
      Z-map dir exists: True
      Glob pattern for z-maps: /ptmp/hmueller2/2025_ibc_latent/outputs/glm/contrast_maps_fsLR/sub-14/res_task-StopNogo_space-fsLR_dir-ffx/z_score_maps/*.dscalar.nii
      Found 7 z-maps
    Processing task 'StopSignal':
      Task dir: /ptmp/hmueller2/2025_ibc_latent/outputs/glm/contrast_maps_fsLR/sub-14/res_task-StopSignal_space-fsLR_dir-ffx
      Z-map dir: /ptmp/hmueller2/2025_ibc_latent/outputs/glm/contrast_maps_fsLR/sub-14/res_task-StopSignal_space-fsLR_dir-ffx/z_score_maps
      Z-map dir exists: True
      Glob pattern for z-maps: /ptmp/hmueller2/2025_ibc_latent/outputs/glm/contrast_maps_fsLR/sub-14/res_task-StopSignal_space-fsLR_dir-ffx/z_score_maps/*.dscalar.nii
      Found 3 z-maps
    Processing task 'Stroop':
      Task dir: /ptmp/hmueller2/2025_ibc_latent/outputs/glm/contrast_maps_fsLR/sub-14/res_task-Stroop_space-fsLR_dir-ffx
      Z-map dir: /ptmp/hmueller2/2025_ibc_latent/outputs/glm/contrast_maps_fsLR/sub-14/res_task-Stroop_space-fsLR_dir-ffx/z_score_maps
      Z-map dir exists: True
      Glob pattern for z-maps: /ptmp/hmueller2/2025_ibc_latent/outputs/glm/contrast_maps_fsLR/sub-14/res_task-Stroop_space-fsLR_dir-ffx/z_score_maps/*.dscalar.nii
      Found 3 z-maps
    Processing task 'TheoryOfMind':
      Task dir: /ptmp/hmueller2/2025_ibc_latent/outputs/glm/contrast_maps_fsLR/sub-14/res_task-TheoryOfMind_space-fsLR_dir-ffx
      Z-map dir: /ptmp/hmueller2/2025_ibc_latent/outputs/glm/contrast_maps_fsLR/sub-14/res_task-TheoryOfMind_space-fsLR_dir-ffx/z_score_maps
      Z-map dir exists: True
      Glob pattern for z-maps: /ptmp/hmueller2/2025_ibc_latent/outputs/glm/contrast_maps_fsLR/sub-14/res_task-TheoryOfMind_space-fsLR_dir-ffx/z_score_maps/*.dscalar.nii
      Found 3 z-maps
    Processing task 'TwoByTwo':
      Task dir: /ptmp/hmueller2/2025_ibc_latent/outputs/glm/contrast_maps_fsLR/sub-14/res_task-TwoByTwo_space-fsLR_dir-ffx
      Z-map dir: /ptmp/hmueller2/2025_ibc_latent/outputs/glm/contrast_maps_fsLR/sub-14/res_task-TwoByTwo_space-fsLR_dir-ffx/z_score_maps
      Z-map dir exists: True
      Glob pattern for z-maps: /ptmp/hmueller2/2025_ibc_latent/outputs/glm/contrast_maps_fsLR/sub-14/res_task-TwoByTwo_space-fsLR_dir-ffx/z_score_maps/*.dscalar.nii
      Found 10 z-maps
    Processing task 'VSTMC':
      Task dir: /ptmp/hmueller2/2025_ibc_latent/outputs/glm/contrast_maps_fsLR/sub-14/res_task-VSTMC_space-fsLR_dir-ffx
      Z-map dir: /ptmp/hmueller2/2025_ibc_latent/outputs/glm/contrast_maps_fsLR/sub-14/res_task-VSTMC_space-fsLR_dir-ffx/z_score_maps
      Z-map dir exists: True
      Glob pattern for z-maps: /ptmp/hmueller2/2025_ibc_latent/outputs/glm/contrast_maps_fsLR/sub-14/res_task-VSTMC_space-fsLR_dir-ffx/z_score_maps/*.dscalar.nii
      Found 10 z-maps
    Processing task 'VSTM':
      Task dir: /ptmp/hmueller2/2025_ibc_latent/outputs/glm/contrast_maps_fsLR/sub-14/res_task-VSTM_space-fsLR_dir-ffx
      Z-map dir: /ptmp/hmueller2/2025_ibc_latent/outputs/glm/contrast_maps_fsLR/sub-14/res_task-VSTM_space-fsLR_dir-ffx/z_score_maps
      Z-map dir exists: True
      Glob pattern for z-maps: /ptmp/hmueller2/2025_ibc_latent/outputs/glm/contrast_maps_fsLR/sub-14/res_task-VSTM_space-fsLR_dir-ffx/z_score_maps/*.dscalar.nii
      Found 3 z-maps
    Processing task 'Visu':
      Task dir: /ptmp/hmueller2/2025_ibc_latent/outputs/glm/contrast_maps_fsLR/sub-14/res_task-Visu_space-fsLR_dir-ffx
      Z-map dir: /ptmp/hmueller2/2025_ibc_latent/outputs/glm/contrast_maps_fsLR/sub-14/res_task-Visu_space-fsLR_dir-ffx/z_score_maps
      Z-map dir exists: True
      Glob pattern for z-maps: /ptmp/hmueller2/2025_ibc_latent/outputs/glm/contrast_maps_fsLR/sub-14/res_task-Visu_space-fsLR_dir-ffx/z_score_maps/*.dscalar.nii
      Found 16 z-maps
    Processing task 'VisualSearch':
      Task dir: /ptmp/hmueller2/2025_ibc_latent/outputs/glm/contrast_maps_fsLR/sub-14/res_task-VisualSearch_space-fsLR_dir-ffx
      Z-map dir: /ptmp/hmueller2/2025_ibc_latent/outputs/glm/contrast_maps_fsLR/sub-14/res_task-VisualSearch_space-fsLR_dir-ffx/z_score_maps
      Z-map dir exists: True
      Glob pattern for z-maps: /ptmp/hmueller2/2025_ibc_latent/outputs/glm/contrast_maps_fsLR/sub-14/res_task-VisualSearch_space-fsLR_dir-ffx/z_score_maps/*.dscalar.nii
      Found 22 z-maps
    Processing task 'WardAndAllport':
      Task dir: /ptmp/hmueller2/2025_ibc_latent/outputs/glm/contrast_maps_fsLR/sub-14/res_task-WardAndAllport_space-fsLR_dir-ffx
      Z-map dir: /ptmp/hmueller2/2025_ibc_latent/outputs/glm/contrast_maps_fsLR/sub-14/res_task-WardAndAllport_space-fsLR_dir-ffx/z_score_maps
      Z-map dir exists: True
      Glob pattern for z-maps: /ptmp/hmueller2/2025_ibc_latent/outputs/glm/contrast_maps_fsLR/sub-14/res_task-WardAndAllport_space-fsLR_dir-ffx/z_score_maps/*.dscalar.nii
      Found 10 z-maps
    Processing task 'WedgeAnti':
      Task dir: /ptmp/hmueller2/2025_ibc_latent/outputs/glm/contrast_maps_fsLR/sub-14/res_task-WedgeAnti_space-fsLR_dir-ffx
      Z-map dir: /ptmp/hmueller2/2025_ibc_latent/outputs/glm/contrast_maps_fsLR/sub-14/res_task-WedgeAnti_space-fsLR_dir-ffx/z_score_maps
      Z-map dir exists: True
      Glob pattern for z-maps: /ptmp/hmueller2/2025_ibc_latent/outputs/glm/contrast_maps_fsLR/sub-14/res_task-WedgeAnti_space-fsLR_dir-ffx/z_score_maps/*.dscalar.nii
      Found 8 z-maps
    Processing task 'WedgeClock':
      Task dir: /ptmp/hmueller2/2025_ibc_latent/outputs/glm/contrast_maps_fsLR/sub-14/res_task-WedgeClock_space-fsLR_dir-ffx
      Z-map dir: /ptmp/hmueller2/2025_ibc_latent/outputs/glm/contrast_maps_fsLR/sub-14/res_task-WedgeClock_space-fsLR_dir-ffx/z_score_maps
      Z-map dir exists: True
      Glob pattern for z-maps: /ptmp/hmueller2/2025_ibc_latent/outputs/glm/contrast_maps_fsLR/sub-14/res_task-WedgeClock_space-fsLR_dir-ffx/z_score_maps/*.dscalar.nii
      Found 8 z-maps
  ! Workbench smoothing failed for HcpWm/2back-0back, using unsmoothed map: Missing required file(s) for Workbench smoothing: ['/home/hmueller2/workbench/bin_linux64/wb_command']
  ✓ Loaded: HcpWm/2back-0back
  ! Workbench smoothing failed for ItemRecognition/encode5-encode1, using unsmoothed map: Missing required file(s) for Workbench smoothing: ['/home/hmueller2/workbench/bin_linux64/wb_command']
  ✓ Loaded: ItemRecognition/encode5-encode1
  - Not available: MDTB/2back_hard-easy
  - Not available: MDTB/search_hard-easy
  - Not available: MDTB/semantic_hard-easy
  - Not available: MDTB/finger_complex-simple
  - Not available: GoodBadUgly/dot_hard-easy
  ! Workbench smoothing failed for Stroop/incongruent-congruent, using unsmoothed map: Missing required file(s) for Workbench smoothing: ['/home/hmueller2/workbench/bin_linux64/wb_command']
  ✓ Loaded: Stroop/incongruent-congruent
  ! Workbench smoothing failed for Catell/hard-easy, using unsmoothed map: Missing required file(s) for Workbench smoothing: ['/home/hmueller2/workbench/bin_linux64/wb_command']
  ✓ Loaded: Catell/hard-easy

Applied Workbench CIFTI smoothing to input contrasts (FWHM=4.0mm)

Combined 4 MD contrasts
Mean z-score: -0.009 ± 0.556
Max z-score: 2.358

Threshold: z > 2.3
Suprathreshold vertices: 1 (0.0%)

✓ Saved mean MD map: /ptmp/hmueller2/2025_ibc_latent/outputs/md_system/vertex_wise/sub-14/sub-14_MD_mean.dscalar.nii
✓ Saved thresholded MD map: /ptmp/hmueller2/2025_ibc_latent/outputs/md_system/vertex_wise/sub-14/sub-14_MD_mean_thresh_2.3.dscalar.nii
✓ Saved std MD map: /ptmp/hmueller2/2025_ibc_latent/outputs/md_system/vertex_wise/sub-14/sub-14_MD_std.dscalar.nii
✓ Saved contrast info: /ptmp/hmueller2/2025_ibc_latent/outputs/md_system/vertex_wise/sub-14/sub-14_MD_contrasts.txt

============================================================
Processing subject 15
============================================================
  Looking for contrasts in: /ptmp/hmueller2/2025_ibc_latent/outputs/glm/contrast_maps_fsLR/sub-15
  Subject directory contents (89 items): ['res_task-ArchiEmotional_space-fsLR_dir-ffx', 'res_task-ArchiSocial_space-fsLR_dir-ffx', 'res_task-ArchiSpatial_space-fsLR_dir-ffx', 'res_task-ArchiStandard_space-fsLR_dir-ffx', 'res_task-Attention_space-fsLR_dir-ffx', 'res_task-Audi_space-fsLR_dir-ffx', 'res_task-BiologicalMotion1_space-fsLR_dir-ffx', 'res_task-BiologicalMotion2_space-fsLR_dir-ffx', 'res_task-BreathHolding_space-fsLR_dir-ffx', 'res_task-Catell_space-fsLR_dir-ffx', 'res_task-Checkerboard_space-fsLR_dir-ffx', 'res_task-Color_space-fsLR_dir-ffx', 'res_task-Discount_space-fsLR_dir-ffx', 'res_task-DotPatterns_space-fsLR_dir-ffx', 'res_task-EmoMem_space-fsLR_dir-ffx', 'res_task-EmoReco_space-fsLR_dir-ffx', 'res_task-EmotionalPain_space-fsLR_dir-ffx', 'res_task-Enumeration_space-fsLR_dir-ffx', 'res_task-FaceBody_space-fsLR_dir-ffx', 'res_task-FingerTap_space-fsLR_dir-ffx', 'res_task-HcpEmotion_space-fsLR_dir-ffx', 'res_task-HcpGambling_space-fsLR_dir-ffx', 'res_task-HcpLanguage_space-fsLR_dir-ffx', 'res_task-HcpMotor_space-fsLR_dir-ffx', 'res_task-HcpRelational_space-fsLR_dir-ffx', 'res_task-HcpSocial_space-fsLR_dir-ffx', 'res_task-HcpWm_space-fsLR_dir-ffx', 'res_task-ItemRecognition_space-fsLR_dir-ffx', 'res_task-Lec1_space-fsLR_dir-ffx', 'res_task-Lec2_space-fsLR_dir-ffx', 'res_task-MCSE_space-fsLR_dir-ffx', 'res_task-MTTNS_space-fsLR_dir-ffx', 'res_task-MTTWE_space-fsLR_dir-ffx', 'res_task-MVEB_space-fsLR_dir-ffx', 'res_task-MVIS_space-fsLR_dir-ffx', 'res_task-MathLanguage_space-fsLR_dir-ffx', 'res_task-Motion_space-fsLR_dir-ffx', 'res_task-Moto_space-fsLR_dir-ffx', 'res_task-NARPS_space-fsLR_dir-ffx', 'res_task-PainMovie_space-fsLR_dir-ffx', 'res_task-PreferenceFaces_space-fsLR_dir-ffx', 'res_task-PreferenceFood_space-fsLR_dir-ffx', 'res_task-PreferenceHouses_space-fsLR_dir-ffx', 'res_task-PreferencePaintings_space-fsLR_dir-ffx', 'res_task-RSVPLanguage_space-fsLR_dir-ffx', 'res_task-RewProc_space-fsLR_dir-ffx', 'res_task-Scene_space-fsLR_dir-ffx', 'res_task-SelectiveStopSignal_space-fsLR_dir-ffx', 'res_task-Self_space-fsLR_dir-ffx', 'res_task-SpatialNavigation_space-fsLR_dir-ffx', 'res_task-StopNogo_space-fsLR_dir-ffx', 'res_task-StopSignal_space-fsLR_dir-ffx', 'res_task-Stroop_space-fsLR_dir-ffx', 'res_task-TheoryOfMind_space-fsLR_dir-ffx', 'res_task-TwoByTwo_space-fsLR_dir-ffx', 'res_task-VSTMC_space-fsLR_dir-ffx', 'res_task-VSTM_space-fsLR_dir-ffx', 'res_task-Visu_space-fsLR_dir-ffx', 'res_task-VisualSearch_space-fsLR_dir-ffx', 'res_task-WardAndAllport_space-fsLR_dir-ffx', 'res_task-WedgeAnti_space-fsLR_dir-ffx', 'res_task-WedgeClock_space-fsLR_dir-ffx', 'ses-00', 'ses-01', 'ses-02', 'ses-03', 'ses-04', 'ses-05', 'ses-06', 'ses-10', 'ses-11', 'ses-14', 'ses-15', 'ses-19', 'ses-20', 'ses-21', 'ses-24', 'ses-25', 'ses-26', 'ses-29', 'ses-30', 'ses-31', 'ses-35', 'ses-36', 'ses-37', 'ses-38', 'ses-39', 'ses-40', 'ses-42']
  Glob pattern: /ptmp/hmueller2/2025_ibc_latent/outputs/glm/contrast_maps_fsLR/sub-15/res_task-*_space-fsLR_dir-ffx
  Found 62 task directories: ['/ptmp/hmueller2/2025_ibc_latent/outputs/glm/contrast_maps_fsLR/sub-15/res_task-ArchiEmotional_space-fsLR_dir-ffx', '/ptmp/hmueller2/2025_ibc_latent/outputs/glm/contrast_maps_fsLR/sub-15/res_task-ArchiSocial_space-fsLR_dir-ffx', '/ptmp/hmueller2/2025_ibc_latent/outputs/glm/contrast_maps_fsLR/sub-15/res_task-ArchiSpatial_space-fsLR_dir-ffx', '/ptmp/hmueller2/2025_ibc_latent/outputs/glm/contrast_maps_fsLR/sub-15/res_task-ArchiStandard_space-fsLR_dir-ffx', '/ptmp/hmueller2/2025_ibc_latent/outputs/glm/contrast_maps_fsLR/sub-15/res_task-Attention_space-fsLR_dir-ffx', '/ptmp/hmueller2/2025_ibc_latent/outputs/glm/contrast_maps_fsLR/sub-15/res_task-Audi_space-fsLR_dir-ffx', '/ptmp/hmueller2/2025_ibc_latent/outputs/glm/contrast_maps_fsLR/sub-15/res_task-BiologicalMotion1_space-fsLR_dir-ffx', '/ptmp/hmueller2/2025_ibc_latent/outputs/glm/contrast_maps_fsLR/sub-15/res_task-BiologicalMotion2_space-fsLR_dir-ffx', '/ptmp/hmueller2/2025_ibc_latent/outputs/glm/contrast_maps_fsLR/sub-15/res_task-BreathHolding_space-fsLR_dir-ffx', '/ptmp/hmueller2/2025_ibc_latent/outputs/glm/contrast_maps_fsLR/sub-15/res_task-Catell_space-fsLR_dir-ffx', '/ptmp/hmueller2/2025_ibc_latent/outputs/glm/contrast_maps_fsLR/sub-15/res_task-Checkerboard_space-fsLR_dir-ffx', '/ptmp/hmueller2/2025_ibc_latent/outputs/glm/contrast_maps_fsLR/sub-15/res_task-Color_space-fsLR_dir-ffx', '/ptmp/hmueller2/2025_ibc_latent/outputs/glm/contrast_maps_fsLR/sub-15/res_task-Discount_space-fsLR_dir-ffx', '/ptmp/hmueller2/2025_ibc_latent/outputs/glm/contrast_maps_fsLR/sub-15/res_task-DotPatterns_space-fsLR_dir-ffx', '/ptmp/hmueller2/2025_ibc_latent/outputs/glm/contrast_maps_fsLR/sub-15/res_task-EmoMem_space-fsLR_dir-ffx', '/ptmp/hmueller2/2025_ibc_latent/outputs/glm/contrast_maps_fsLR/sub-15/res_task-EmoReco_space-fsLR_dir-ffx', '/ptmp/hmueller2/2025_ibc_latent/outputs/glm/contrast_maps_fsLR/sub-15/res_task-EmotionalPain_space-fsLR_dir-ffx', '/ptmp/hmueller2/2025_ibc_latent/outputs/glm/contrast_maps_fsLR/sub-15/res_task-Enumeration_space-fsLR_dir-ffx', '/ptmp/hmueller2/2025_ibc_latent/outputs/glm/contrast_maps_fsLR/sub-15/res_task-FaceBody_space-fsLR_dir-ffx', '/ptmp/hmueller2/2025_ibc_latent/outputs/glm/contrast_maps_fsLR/sub-15/res_task-FingerTap_space-fsLR_dir-ffx', '/ptmp/hmueller2/2025_ibc_latent/outputs/glm/contrast_maps_fsLR/sub-15/res_task-HcpEmotion_space-fsLR_dir-ffx', '/ptmp/hmueller2/2025_ibc_latent/outputs/glm/contrast_maps_fsLR/sub-15/res_task-HcpGambling_space-fsLR_dir-ffx', '/ptmp/hmueller2/2025_ibc_latent/outputs/glm/contrast_maps_fsLR/sub-15/res_task-HcpLanguage_space-fsLR_dir-ffx', '/ptmp/hmueller2/2025_ibc_latent/outputs/glm/contrast_maps_fsLR/sub-15/res_task-HcpMotor_space-fsLR_dir-ffx', '/ptmp/hmueller2/2025_ibc_latent/outputs/glm/contrast_maps_fsLR/sub-15/res_task-HcpRelational_space-fsLR_dir-ffx', '/ptmp/hmueller2/2025_ibc_latent/outputs/glm/contrast_maps_fsLR/sub-15/res_task-HcpSocial_space-fsLR_dir-ffx', '/ptmp/hmueller2/2025_ibc_latent/outputs/glm/contrast_maps_fsLR/sub-15/res_task-HcpWm_space-fsLR_dir-ffx', '/ptmp/hmueller2/2025_ibc_latent/outputs/glm/contrast_maps_fsLR/sub-15/res_task-ItemRecognition_space-fsLR_dir-ffx', '/ptmp/hmueller2/2025_ibc_latent/outputs/glm/contrast_maps_fsLR/sub-15/res_task-Lec1_space-fsLR_dir-ffx', '/ptmp/hmueller2/2025_ibc_latent/outputs/glm/contrast_maps_fsLR/sub-15/res_task-Lec2_space-fsLR_dir-ffx', '/ptmp/hmueller2/2025_ibc_latent/outputs/glm/contrast_maps_fsLR/sub-15/res_task-MCSE_space-fsLR_dir-ffx', '/ptmp/hmueller2/2025_ibc_latent/outputs/glm/contrast_maps_fsLR/sub-15/res_task-MTTNS_space-fsLR_dir-ffx', '/ptmp/hmueller2/2025_ibc_latent/outputs/glm/contrast_maps_fsLR/sub-15/res_task-MTTWE_space-fsLR_dir-ffx', '/ptmp/hmueller2/2025_ibc_latent/outputs/glm/contrast_maps_fsLR/sub-15/res_task-MVEB_space-fsLR_dir-ffx', '/ptmp/hmueller2/2025_ibc_latent/outputs/glm/contrast_maps_fsLR/sub-15/res_task-MVIS_space-fsLR_dir-ffx', '/ptmp/hmueller2/2025_ibc_latent/outputs/glm/contrast_maps_fsLR/sub-15/res_task-MathLanguage_space-fsLR_dir-ffx', '/ptmp/hmueller2/2025_ibc_latent/outputs/glm/contrast_maps_fsLR/sub-15/res_task-Motion_space-fsLR_dir-ffx', '/ptmp/hmueller2/2025_ibc_latent/outputs/glm/contrast_maps_fsLR/sub-15/res_task-Moto_space-fsLR_dir-ffx', '/ptmp/hmueller2/2025_ibc_latent/outputs/glm/contrast_maps_fsLR/sub-15/res_task-NARPS_space-fsLR_dir-ffx', '/ptmp/hmueller2/2025_ibc_latent/outputs/glm/contrast_maps_fsLR/sub-15/res_task-PainMovie_space-fsLR_dir-ffx', '/ptmp/hmueller2/2025_ibc_latent/outputs/glm/contrast_maps_fsLR/sub-15/res_task-PreferenceFaces_space-fsLR_dir-ffx', '/ptmp/hmueller2/2025_ibc_latent/outputs/glm/contrast_maps_fsLR/sub-15/res_task-PreferenceFood_space-fsLR_dir-ffx', '/ptmp/hmueller2/2025_ibc_latent/outputs/glm/contrast_maps_fsLR/sub-15/res_task-PreferenceHouses_space-fsLR_dir-ffx', '/ptmp/hmueller2/2025_ibc_latent/outputs/glm/contrast_maps_fsLR/sub-15/res_task-PreferencePaintings_space-fsLR_dir-ffx', '/ptmp/hmueller2/2025_ibc_latent/outputs/glm/contrast_maps_fsLR/sub-15/res_task-RSVPLanguage_space-fsLR_dir-ffx', '/ptmp/hmueller2/2025_ibc_latent/outputs/glm/contrast_maps_fsLR/sub-15/res_task-RewProc_space-fsLR_dir-ffx', '/ptmp/hmueller2/2025_ibc_latent/outputs/glm/contrast_maps_fsLR/sub-15/res_task-Scene_space-fsLR_dir-ffx', '/ptmp/hmueller2/2025_ibc_latent/outputs/glm/contrast_maps_fsLR/sub-15/res_task-SelectiveStopSignal_space-fsLR_dir-ffx', '/ptmp/hmueller2/2025_ibc_latent/outputs/glm/contrast_maps_fsLR/sub-15/res_task-Self_space-fsLR_dir-ffx', '/ptmp/hmueller2/2025_ibc_latent/outputs/glm/contrast_maps_fsLR/sub-15/res_task-SpatialNavigation_space-fsLR_dir-ffx', '/ptmp/hmueller2/2025_ibc_latent/outputs/glm/contrast_maps_fsLR/sub-15/res_task-StopNogo_space-fsLR_dir-ffx', '/ptmp/hmueller2/2025_ibc_latent/outputs/glm/contrast_maps_fsLR/sub-15/res_task-StopSignal_space-fsLR_dir-ffx', '/ptmp/hmueller2/2025_ibc_latent/outputs/glm/contrast_maps_fsLR/sub-15/res_task-Stroop_space-fsLR_dir-ffx', '/ptmp/hmueller2/2025_ibc_latent/outputs/glm/contrast_maps_fsLR/sub-15/res_task-TheoryOfMind_space-fsLR_dir-ffx', '/ptmp/hmueller2/2025_ibc_latent/outputs/glm/contrast_maps_fsLR/sub-15/res_task-TwoByTwo_space-fsLR_dir-ffx', '/ptmp/hmueller2/2025_ibc_latent/outputs/glm/contrast_maps_fsLR/sub-15/res_task-VSTMC_space-fsLR_dir-ffx', '/ptmp/hmueller2/2025_ibc_latent/outputs/glm/contrast_maps_fsLR/sub-15/res_task-VSTM_space-fsLR_dir-ffx', '/ptmp/hmueller2/2025_ibc_latent/outputs/glm/contrast_maps_fsLR/sub-15/res_task-Visu_space-fsLR_dir-ffx', '/ptmp/hmueller2/2025_ibc_latent/outputs/glm/contrast_maps_fsLR/sub-15/res_task-VisualSearch_space-fsLR_dir-ffx', '/ptmp/hmueller2/2025_ibc_latent/outputs/glm/contrast_maps_fsLR/sub-15/res_task-WardAndAllport_space-fsLR_dir-ffx', '/ptmp/hmueller2/2025_ibc_latent/outputs/glm/contrast_maps_fsLR/sub-15/res_task-WedgeAnti_space-fsLR_dir-ffx', '/ptmp/hmueller2/2025_ibc_latent/outputs/glm/contrast_maps_fsLR/sub-15/res_task-WedgeClock_space-fsLR_dir-ffx']
    Processing task 'ArchiEmotional':
      Task dir: /ptmp/hmueller2/2025_ibc_latent/outputs/glm/contrast_maps_fsLR/sub-15/res_task-ArchiEmotional_space-fsLR_dir-ffx
      Z-map dir: /ptmp/hmueller2/2025_ibc_latent/outputs/glm/contrast_maps_fsLR/sub-15/res_task-ArchiEmotional_space-fsLR_dir-ffx/z_score_maps
      Z-map dir exists: True
      Glob pattern for z-maps: /ptmp/hmueller2/2025_ibc_latent/outputs/glm/contrast_maps_fsLR/sub-15/res_task-ArchiEmotional_space-fsLR_dir-ffx/z_score_maps/*.dscalar.nii
      Found 14 z-maps
    Processing task 'ArchiSocial':
      Task dir: /ptmp/hmueller2/2025_ibc_latent/outputs/glm/contrast_maps_fsLR/sub-15/res_task-ArchiSocial_space-fsLR_dir-ffx
      Z-map dir: /ptmp/hmueller2/2025_ibc_latent/outputs/glm/contrast_maps_fsLR/sub-15/res_task-ArchiSocial_space-fsLR_dir-ffx/z_score_maps
      Z-map dir exists: True
      Glob pattern for z-maps: /ptmp/hmueller2/2025_ibc_latent/outputs/glm/contrast_maps_fsLR/sub-15/res_task-ArchiSocial_space-fsLR_dir-ffx/z_score_maps/*.dscalar.nii
      Found 13 z-maps
    Processing task 'ArchiSpatial':
      Task dir: /ptmp/hmueller2/2025_ibc_latent/outputs/glm/contrast_maps_fsLR/sub-15/res_task-ArchiSpatial_space-fsLR_dir-ffx
      Z-map dir: /ptmp/hmueller2/2025_ibc_latent/outputs/glm/contrast_maps_fsLR/sub-15/res_task-ArchiSpatial_space-fsLR_dir-ffx/z_score_maps
      Z-map dir exists: True
      Glob pattern for z-maps: /ptmp/hmueller2/2025_ibc_latent/outputs/glm/contrast_maps_fsLR/sub-15/res_task-ArchiSpatial_space-fsLR_dir-ffx/z_score_maps/*.dscalar.nii
      Found 7 z-maps
    Processing task 'ArchiStandard':
      Task dir: /ptmp/hmueller2/2025_ibc_latent/outputs/glm/contrast_maps_fsLR/sub-15/res_task-ArchiStandard_space-fsLR_dir-ffx
      Z-map dir: /ptmp/hmueller2/2025_ibc_latent/outputs/glm/contrast_maps_fsLR/sub-15/res_task-ArchiStandard_space-fsLR_dir-ffx/z_score_maps
      Z-map dir exists: True
      Glob pattern for z-maps: /ptmp/hmueller2/2025_ibc_latent/outputs/glm/contrast_maps_fsLR/sub-15/res_task-ArchiStandard_space-fsLR_dir-ffx/z_score_maps/*.dscalar.nii
      Found 23 z-maps
    Processing task 'Attention':
      Task dir: /ptmp/hmueller2/2025_ibc_latent/outputs/glm/contrast_maps_fsLR/sub-15/res_task-Attention_space-fsLR_dir-ffx
      Z-map dir: /ptmp/hmueller2/2025_ibc_latent/outputs/glm/contrast_maps_fsLR/sub-15/res_task-Attention_space-fsLR_dir-ffx/z_score_maps
      Z-map dir exists: True
      Glob pattern for z-maps: /ptmp/hmueller2/2025_ibc_latent/outputs/glm/contrast_maps_fsLR/sub-15/res_task-Attention_space-fsLR_dir-ffx/z_score_maps/*.dscalar.nii
      Found 10 z-maps
    Processing task 'Audi':
      Task dir: /ptmp/hmueller2/2025_ibc_latent/outputs/glm/contrast_maps_fsLR/sub-15/res_task-Audi_space-fsLR_dir-ffx
      Z-map dir: /ptmp/hmueller2/2025_ibc_latent/outputs/glm/contrast_maps_fsLR/sub-15/res_task-Audi_space-fsLR_dir-ffx/z_score_maps
      Z-map dir exists: True
      Glob pattern for z-maps: /ptmp/hmueller2/2025_ibc_latent/outputs/glm/contrast_maps_fsLR/sub-15/res_task-Audi_space-fsLR_dir-ffx/z_score_maps/*.dscalar.nii
      Found 25 z-maps
    Processing task 'BiologicalMotion1':
      Task dir: /ptmp/hmueller2/2025_ibc_latent/outputs/glm/contrast_maps_fsLR/sub-15/res_task-BiologicalMotion1_space-fsLR_dir-ffx
      Z-map dir: /ptmp/hmueller2/2025_ibc_latent/outputs/glm/contrast_maps_fsLR/sub-15/res_task-BiologicalMotion1_space-fsLR_dir-ffx/z_score_maps
      Z-map dir exists: True
      Glob pattern for z-maps: /ptmp/hmueller2/2025_ibc_latent/outputs/glm/contrast_maps_fsLR/sub-15/res_task-BiologicalMotion1_space-fsLR_dir-ffx/z_score_maps/*.dscalar.nii
      Found 10 z-maps
    Processing task 'BiologicalMotion2':
      Task dir: /ptmp/hmueller2/2025_ibc_latent/outputs/glm/contrast_maps_fsLR/sub-15/res_task-BiologicalMotion2_space-fsLR_dir-ffx
      Z-map dir: /ptmp/hmueller2/2025_ibc_latent/outputs/glm/contrast_maps_fsLR/sub-15/res_task-BiologicalMotion2_space-fsLR_dir-ffx/z_score_maps
      Z-map dir exists: True
      Glob pattern for z-maps: /ptmp/hmueller2/2025_ibc_latent/outputs/glm/contrast_maps_fsLR/sub-15/res_task-BiologicalMotion2_space-fsLR_dir-ffx/z_score_maps/*.dscalar.nii
      Found 10 z-maps
    Processing task 'BreathHolding':
      Task dir: /ptmp/hmueller2/2025_ibc_latent/outputs/glm/contrast_maps_fsLR/sub-15/res_task-BreathHolding_space-fsLR_dir-ffx
      Z-map dir: /ptmp/hmueller2/2025_ibc_latent/outputs/glm/contrast_maps_fsLR/sub-15/res_task-BreathHolding_space-fsLR_dir-ffx/z_score_maps
      Z-map dir exists: True
      Glob pattern for z-maps: /ptmp/hmueller2/2025_ibc_latent/outputs/glm/contrast_maps_fsLR/sub-15/res_task-BreathHolding_space-fsLR_dir-ffx/z_score_maps/*.dscalar.nii
      Found 4 z-maps
    Processing task 'Catell':
      Task dir: /ptmp/hmueller2/2025_ibc_latent/outputs/glm/contrast_maps_fsLR/sub-15/res_task-Catell_space-fsLR_dir-ffx
      Z-map dir: /ptmp/hmueller2/2025_ibc_latent/outputs/glm/contrast_maps_fsLR/sub-15/res_task-Catell_space-fsLR_dir-ffx/z_score_maps
      Z-map dir exists: True
      Glob pattern for z-maps: /ptmp/hmueller2/2025_ibc_latent/outputs/glm/contrast_maps_fsLR/sub-15/res_task-Catell_space-fsLR_dir-ffx/z_score_maps/*.dscalar.nii
      Found 3 z-maps
    Processing task 'Checkerboard':
      Task dir: /ptmp/hmueller2/2025_ibc_latent/outputs/glm/contrast_maps_fsLR/sub-15/res_task-Checkerboard_space-fsLR_dir-ffx
      Z-map dir: /ptmp/hmueller2/2025_ibc_latent/outputs/glm/contrast_maps_fsLR/sub-15/res_task-Checkerboard_space-fsLR_dir-ffx/z_score_maps
      Z-map dir exists: True
      Glob pattern for z-maps: /ptmp/hmueller2/2025_ibc_latent/outputs/glm/contrast_maps_fsLR/sub-15/res_task-Checkerboard_space-fsLR_dir-ffx/z_score_maps/*.dscalar.nii
      Found 3 z-maps
    Processing task 'Color':
      Task dir: /ptmp/hmueller2/2025_ibc_latent/outputs/glm/contrast_maps_fsLR/sub-15/res_task-Color_space-fsLR_dir-ffx
      Z-map dir: /ptmp/hmueller2/2025_ibc_latent/outputs/glm/contrast_maps_fsLR/sub-15/res_task-Color_space-fsLR_dir-ffx/z_score_maps
      Z-map dir exists: True
      Glob pattern for z-maps: /ptmp/hmueller2/2025_ibc_latent/outputs/glm/contrast_maps_fsLR/sub-15/res_task-Color_space-fsLR_dir-ffx/z_score_maps/*.dscalar.nii
      Found 4 z-maps
    Processing task 'Discount':
      Task dir: /ptmp/hmueller2/2025_ibc_latent/outputs/glm/contrast_maps_fsLR/sub-15/res_task-Discount_space-fsLR_dir-ffx
      Z-map dir: /ptmp/hmueller2/2025_ibc_latent/outputs/glm/contrast_maps_fsLR/sub-15/res_task-Discount_space-fsLR_dir-ffx/z_score_maps
      Z-map dir exists: True
      Glob pattern for z-maps: /ptmp/hmueller2/2025_ibc_latent/outputs/glm/contrast_maps_fsLR/sub-15/res_task-Discount_space-fsLR_dir-ffx/z_score_maps/*.dscalar.nii
      Found 2 z-maps
    Processing task 'DotPatterns':
      Task dir: /ptmp/hmueller2/2025_ibc_latent/outputs/glm/contrast_maps_fsLR/sub-15/res_task-DotPatterns_space-fsLR_dir-ffx
      Z-map dir: /ptmp/hmueller2/2025_ibc_latent/outputs/glm/contrast_maps_fsLR/sub-15/res_task-DotPatterns_space-fsLR_dir-ffx/z_score_maps
      Z-map dir exists: True
      Glob pattern for z-maps: /ptmp/hmueller2/2025_ibc_latent/outputs/glm/contrast_maps_fsLR/sub-15/res_task-DotPatterns_space-fsLR_dir-ffx/z_score_maps/*.dscalar.nii
      Found 11 z-maps
    Processing task 'EmoMem':
      Task dir: /ptmp/hmueller2/2025_ibc_latent/outputs/glm/contrast_maps_fsLR/sub-15/res_task-EmoMem_space-fsLR_dir-ffx
      Z-map dir: /ptmp/hmueller2/2025_ibc_latent/outputs/glm/contrast_maps_fsLR/sub-15/res_task-EmoMem_space-fsLR_dir-ffx/z_score_maps
      Z-map dir exists: True
      Glob pattern for z-maps: /ptmp/hmueller2/2025_ibc_latent/outputs/glm/contrast_maps_fsLR/sub-15/res_task-EmoMem_space-fsLR_dir-ffx/z_score_maps/*.dscalar.nii
      Found 6 z-maps
    Processing task 'EmoReco':
      Task dir: /ptmp/hmueller2/2025_ibc_latent/outputs/glm/contrast_maps_fsLR/sub-15/res_task-EmoReco_space-fsLR_dir-ffx
      Z-map dir: /ptmp/hmueller2/2025_ibc_latent/outputs/glm/contrast_maps_fsLR/sub-15/res_task-EmoReco_space-fsLR_dir-ffx/z_score_maps
      Z-map dir exists: True
      Glob pattern for z-maps: /ptmp/hmueller2/2025_ibc_latent/outputs/glm/contrast_maps_fsLR/sub-15/res_task-EmoReco_space-fsLR_dir-ffx/z_score_maps/*.dscalar.nii
      Found 10 z-maps
    Processing task 'EmotionalPain':
      Task dir: /ptmp/hmueller2/2025_ibc_latent/outputs/glm/contrast_maps_fsLR/sub-15/res_task-EmotionalPain_space-fsLR_dir-ffx
      Z-map dir: /ptmp/hmueller2/2025_ibc_latent/outputs/glm/contrast_maps_fsLR/sub-15/res_task-EmotionalPain_space-fsLR_dir-ffx/z_score_maps
      Z-map dir exists: True
      Glob pattern for z-maps: /ptmp/hmueller2/2025_ibc_latent/outputs/glm/contrast_maps_fsLR/sub-15/res_task-EmotionalPain_space-fsLR_dir-ffx/z_score_maps/*.dscalar.nii
      Found 3 z-maps
    Processing task 'Enumeration':
      Task dir: /ptmp/hmueller2/2025_ibc_latent/outputs/glm/contrast_maps_fsLR/sub-15/res_task-Enumeration_space-fsLR_dir-ffx
      Z-map dir: /ptmp/hmueller2/2025_ibc_latent/outputs/glm/contrast_maps_fsLR/sub-15/res_task-Enumeration_space-fsLR_dir-ffx/z_score_maps
      Z-map dir exists: True
      Glob pattern for z-maps: /ptmp/hmueller2/2025_ibc_latent/outputs/glm/contrast_maps_fsLR/sub-15/res_task-Enumeration_space-fsLR_dir-ffx/z_score_maps/*.dscalar.nii
      Found 3 z-maps
    Processing task 'FaceBody':
      Task dir: /ptmp/hmueller2/2025_ibc_latent/outputs/glm/contrast_maps_fsLR/sub-15/res_task-FaceBody_space-fsLR_dir-ffx
      Z-map dir: /ptmp/hmueller2/2025_ibc_latent/outputs/glm/contrast_maps_fsLR/sub-15/res_task-FaceBody_space-fsLR_dir-ffx/z_score_maps
      Z-map dir exists: True
      Glob pattern for z-maps: /ptmp/hmueller2/2025_ibc_latent/outputs/glm/contrast_maps_fsLR/sub-15/res_task-FaceBody_space-fsLR_dir-ffx/z_score_maps/*.dscalar.nii
      Found 15 z-maps
    Processing task 'FingerTap':
      Task dir: /ptmp/hmueller2/2025_ibc_latent/outputs/glm/contrast_maps_fsLR/sub-15/res_task-FingerTap_space-fsLR_dir-ffx
      Z-map dir: /ptmp/hmueller2/2025_ibc_latent/outputs/glm/contrast_maps_fsLR/sub-15/res_task-FingerTap_space-fsLR_dir-ffx/z_score_maps
      Z-map dir exists: True
      Glob pattern for z-maps: /ptmp/hmueller2/2025_ibc_latent/outputs/glm/contrast_maps_fsLR/sub-15/res_task-FingerTap_space-fsLR_dir-ffx/z_score_maps/*.dscalar.nii
      Found 3 z-maps
    Processing task 'HcpEmotion':
      Task dir: /ptmp/hmueller2/2025_ibc_latent/outputs/glm/contrast_maps_fsLR/sub-15/res_task-HcpEmotion_space-fsLR_dir-ffx
      Z-map dir: /ptmp/hmueller2/2025_ibc_latent/outputs/glm/contrast_maps_fsLR/sub-15/res_task-HcpEmotion_space-fsLR_dir-ffx/z_score_maps
      Z-map dir exists: True
      Glob pattern for z-maps: /ptmp/hmueller2/2025_ibc_latent/outputs/glm/contrast_maps_fsLR/sub-15/res_task-HcpEmotion_space-fsLR_dir-ffx/z_score_maps/*.dscalar.nii
      Found 4 z-maps
    Processing task 'HcpGambling':
      Task dir: /ptmp/hmueller2/2025_ibc_latent/outputs/glm/contrast_maps_fsLR/sub-15/res_task-HcpGambling_space-fsLR_dir-ffx
      Z-map dir: /ptmp/hmueller2/2025_ibc_latent/outputs/glm/contrast_maps_fsLR/sub-15/res_task-HcpGambling_space-fsLR_dir-ffx/z_score_maps
      Z-map dir exists: True
      Glob pattern for z-maps: /ptmp/hmueller2/2025_ibc_latent/outputs/glm/contrast_maps_fsLR/sub-15/res_task-HcpGambling_space-fsLR_dir-ffx/z_score_maps/*.dscalar.nii
      Found 4 z-maps
    Processing task 'HcpLanguage':
      Task dir: /ptmp/hmueller2/2025_ibc_latent/outputs/glm/contrast_maps_fsLR/sub-15/res_task-HcpLanguage_space-fsLR_dir-ffx
      Z-map dir: /ptmp/hmueller2/2025_ibc_latent/outputs/glm/contrast_maps_fsLR/sub-15/res_task-HcpLanguage_space-fsLR_dir-ffx/z_score_maps
      Z-map dir exists: True
      Glob pattern for z-maps: /ptmp/hmueller2/2025_ibc_latent/outputs/glm/contrast_maps_fsLR/sub-15/res_task-HcpLanguage_space-fsLR_dir-ffx/z_score_maps/*.dscalar.nii
      Found 4 z-maps
    Processing task 'HcpMotor':
      Task dir: /ptmp/hmueller2/2025_ibc_latent/outputs/glm/contrast_maps_fsLR/sub-15/res_task-HcpMotor_space-fsLR_dir-ffx
      Z-map dir: /ptmp/hmueller2/2025_ibc_latent/outputs/glm/contrast_maps_fsLR/sub-15/res_task-HcpMotor_space-fsLR_dir-ffx/z_score_maps
      Z-map dir exists: True
      Glob pattern for z-maps: /ptmp/hmueller2/2025_ibc_latent/outputs/glm/contrast_maps_fsLR/sub-15/res_task-HcpMotor_space-fsLR_dir-ffx/z_score_maps/*.dscalar.nii
      Found 11 z-maps
    Processing task 'HcpRelational':
      Task dir: /ptmp/hmueller2/2025_ibc_latent/outputs/glm/contrast_maps_fsLR/sub-15/res_task-HcpRelational_space-fsLR_dir-ffx
      Z-map dir: /ptmp/hmueller2/2025_ibc_latent/outputs/glm/contrast_maps_fsLR/sub-15/res_task-HcpRelational_space-fsLR_dir-ffx/z_score_maps
      Z-map dir exists: True
      Glob pattern for z-maps: /ptmp/hmueller2/2025_ibc_latent/outputs/glm/contrast_maps_fsLR/sub-15/res_task-HcpRelational_space-fsLR_dir-ffx/z_score_maps/*.dscalar.nii
      Found 3 z-maps
    Processing task 'HcpSocial':
      Task dir: /ptmp/hmueller2/2025_ibc_latent/outputs/glm/contrast_maps_fsLR/sub-15/res_task-HcpSocial_space-fsLR_dir-ffx
      Z-map dir: /ptmp/hmueller2/2025_ibc_latent/outputs/glm/contrast_maps_fsLR/sub-15/res_task-HcpSocial_space-fsLR_dir-ffx/z_score_maps
      Z-map dir exists: True
      Glob pattern for z-maps: /ptmp/hmueller2/2025_ibc_latent/outputs/glm/contrast_maps_fsLR/sub-15/res_task-HcpSocial_space-fsLR_dir-ffx/z_score_maps/*.dscalar.nii
      Found 3 z-maps
    Processing task 'HcpWm':
      Task dir: /ptmp/hmueller2/2025_ibc_latent/outputs/glm/contrast_maps_fsLR/sub-15/res_task-HcpWm_space-fsLR_dir-ffx
      Z-map dir: /ptmp/hmueller2/2025_ibc_latent/outputs/glm/contrast_maps_fsLR/sub-15/res_task-HcpWm_space-fsLR_dir-ffx/z_score_maps
      Z-map dir exists: True
      Glob pattern for z-maps: /ptmp/hmueller2/2025_ibc_latent/outputs/glm/contrast_maps_fsLR/sub-15/res_task-HcpWm_space-fsLR_dir-ffx/z_score_maps/*.dscalar.nii
      Found 14 z-maps
    Processing task 'ItemRecognition':
      Task dir: /ptmp/hmueller2/2025_ibc_latent/outputs/glm/contrast_maps_fsLR/sub-15/res_task-ItemRecognition_space-fsLR_dir-ffx
      Z-map dir: /ptmp/hmueller2/2025_ibc_latent/outputs/glm/contrast_maps_fsLR/sub-15/res_task-ItemRecognition_space-fsLR_dir-ffx/z_score_maps
      Z-map dir exists: True
      Glob pattern for z-maps: /ptmp/hmueller2/2025_ibc_latent/outputs/glm/contrast_maps_fsLR/sub-15/res_task-ItemRecognition_space-fsLR_dir-ffx/z_score_maps/*.dscalar.nii
      Found 17 z-maps
    Processing task 'Lec1':
      Task dir: /ptmp/hmueller2/2025_ibc_latent/outputs/glm/contrast_maps_fsLR/sub-15/res_task-Lec1_space-fsLR_dir-ffx
      Z-map dir: /ptmp/hmueller2/2025_ibc_latent/outputs/glm/contrast_maps_fsLR/sub-15/res_task-Lec1_space-fsLR_dir-ffx/z_score_maps
      Z-map dir exists: True
      Glob pattern for z-maps: /ptmp/hmueller2/2025_ibc_latent/outputs/glm/contrast_maps_fsLR/sub-15/res_task-Lec1_space-fsLR_dir-ffx/z_score_maps/*.dscalar.nii
      Found 6 z-maps
    Processing task 'Lec2':
      Task dir: /ptmp/hmueller2/2025_ibc_latent/outputs/glm/contrast_maps_fsLR/sub-15/res_task-Lec2_space-fsLR_dir-ffx
      Z-map dir: /ptmp/hmueller2/2025_ibc_latent/outputs/glm/contrast_maps_fsLR/sub-15/res_task-Lec2_space-fsLR_dir-ffx/z_score_maps
      Z-map dir exists: True
      Glob pattern for z-maps: /ptmp/hmueller2/2025_ibc_latent/outputs/glm/contrast_maps_fsLR/sub-15/res_task-Lec2_space-fsLR_dir-ffx/z_score_maps/*.dscalar.nii
      Found 3 z-maps
    Processing task 'MCSE':
      Task dir: /ptmp/hmueller2/2025_ibc_latent/outputs/glm/contrast_maps_fsLR/sub-15/res_task-MCSE_space-fsLR_dir-ffx
      Z-map dir: /ptmp/hmueller2/2025_ibc_latent/outputs/glm/contrast_maps_fsLR/sub-15/res_task-MCSE_space-fsLR_dir-ffx/z_score_maps
      Z-map dir exists: True
      Glob pattern for z-maps: /ptmp/hmueller2/2025_ibc_latent/outputs/glm/contrast_maps_fsLR/sub-15/res_task-MCSE_space-fsLR_dir-ffx/z_score_maps/*.dscalar.nii
      Found 9 z-maps
    Processing task 'MTTNS':
      Task dir: /ptmp/hmueller2/2025_ibc_latent/outputs/glm/contrast_maps_fsLR/sub-15/res_task-MTTNS_space-fsLR_dir-ffx
      Z-map dir: /ptmp/hmueller2/2025_ibc_latent/outputs/glm/contrast_maps_fsLR/sub-15/res_task-MTTNS_space-fsLR_dir-ffx/z_score_maps
      Z-map dir exists: True
      Glob pattern for z-maps: /ptmp/hmueller2/2025_ibc_latent/outputs/glm/contrast_maps_fsLR/sub-15/res_task-MTTNS_space-fsLR_dir-ffx/z_score_maps/*.dscalar.nii
      Found 19 z-maps
    Processing task 'MTTWE':
      Task dir: /ptmp/hmueller2/2025_ibc_latent/outputs/glm/contrast_maps_fsLR/sub-15/res_task-MTTWE_space-fsLR_dir-ffx
      Z-map dir: /ptmp/hmueller2/2025_ibc_latent/outputs/glm/contrast_maps_fsLR/sub-15/res_task-MTTWE_space-fsLR_dir-ffx/z_score_maps
      Z-map dir exists: True
      Glob pattern for z-maps: /ptmp/hmueller2/2025_ibc_latent/outputs/glm/contrast_maps_fsLR/sub-15/res_task-MTTWE_space-fsLR_dir-ffx/z_score_maps/*.dscalar.nii
      Found 19 z-maps
    Processing task 'MVEB':
      Task dir: /ptmp/hmueller2/2025_ibc_latent/outputs/glm/contrast_maps_fsLR/sub-15/res_task-MVEB_space-fsLR_dir-ffx
      Z-map dir: /ptmp/hmueller2/2025_ibc_latent/outputs/glm/contrast_maps_fsLR/sub-15/res_task-MVEB_space-fsLR_dir-ffx/z_score_maps
      Z-map dir exists: True
      Glob pattern for z-maps: /ptmp/hmueller2/2025_ibc_latent/outputs/glm/contrast_maps_fsLR/sub-15/res_task-MVEB_space-fsLR_dir-ffx/z_score_maps/*.dscalar.nii
      Found 11 z-maps
    Processing task 'MVIS':
      Task dir: /ptmp/hmueller2/2025_ibc_latent/outputs/glm/contrast_maps_fsLR/sub-15/res_task-MVIS_space-fsLR_dir-ffx
      Z-map dir: /ptmp/hmueller2/2025_ibc_latent/outputs/glm/contrast_maps_fsLR/sub-15/res_task-MVIS_space-fsLR_dir-ffx/z_score_maps
      Z-map dir exists: True
      Glob pattern for z-maps: /ptmp/hmueller2/2025_ibc_latent/outputs/glm/contrast_maps_fsLR/sub-15/res_task-MVIS_space-fsLR_dir-ffx/z_score_maps/*.dscalar.nii
      Found 12 z-maps
    Processing task 'MathLanguage':
      Task dir: /ptmp/hmueller2/2025_ibc_latent/outputs/glm/contrast_maps_fsLR/sub-15/res_task-MathLanguage_space-fsLR_dir-ffx
      Z-map dir: /ptmp/hmueller2/2025_ibc_latent/outputs/glm/contrast_maps_fsLR/sub-15/res_task-MathLanguage_space-fsLR_dir-ffx/z_score_maps
      Z-map dir exists: True
      Glob pattern for z-maps: /ptmp/hmueller2/2025_ibc_latent/outputs/glm/contrast_maps_fsLR/sub-15/res_task-MathLanguage_space-fsLR_dir-ffx/z_score_maps/*.dscalar.nii
      Found 30 z-maps
    Processing task 'Motion':
      Task dir: /ptmp/hmueller2/2025_ibc_latent/outputs/glm/contrast_maps_fsLR/sub-15/res_task-Motion_space-fsLR_dir-ffx
      Z-map dir: /ptmp/hmueller2/2025_ibc_latent/outputs/glm/contrast_maps_fsLR/sub-15/res_task-Motion_space-fsLR_dir-ffx/z_score_maps
      Z-map dir exists: True
      Glob pattern for z-maps: /ptmp/hmueller2/2025_ibc_latent/outputs/glm/contrast_maps_fsLR/sub-15/res_task-Motion_space-fsLR_dir-ffx/z_score_maps/*.dscalar.nii
      Found 11 z-maps
    Processing task 'Moto':
      Task dir: /ptmp/hmueller2/2025_ibc_latent/outputs/glm/contrast_maps_fsLR/sub-15/res_task-Moto_space-fsLR_dir-ffx
      Z-map dir: /ptmp/hmueller2/2025_ibc_latent/outputs/glm/contrast_maps_fsLR/sub-15/res_task-Moto_space-fsLR_dir-ffx/z_score_maps
      Z-map dir exists: True
      Glob pattern for z-maps: /ptmp/hmueller2/2025_ibc_latent/outputs/glm/contrast_maps_fsLR/sub-15/res_task-Moto_space-fsLR_dir-ffx/z_score_maps/*.dscalar.nii
      Found 9 z-maps
    Processing task 'NARPS':
      Task dir: /ptmp/hmueller2/2025_ibc_latent/outputs/glm/contrast_maps_fsLR/sub-15/res_task-NARPS_space-fsLR_dir-ffx
      Z-map dir: /ptmp/hmueller2/2025_ibc_latent/outputs/glm/contrast_maps_fsLR/sub-15/res_task-NARPS_space-fsLR_dir-ffx/z_score_maps
      Z-map dir exists: True
      Glob pattern for z-maps: /ptmp/hmueller2/2025_ibc_latent/outputs/glm/contrast_maps_fsLR/sub-15/res_task-NARPS_space-fsLR_dir-ffx/z_score_maps/*.dscalar.nii
      Found 8 z-maps
    Processing task 'PainMovie':
      Task dir: /ptmp/hmueller2/2025_ibc_latent/outputs/glm/contrast_maps_fsLR/sub-15/res_task-PainMovie_space-fsLR_dir-ffx
      Z-map dir: /ptmp/hmueller2/2025_ibc_latent/outputs/glm/contrast_maps_fsLR/sub-15/res_task-PainMovie_space-fsLR_dir-ffx/z_score_maps
      Z-map dir exists: True
      Glob pattern for z-maps: /ptmp/hmueller2/2025_ibc_latent/outputs/glm/contrast_maps_fsLR/sub-15/res_task-PainMovie_space-fsLR_dir-ffx/z_score_maps/*.dscalar.nii
      Found 3 z-maps
    Processing task 'PreferenceFaces':
      Task dir: /ptmp/hmueller2/2025_ibc_latent/outputs/glm/contrast_maps_fsLR/sub-15/res_task-PreferenceFaces_space-fsLR_dir-ffx
      Z-map dir: /ptmp/hmueller2/2025_ibc_latent/outputs/glm/contrast_maps_fsLR/sub-15/res_task-PreferenceFaces_space-fsLR_dir-ffx/z_score_maps
      Z-map dir exists: True
      Glob pattern for z-maps: /ptmp/hmueller2/2025_ibc_latent/outputs/glm/contrast_maps_fsLR/sub-15/res_task-PreferenceFaces_space-fsLR_dir-ffx/z_score_maps/*.dscalar.nii
      Found 3 z-maps
    Processing task 'PreferenceFood':
      Task dir: /ptmp/hmueller2/2025_ibc_latent/outputs/glm/contrast_maps_fsLR/sub-15/res_task-PreferenceFood_space-fsLR_dir-ffx
      Z-map dir: /ptmp/hmueller2/2025_ibc_latent/outputs/glm/contrast_maps_fsLR/sub-15/res_task-PreferenceFood_space-fsLR_dir-ffx/z_score_maps
      Z-map dir exists: True
      Glob pattern for z-maps: /ptmp/hmueller2/2025_ibc_latent/outputs/glm/contrast_maps_fsLR/sub-15/res_task-PreferenceFood_space-fsLR_dir-ffx/z_score_maps/*.dscalar.nii
      Found 3 z-maps
    Processing task 'PreferenceHouses':
      Task dir: /ptmp/hmueller2/2025_ibc_latent/outputs/glm/contrast_maps_fsLR/sub-15/res_task-PreferenceHouses_space-fsLR_dir-ffx
      Z-map dir: /ptmp/hmueller2/2025_ibc_latent/outputs/glm/contrast_maps_fsLR/sub-15/res_task-PreferenceHouses_space-fsLR_dir-ffx/z_score_maps
      Z-map dir exists: True
      Glob pattern for z-maps: /ptmp/hmueller2/2025_ibc_latent/outputs/glm/contrast_maps_fsLR/sub-15/res_task-PreferenceHouses_space-fsLR_dir-ffx/z_score_maps/*.dscalar.nii
      Found 3 z-maps
    Processing task 'PreferencePaintings':
      Task dir: /ptmp/hmueller2/2025_ibc_latent/outputs/glm/contrast_maps_fsLR/sub-15/res_task-PreferencePaintings_space-fsLR_dir-ffx
      Z-map dir: /ptmp/hmueller2/2025_ibc_latent/outputs/glm/contrast_maps_fsLR/sub-15/res_task-PreferencePaintings_space-fsLR_dir-ffx/z_score_maps
      Z-map dir exists: True
      Glob pattern for z-maps: /ptmp/hmueller2/2025_ibc_latent/outputs/glm/contrast_maps_fsLR/sub-15/res_task-PreferencePaintings_space-fsLR_dir-ffx/z_score_maps/*.dscalar.nii
      Found 3 z-maps
    Processing task 'RSVPLanguage':
      Task dir: /ptmp/hmueller2/2025_ibc_latent/outputs/glm/contrast_maps_fsLR/sub-15/res_task-RSVPLanguage_space-fsLR_dir-ffx
      Z-map dir: /ptmp/hmueller2/2025_ibc_latent/outputs/glm/contrast_maps_fsLR/sub-15/res_task-RSVPLanguage_space-fsLR_dir-ffx/z_score_maps
      Z-map dir exists: True
      Glob pattern for z-maps: /ptmp/hmueller2/2025_ibc_latent/outputs/glm/contrast_maps_fsLR/sub-15/res_task-RSVPLanguage_space-fsLR_dir-ffx/z_score_maps/*.dscalar.nii
      Found 19 z-maps
    Processing task 'RewProc':
      Task dir: /ptmp/hmueller2/2025_ibc_latent/outputs/glm/contrast_maps_fsLR/sub-15/res_task-RewProc_space-fsLR_dir-ffx
      Z-map dir: /ptmp/hmueller2/2025_ibc_latent/outputs/glm/contrast_maps_fsLR/sub-15/res_task-RewProc_space-fsLR_dir-ffx/z_score_maps
      Z-map dir exists: True
      Glob pattern for z-maps: /ptmp/hmueller2/2025_ibc_latent/outputs/glm/contrast_maps_fsLR/sub-15/res_task-RewProc_space-fsLR_dir-ffx/z_score_maps/*.dscalar.nii
      Found 17 z-maps
    Processing task 'Scene':
      Task dir: /ptmp/hmueller2/2025_ibc_latent/outputs/glm/contrast_maps_fsLR/sub-15/res_task-Scene_space-fsLR_dir-ffx
      Z-map dir: /ptmp/hmueller2/2025_ibc_latent/outputs/glm/contrast_maps_fsLR/sub-15/res_task-Scene_space-fsLR_dir-ffx/z_score_maps
      Z-map dir exists: True
      Glob pattern for z-maps: /ptmp/hmueller2/2025_ibc_latent/outputs/glm/contrast_maps_fsLR/sub-15/res_task-Scene_space-fsLR_dir-ffx/z_score_maps/*.dscalar.nii
      Found 11 z-maps
    Processing task 'SelectiveStopSignal':
      Task dir: /ptmp/hmueller2/2025_ibc_latent/outputs/glm/contrast_maps_fsLR/sub-15/res_task-SelectiveStopSignal_space-fsLR_dir-ffx
      Z-map dir: /ptmp/hmueller2/2025_ibc_latent/outputs/glm/contrast_maps_fsLR/sub-15/res_task-SelectiveStopSignal_space-fsLR_dir-ffx/z_score_maps
      Z-map dir exists: True
      Glob pattern for z-maps: /ptmp/hmueller2/2025_ibc_latent/outputs/glm/contrast_maps_fsLR/sub-15/res_task-SelectiveStopSignal_space-fsLR_dir-ffx/z_score_maps/*.dscalar.nii
      Found 8 z-maps
    Processing task 'Self':
      Task dir: /ptmp/hmueller2/2025_ibc_latent/outputs/glm/contrast_maps_fsLR/sub-15/res_task-Self_space-fsLR_dir-ffx
      Z-map dir: /ptmp/hmueller2/2025_ibc_latent/outputs/glm/contrast_maps_fsLR/sub-15/res_task-Self_space-fsLR_dir-ffx/z_score_maps
      Z-map dir exists: True
      Glob pattern for z-maps: /ptmp/hmueller2/2025_ibc_latent/outputs/glm/contrast_maps_fsLR/sub-15/res_task-Self_space-fsLR_dir-ffx/z_score_maps/*.dscalar.nii
      Found 11 z-maps
    Processing task 'SpatialNavigation':
      Task dir: /ptmp/hmueller2/2025_ibc_latent/outputs/glm/contrast_maps_fsLR/sub-15/res_task-SpatialNavigation_space-fsLR_dir-ffx
      Z-map dir: /ptmp/hmueller2/2025_ibc_latent/outputs/glm/contrast_maps_fsLR/sub-15/res_task-SpatialNavigation_space-fsLR_dir-ffx/z_score_maps
      Z-map dir exists: True
      Glob pattern for z-maps: /ptmp/hmueller2/2025_ibc_latent/outputs/glm/contrast_maps_fsLR/sub-15/res_task-SpatialNavigation_space-fsLR_dir-ffx/z_score_maps/*.dscalar.nii
      Found 9 z-maps
    Processing task 'StopNogo':
      Task dir: /ptmp/hmueller2/2025_ibc_latent/outputs/glm/contrast_maps_fsLR/sub-15/res_task-StopNogo_space-fsLR_dir-ffx
      Z-map dir: /ptmp/hmueller2/2025_ibc_latent/outputs/glm/contrast_maps_fsLR/sub-15/res_task-StopNogo_space-fsLR_dir-ffx/z_score_maps
      Z-map dir exists: True
      Glob pattern for z-maps: /ptmp/hmueller2/2025_ibc_latent/outputs/glm/contrast_maps_fsLR/sub-15/res_task-StopNogo_space-fsLR_dir-ffx/z_score_maps/*.dscalar.nii
      Found 7 z-maps
    Processing task 'StopSignal':
      Task dir: /ptmp/hmueller2/2025_ibc_latent/outputs/glm/contrast_maps_fsLR/sub-15/res_task-StopSignal_space-fsLR_dir-ffx
      Z-map dir: /ptmp/hmueller2/2025_ibc_latent/outputs/glm/contrast_maps_fsLR/sub-15/res_task-StopSignal_space-fsLR_dir-ffx/z_score_maps
      Z-map dir exists: True
      Glob pattern for z-maps: /ptmp/hmueller2/2025_ibc_latent/outputs/glm/contrast_maps_fsLR/sub-15/res_task-StopSignal_space-fsLR_dir-ffx/z_score_maps/*.dscalar.nii
      Found 3 z-maps
    Processing task 'Stroop':
      Task dir: /ptmp/hmueller2/2025_ibc_latent/outputs/glm/contrast_maps_fsLR/sub-15/res_task-Stroop_space-fsLR_dir-ffx
      Z-map dir: /ptmp/hmueller2/2025_ibc_latent/outputs/glm/contrast_maps_fsLR/sub-15/res_task-Stroop_space-fsLR_dir-ffx/z_score_maps
      Z-map dir exists: True
      Glob pattern for z-maps: /ptmp/hmueller2/2025_ibc_latent/outputs/glm/contrast_maps_fsLR/sub-15/res_task-Stroop_space-fsLR_dir-ffx/z_score_maps/*.dscalar.nii
      Found 3 z-maps
    Processing task 'TheoryOfMind':
      Task dir: /ptmp/hmueller2/2025_ibc_latent/outputs/glm/contrast_maps_fsLR/sub-15/res_task-TheoryOfMind_space-fsLR_dir-ffx
      Z-map dir: /ptmp/hmueller2/2025_ibc_latent/outputs/glm/contrast_maps_fsLR/sub-15/res_task-TheoryOfMind_space-fsLR_dir-ffx/z_score_maps
      Z-map dir exists: True
      Glob pattern for z-maps: /ptmp/hmueller2/2025_ibc_latent/outputs/glm/contrast_maps_fsLR/sub-15/res_task-TheoryOfMind_space-fsLR_dir-ffx/z_score_maps/*.dscalar.nii
      Found 3 z-maps
    Processing task 'TwoByTwo':
      Task dir: /ptmp/hmueller2/2025_ibc_latent/outputs/glm/contrast_maps_fsLR/sub-15/res_task-TwoByTwo_space-fsLR_dir-ffx
      Z-map dir: /ptmp/hmueller2/2025_ibc_latent/outputs/glm/contrast_maps_fsLR/sub-15/res_task-TwoByTwo_space-fsLR_dir-ffx/z_score_maps
      Z-map dir exists: True
      Glob pattern for z-maps: /ptmp/hmueller2/2025_ibc_latent/outputs/glm/contrast_maps_fsLR/sub-15/res_task-TwoByTwo_space-fsLR_dir-ffx/z_score_maps/*.dscalar.nii
      Found 10 z-maps
    Processing task 'VSTMC':
      Task dir: /ptmp/hmueller2/2025_ibc_latent/outputs/glm/contrast_maps_fsLR/sub-15/res_task-VSTMC_space-fsLR_dir-ffx
      Z-map dir: /ptmp/hmueller2/2025_ibc_latent/outputs/glm/contrast_maps_fsLR/sub-15/res_task-VSTMC_space-fsLR_dir-ffx/z_score_maps
      Z-map dir exists: True
      Glob pattern for z-maps: /ptmp/hmueller2/2025_ibc_latent/outputs/glm/contrast_maps_fsLR/sub-15/res_task-VSTMC_space-fsLR_dir-ffx/z_score_maps/*.dscalar.nii
      Found 10 z-maps
    Processing task 'VSTM':
      Task dir: /ptmp/hmueller2/2025_ibc_latent/outputs/glm/contrast_maps_fsLR/sub-15/res_task-VSTM_space-fsLR_dir-ffx
      Z-map dir: /ptmp/hmueller2/2025_ibc_latent/outputs/glm/contrast_maps_fsLR/sub-15/res_task-VSTM_space-fsLR_dir-ffx/z_score_maps
      Z-map dir exists: True
      Glob pattern for z-maps: /ptmp/hmueller2/2025_ibc_latent/outputs/glm/contrast_maps_fsLR/sub-15/res_task-VSTM_space-fsLR_dir-ffx/z_score_maps/*.dscalar.nii
      Found 3 z-maps
    Processing task 'Visu':
      Task dir: /ptmp/hmueller2/2025_ibc_latent/outputs/glm/contrast_maps_fsLR/sub-15/res_task-Visu_space-fsLR_dir-ffx
      Z-map dir: /ptmp/hmueller2/2025_ibc_latent/outputs/glm/contrast_maps_fsLR/sub-15/res_task-Visu_space-fsLR_dir-ffx/z_score_maps
      Z-map dir exists: True
      Glob pattern for z-maps: /ptmp/hmueller2/2025_ibc_latent/outputs/glm/contrast_maps_fsLR/sub-15/res_task-Visu_space-fsLR_dir-ffx/z_score_maps/*.dscalar.nii
      Found 16 z-maps
    Processing task 'VisualSearch':
      Task dir: /ptmp/hmueller2/2025_ibc_latent/outputs/glm/contrast_maps_fsLR/sub-15/res_task-VisualSearch_space-fsLR_dir-ffx
      Z-map dir: /ptmp/hmueller2/2025_ibc_latent/outputs/glm/contrast_maps_fsLR/sub-15/res_task-VisualSearch_space-fsLR_dir-ffx/z_score_maps
      Z-map dir exists: True
      Glob pattern for z-maps: /ptmp/hmueller2/2025_ibc_latent/outputs/glm/contrast_maps_fsLR/sub-15/res_task-VisualSearch_space-fsLR_dir-ffx/z_score_maps/*.dscalar.nii
      Found 22 z-maps
    Processing task 'WardAndAllport':
      Task dir: /ptmp/hmueller2/2025_ibc_latent/outputs/glm/contrast_maps_fsLR/sub-15/res_task-WardAndAllport_space-fsLR_dir-ffx
      Z-map dir: /ptmp/hmueller2/2025_ibc_latent/outputs/glm/contrast_maps_fsLR/sub-15/res_task-WardAndAllport_space-fsLR_dir-ffx/z_score_maps
      Z-map dir exists: True
      Glob pattern for z-maps: /ptmp/hmueller2/2025_ibc_latent/outputs/glm/contrast_maps_fsLR/sub-15/res_task-WardAndAllport_space-fsLR_dir-ffx/z_score_maps/*.dscalar.nii
      Found 10 z-maps
    Processing task 'WedgeAnti':
      Task dir: /ptmp/hmueller2/2025_ibc_latent/outputs/glm/contrast_maps_fsLR/sub-15/res_task-WedgeAnti_space-fsLR_dir-ffx
      Z-map dir: /ptmp/hmueller2/2025_ibc_latent/outputs/glm/contrast_maps_fsLR/sub-15/res_task-WedgeAnti_space-fsLR_dir-ffx/z_score_maps
      Z-map dir exists: True
      Glob pattern for z-maps: /ptmp/hmueller2/2025_ibc_latent/outputs/glm/contrast_maps_fsLR/sub-15/res_task-WedgeAnti_space-fsLR_dir-ffx/z_score_maps/*.dscalar.nii
      Found 8 z-maps
    Processing task 'WedgeClock':
      Task dir: /ptmp/hmueller2/2025_ibc_latent/outputs/glm/contrast_maps_fsLR/sub-15/res_task-WedgeClock_space-fsLR_dir-ffx
      Z-map dir: /ptmp/hmueller2/2025_ibc_latent/outputs/glm/contrast_maps_fsLR/sub-15/res_task-WedgeClock_space-fsLR_dir-ffx/z_score_maps
      Z-map dir exists: True
      Glob pattern for z-maps: /ptmp/hmueller2/2025_ibc_latent/outputs/glm/contrast_maps_fsLR/sub-15/res_task-WedgeClock_space-fsLR_dir-ffx/z_score_maps/*.dscalar.nii
      Found 8 z-maps
  ! Workbench smoothing failed for HcpWm/2back-0back, using unsmoothed map: Missing required file(s) for Workbench smoothing: ['/home/hmueller2/workbench/bin_linux64/wb_command']
  ✓ Loaded: HcpWm/2back-0back
  ! Workbench smoothing failed for ItemRecognition/encode5-encode1, using unsmoothed map: Missing required file(s) for Workbench smoothing: ['/home/hmueller2/workbench/bin_linux64/wb_command']
  ✓ Loaded: ItemRecognition/encode5-encode1
  - Not available: MDTB/2back_hard-easy
  - Not available: MDTB/search_hard-easy
  - Not available: MDTB/semantic_hard-easy
  - Not available: MDTB/finger_complex-simple
  - Not available: GoodBadUgly/dot_hard-easy
  ! Workbench smoothing failed for Stroop/incongruent-congruent, using unsmoothed map: Missing required file(s) for Workbench smoothing: ['/home/hmueller2/workbench/bin_linux64/wb_command']
  ✓ Loaded: Stroop/incongruent-congruent
  ! Workbench smoothing failed for Catell/hard-easy, using unsmoothed map: Missing required file(s) for Workbench smoothing: ['/home/hmueller2/workbench/bin_linux64/wb_command']
  ✓ Loaded: Catell/hard-easy

Applied Workbench CIFTI smoothing to input contrasts (FWHM=4.0mm)

Combined 4 MD contrasts
Mean z-score: 0.000 ± 0.528
Max z-score: 2.379

Threshold: z > 2.3
Suprathreshold vertices: 1 (0.0%)

✓ Saved mean MD map: /ptmp/hmueller2/2025_ibc_latent/outputs/md_system/vertex_wise/sub-15/sub-15_MD_mean.dscalar.nii
✓ Saved thresholded MD map: /ptmp/hmueller2/2025_ibc_latent/outputs/md_system/vertex_wise/sub-15/sub-15_MD_mean_thresh_2.3.dscalar.nii
✓ Saved std MD map: /ptmp/hmueller2/2025_ibc_latent/outputs/md_system/vertex_wise/sub-15/sub-15_MD_std.dscalar.nii
✓ Saved contrast info: /ptmp/hmueller2/2025_ibc_latent/outputs/md_system/vertex_wise/sub-15/sub-15_MD_contrasts.txt

============================================================
Computing Group-Level MD Map
============================================================

============================================================
Processing subject 04
============================================================
  Looking for contrasts in: /ptmp/hmueller2/2025_ibc_latent/outputs/glm/contrast_maps_fsLR/sub-04
  Subject directory contents (92 items): ['.DS_Store', '._.DS_Store', 'res_task-ArchiEmotional_space-fsLR_dir-ffx', 'res_task-ArchiSocial_space-fsLR_dir-ffx', 'res_task-ArchiSpatial_space-fsLR_dir-ffx', 'res_task-ArchiStandard_space-fsLR_dir-ffx', 'res_task-Attention_space-fsLR_dir-ffx', 'res_task-Audi_space-fsLR_dir-ffx', 'res_task-BiologicalMotion1_space-fsLR_dir-ffx', 'res_task-BiologicalMotion2_space-fsLR_dir-ffx', 'res_task-BreathHolding_space-fsLR_dir-ffx', 'res_task-Catell_space-fsLR_dir-ffx', 'res_task-Checkerboard_space-fsLR_dir-ffx', 'res_task-Color_space-fsLR_dir-ffx', 'res_task-ColumbiaCards_space-fsLR_dir-ffx', 'res_task-Discount_space-fsLR_dir-ffx', 'res_task-DotPatterns_space-fsLR_dir-ffx', 'res_task-EmoMem_space-fsLR_dir-ffx', 'res_task-EmoReco_space-fsLR_dir-ffx', 'res_task-EmotionalPain_space-fsLR_dir-ffx', 'res_task-Enumeration_space-fsLR_dir-ffx', 'res_task-FaceBody_space-fsLR_dir-ffx', 'res_task-FingerTap_space-fsLR_dir-ffx', 'res_task-HcpEmotion_space-fsLR_dir-ffx', 'res_task-HcpGambling_space-fsLR_dir-ffx', 'res_task-HcpLanguage_space-fsLR_dir-ffx', 'res_task-HcpMotor_space-fsLR_dir-ffx', 'res_task-HcpRelational_space-fsLR_dir-ffx', 'res_task-HcpSocial_space-fsLR_dir-ffx', 'res_task-HcpWm_space-fsLR_dir-ffx', 'res_task-ItemRecognition_space-fsLR_dir-ffx', 'res_task-Lec1_space-fsLR_dir-ffx', 'res_task-Lec2_space-fsLR_dir-ffx', 'res_task-MCSE_space-fsLR_dir-ffx', 'res_task-MTTNS_space-fsLR_dir-ffx', 'res_task-MTTWE_space-fsLR_dir-ffx', 'res_task-MVEB_space-fsLR_dir-ffx', 'res_task-MVIS_space-fsLR_dir-ffx', 'res_task-MathLanguage_space-fsLR_dir-ffx', 'res_task-Motion_space-fsLR_dir-ffx', 'res_task-Moto_space-fsLR_dir-ffx', 'res_task-NARPS_space-fsLR_dir-ffx', 'res_task-PainMovie_space-fsLR_dir-ffx', 'res_task-PreferenceFaces_space-fsLR_dir-ffx', 'res_task-PreferenceFood_space-fsLR_dir-ffx', 'res_task-PreferenceHouses_space-fsLR_dir-ffx', 'res_task-PreferencePaintings_space-fsLR_dir-ffx', 'res_task-RSVPLanguage_space-fsLR_dir-ffx', 'res_task-RewProc_space-fsLR_dir-ffx', 'res_task-Scene_space-fsLR_dir-ffx', 'res_task-SelectiveStopSignal_space-fsLR_dir-ffx', 'res_task-Self_space-fsLR_dir-ffx', 'res_task-SpatialNavigation_space-fsLR_dir-ffx', 'res_task-StopNogo_space-fsLR_dir-ffx', 'res_task-StopSignal_space-fsLR_dir-ffx', 'res_task-Stroop_space-fsLR_dir-ffx', 'res_task-TheoryOfMind_space-fsLR_dir-ffx', 'res_task-TwoByTwo_space-fsLR_dir-ffx', 'res_task-VSTMC_space-fsLR_dir-ffx', 'res_task-VSTM_space-fsLR_dir-ffx', 'res_task-Visu_space-fsLR_dir-ffx', 'res_task-VisualSearch_space-fsLR_dir-ffx', 'res_task-WardAndAllport_space-fsLR_dir-ffx', 'res_task-WedgeAnti_space-fsLR_dir-ffx', 'res_task-WedgeClock_space-fsLR_dir-ffx', 'ses-00', 'ses-01', 'ses-02', 'ses-03', 'ses-04', 'ses-09', 'ses-11', 'ses-12', 'ses-15', 'ses-16', 'ses-17', 'ses-18', 'ses-19', 'ses-21', 'ses-24', 'ses-25', 'ses-26', 'ses-29', 'ses-30', 'ses-31', 'ses-35', 'ses-36', 'ses-37', 'ses-38', 'ses-39', 'ses-40', 'ses-42']
  Glob pattern: /ptmp/hmueller2/2025_ibc_latent/outputs/glm/contrast_maps_fsLR/sub-04/res_task-*_space-fsLR_dir-ffx
  Found 63 task directories: ['/ptmp/hmueller2/2025_ibc_latent/outputs/glm/contrast_maps_fsLR/sub-04/res_task-ArchiEmotional_space-fsLR_dir-ffx', '/ptmp/hmueller2/2025_ibc_latent/outputs/glm/contrast_maps_fsLR/sub-04/res_task-ArchiSocial_space-fsLR_dir-ffx', '/ptmp/hmueller2/2025_ibc_latent/outputs/glm/contrast_maps_fsLR/sub-04/res_task-ArchiSpatial_space-fsLR_dir-ffx', '/ptmp/hmueller2/2025_ibc_latent/outputs/glm/contrast_maps_fsLR/sub-04/res_task-ArchiStandard_space-fsLR_dir-ffx', '/ptmp/hmueller2/2025_ibc_latent/outputs/glm/contrast_maps_fsLR/sub-04/res_task-Attention_space-fsLR_dir-ffx', '/ptmp/hmueller2/2025_ibc_latent/outputs/glm/contrast_maps_fsLR/sub-04/res_task-Audi_space-fsLR_dir-ffx', '/ptmp/hmueller2/2025_ibc_latent/outputs/glm/contrast_maps_fsLR/sub-04/res_task-BiologicalMotion1_space-fsLR_dir-ffx', '/ptmp/hmueller2/2025_ibc_latent/outputs/glm/contrast_maps_fsLR/sub-04/res_task-BiologicalMotion2_space-fsLR_dir-ffx', '/ptmp/hmueller2/2025_ibc_latent/outputs/glm/contrast_maps_fsLR/sub-04/res_task-BreathHolding_space-fsLR_dir-ffx', '/ptmp/hmueller2/2025_ibc_latent/outputs/glm/contrast_maps_fsLR/sub-04/res_task-Catell_space-fsLR_dir-ffx', '/ptmp/hmueller2/2025_ibc_latent/outputs/glm/contrast_maps_fsLR/sub-04/res_task-Checkerboard_space-fsLR_dir-ffx', '/ptmp/hmueller2/2025_ibc_latent/outputs/glm/contrast_maps_fsLR/sub-04/res_task-Color_space-fsLR_dir-ffx', '/ptmp/hmueller2/2025_ibc_latent/outputs/glm/contrast_maps_fsLR/sub-04/res_task-ColumbiaCards_space-fsLR_dir-ffx', '/ptmp/hmueller2/2025_ibc_latent/outputs/glm/contrast_maps_fsLR/sub-04/res_task-Discount_space-fsLR_dir-ffx', '/ptmp/hmueller2/2025_ibc_latent/outputs/glm/contrast_maps_fsLR/sub-04/res_task-DotPatterns_space-fsLR_dir-ffx', '/ptmp/hmueller2/2025_ibc_latent/outputs/glm/contrast_maps_fsLR/sub-04/res_task-EmoMem_space-fsLR_dir-ffx', '/ptmp/hmueller2/2025_ibc_latent/outputs/glm/contrast_maps_fsLR/sub-04/res_task-EmoReco_space-fsLR_dir-ffx', '/ptmp/hmueller2/2025_ibc_latent/outputs/glm/contrast_maps_fsLR/sub-04/res_task-EmotionalPain_space-fsLR_dir-ffx', '/ptmp/hmueller2/2025_ibc_latent/outputs/glm/contrast_maps_fsLR/sub-04/res_task-Enumeration_space-fsLR_dir-ffx', '/ptmp/hmueller2/2025_ibc_latent/outputs/glm/contrast_maps_fsLR/sub-04/res_task-FaceBody_space-fsLR_dir-ffx', '/ptmp/hmueller2/2025_ibc_latent/outputs/glm/contrast_maps_fsLR/sub-04/res_task-FingerTap_space-fsLR_dir-ffx', '/ptmp/hmueller2/2025_ibc_latent/outputs/glm/contrast_maps_fsLR/sub-04/res_task-HcpEmotion_space-fsLR_dir-ffx', '/ptmp/hmueller2/2025_ibc_latent/outputs/glm/contrast_maps_fsLR/sub-04/res_task-HcpGambling_space-fsLR_dir-ffx', '/ptmp/hmueller2/2025_ibc_latent/outputs/glm/contrast_maps_fsLR/sub-04/res_task-HcpLanguage_space-fsLR_dir-ffx', '/ptmp/hmueller2/2025_ibc_latent/outputs/glm/contrast_maps_fsLR/sub-04/res_task-HcpMotor_space-fsLR_dir-ffx', '/ptmp/hmueller2/2025_ibc_latent/outputs/glm/contrast_maps_fsLR/sub-04/res_task-HcpRelational_space-fsLR_dir-ffx', '/ptmp/hmueller2/2025_ibc_latent/outputs/glm/contrast_maps_fsLR/sub-04/res_task-HcpSocial_space-fsLR_dir-ffx', '/ptmp/hmueller2/2025_ibc_latent/outputs/glm/contrast_maps_fsLR/sub-04/res_task-HcpWm_space-fsLR_dir-ffx', '/ptmp/hmueller2/2025_ibc_latent/outputs/glm/contrast_maps_fsLR/sub-04/res_task-ItemRecognition_space-fsLR_dir-ffx', '/ptmp/hmueller2/2025_ibc_latent/outputs/glm/contrast_maps_fsLR/sub-04/res_task-Lec1_space-fsLR_dir-ffx', '/ptmp/hmueller2/2025_ibc_latent/outputs/glm/contrast_maps_fsLR/sub-04/res_task-Lec2_space-fsLR_dir-ffx', '/ptmp/hmueller2/2025_ibc_latent/outputs/glm/contrast_maps_fsLR/sub-04/res_task-MCSE_space-fsLR_dir-ffx', '/ptmp/hmueller2/2025_ibc_latent/outputs/glm/contrast_maps_fsLR/sub-04/res_task-MTTNS_space-fsLR_dir-ffx', '/ptmp/hmueller2/2025_ibc_latent/outputs/glm/contrast_maps_fsLR/sub-04/res_task-MTTWE_space-fsLR_dir-ffx', '/ptmp/hmueller2/2025_ibc_latent/outputs/glm/contrast_maps_fsLR/sub-04/res_task-MVEB_space-fsLR_dir-ffx', '/ptmp/hmueller2/2025_ibc_latent/outputs/glm/contrast_maps_fsLR/sub-04/res_task-MVIS_space-fsLR_dir-ffx', '/ptmp/hmueller2/2025_ibc_latent/outputs/glm/contrast_maps_fsLR/sub-04/res_task-MathLanguage_space-fsLR_dir-ffx', '/ptmp/hmueller2/2025_ibc_latent/outputs/glm/contrast_maps_fsLR/sub-04/res_task-Motion_space-fsLR_dir-ffx', '/ptmp/hmueller2/2025_ibc_latent/outputs/glm/contrast_maps_fsLR/sub-04/res_task-Moto_space-fsLR_dir-ffx', '/ptmp/hmueller2/2025_ibc_latent/outputs/glm/contrast_maps_fsLR/sub-04/res_task-NARPS_space-fsLR_dir-ffx', '/ptmp/hmueller2/2025_ibc_latent/outputs/glm/contrast_maps_fsLR/sub-04/res_task-PainMovie_space-fsLR_dir-ffx', '/ptmp/hmueller2/2025_ibc_latent/outputs/glm/contrast_maps_fsLR/sub-04/res_task-PreferenceFaces_space-fsLR_dir-ffx', '/ptmp/hmueller2/2025_ibc_latent/outputs/glm/contrast_maps_fsLR/sub-04/res_task-PreferenceFood_space-fsLR_dir-ffx', '/ptmp/hmueller2/2025_ibc_latent/outputs/glm/contrast_maps_fsLR/sub-04/res_task-PreferenceHouses_space-fsLR_dir-ffx', '/ptmp/hmueller2/2025_ibc_latent/outputs/glm/contrast_maps_fsLR/sub-04/res_task-PreferencePaintings_space-fsLR_dir-ffx', '/ptmp/hmueller2/2025_ibc_latent/outputs/glm/contrast_maps_fsLR/sub-04/res_task-RSVPLanguage_space-fsLR_dir-ffx', '/ptmp/hmueller2/2025_ibc_latent/outputs/glm/contrast_maps_fsLR/sub-04/res_task-RewProc_space-fsLR_dir-ffx', '/ptmp/hmueller2/2025_ibc_latent/outputs/glm/contrast_maps_fsLR/sub-04/res_task-Scene_space-fsLR_dir-ffx', '/ptmp/hmueller2/2025_ibc_latent/outputs/glm/contrast_maps_fsLR/sub-04/res_task-SelectiveStopSignal_space-fsLR_dir-ffx', '/ptmp/hmueller2/2025_ibc_latent/outputs/glm/contrast_maps_fsLR/sub-04/res_task-Self_space-fsLR_dir-ffx', '/ptmp/hmueller2/2025_ibc_latent/outputs/glm/contrast_maps_fsLR/sub-04/res_task-SpatialNavigation_space-fsLR_dir-ffx', '/ptmp/hmueller2/2025_ibc_latent/outputs/glm/contrast_maps_fsLR/sub-04/res_task-StopNogo_space-fsLR_dir-ffx', '/ptmp/hmueller2/2025_ibc_latent/outputs/glm/contrast_maps_fsLR/sub-04/res_task-StopSignal_space-fsLR_dir-ffx', '/ptmp/hmueller2/2025_ibc_latent/outputs/glm/contrast_maps_fsLR/sub-04/res_task-Stroop_space-fsLR_dir-ffx', '/ptmp/hmueller2/2025_ibc_latent/outputs/glm/contrast_maps_fsLR/sub-04/res_task-TheoryOfMind_space-fsLR_dir-ffx', '/ptmp/hmueller2/2025_ibc_latent/outputs/glm/contrast_maps_fsLR/sub-04/res_task-TwoByTwo_space-fsLR_dir-ffx', '/ptmp/hmueller2/2025_ibc_latent/outputs/glm/contrast_maps_fsLR/sub-04/res_task-VSTMC_space-fsLR_dir-ffx', '/ptmp/hmueller2/2025_ibc_latent/outputs/glm/contrast_maps_fsLR/sub-04/res_task-VSTM_space-fsLR_dir-ffx', '/ptmp/hmueller2/2025_ibc_latent/outputs/glm/contrast_maps_fsLR/sub-04/res_task-Visu_space-fsLR_dir-ffx', '/ptmp/hmueller2/2025_ibc_latent/outputs/glm/contrast_maps_fsLR/sub-04/res_task-VisualSearch_space-fsLR_dir-ffx', '/ptmp/hmueller2/2025_ibc_latent/outputs/glm/contrast_maps_fsLR/sub-04/res_task-WardAndAllport_space-fsLR_dir-ffx', '/ptmp/hmueller2/2025_ibc_latent/outputs/glm/contrast_maps_fsLR/sub-04/res_task-WedgeAnti_space-fsLR_dir-ffx', '/ptmp/hmueller2/2025_ibc_latent/outputs/glm/contrast_maps_fsLR/sub-04/res_task-WedgeClock_space-fsLR_dir-ffx']
    Processing task 'ArchiEmotional':
      Task dir: /ptmp/hmueller2/2025_ibc_latent/outputs/glm/contrast_maps_fsLR/sub-04/res_task-ArchiEmotional_space-fsLR_dir-ffx
      Z-map dir: /ptmp/hmueller2/2025_ibc_latent/outputs/glm/contrast_maps_fsLR/sub-04/res_task-ArchiEmotional_space-fsLR_dir-ffx/z_score_maps
      Z-map dir exists: True
      Glob pattern for z-maps: /ptmp/hmueller2/2025_ibc_latent/outputs/glm/contrast_maps_fsLR/sub-04/res_task-ArchiEmotional_space-fsLR_dir-ffx/z_score_maps/*.dscalar.nii
      Found 14 z-maps
    Processing task 'ArchiSocial':
      Task dir: /ptmp/hmueller2/2025_ibc_latent/outputs/glm/contrast_maps_fsLR/sub-04/res_task-ArchiSocial_space-fsLR_dir-ffx
      Z-map dir: /ptmp/hmueller2/2025_ibc_latent/outputs/glm/contrast_maps_fsLR/sub-04/res_task-ArchiSocial_space-fsLR_dir-ffx/z_score_maps
      Z-map dir exists: True
      Glob pattern for z-maps: /ptmp/hmueller2/2025_ibc_latent/outputs/glm/contrast_maps_fsLR/sub-04/res_task-ArchiSocial_space-fsLR_dir-ffx/z_score_maps/*.dscalar.nii
      Found 13 z-maps
    Processing task 'ArchiSpatial':
      Task dir: /ptmp/hmueller2/2025_ibc_latent/outputs/glm/contrast_maps_fsLR/sub-04/res_task-ArchiSpatial_space-fsLR_dir-ffx
      Z-map dir: /ptmp/hmueller2/2025_ibc_latent/outputs/glm/contrast_maps_fsLR/sub-04/res_task-ArchiSpatial_space-fsLR_dir-ffx/z_score_maps
      Z-map dir exists: True
      Glob pattern for z-maps: /ptmp/hmueller2/2025_ibc_latent/outputs/glm/contrast_maps_fsLR/sub-04/res_task-ArchiSpatial_space-fsLR_dir-ffx/z_score_maps/*.dscalar.nii
      Found 7 z-maps
    Processing task 'ArchiStandard':
      Task dir: /ptmp/hmueller2/2025_ibc_latent/outputs/glm/contrast_maps_fsLR/sub-04/res_task-ArchiStandard_space-fsLR_dir-ffx
      Z-map dir: /ptmp/hmueller2/2025_ibc_latent/outputs/glm/contrast_maps_fsLR/sub-04/res_task-ArchiStandard_space-fsLR_dir-ffx/z_score_maps
      Z-map dir exists: True
      Glob pattern for z-maps: /ptmp/hmueller2/2025_ibc_latent/outputs/glm/contrast_maps_fsLR/sub-04/res_task-ArchiStandard_space-fsLR_dir-ffx/z_score_maps/*.dscalar.nii
      Found 23 z-maps
    Processing task 'Attention':
      Task dir: /ptmp/hmueller2/2025_ibc_latent/outputs/glm/contrast_maps_fsLR/sub-04/res_task-Attention_space-fsLR_dir-ffx
      Z-map dir: /ptmp/hmueller2/2025_ibc_latent/outputs/glm/contrast_maps_fsLR/sub-04/res_task-Attention_space-fsLR_dir-ffx/z_score_maps
      Z-map dir exists: True
      Glob pattern for z-maps: /ptmp/hmueller2/2025_ibc_latent/outputs/glm/contrast_maps_fsLR/sub-04/res_task-Attention_space-fsLR_dir-ffx/z_score_maps/*.dscalar.nii
      Found 10 z-maps
    Processing task 'Audi':
      Task dir: /ptmp/hmueller2/2025_ibc_latent/outputs/glm/contrast_maps_fsLR/sub-04/res_task-Audi_space-fsLR_dir-ffx
      Z-map dir: /ptmp/hmueller2/2025_ibc_latent/outputs/glm/contrast_maps_fsLR/sub-04/res_task-Audi_space-fsLR_dir-ffx/z_score_maps
      Z-map dir exists: True
      Glob pattern for z-maps: /ptmp/hmueller2/2025_ibc_latent/outputs/glm/contrast_maps_fsLR/sub-04/res_task-Audi_space-fsLR_dir-ffx/z_score_maps/*.dscalar.nii
      Found 25 z-maps
    Processing task 'BiologicalMotion1':
      Task dir: /ptmp/hmueller2/2025_ibc_latent/outputs/glm/contrast_maps_fsLR/sub-04/res_task-BiologicalMotion1_space-fsLR_dir-ffx
      Z-map dir: /ptmp/hmueller2/2025_ibc_latent/outputs/glm/contrast_maps_fsLR/sub-04/res_task-BiologicalMotion1_space-fsLR_dir-ffx/z_score_maps
      Z-map dir exists: True
      Glob pattern for z-maps: /ptmp/hmueller2/2025_ibc_latent/outputs/glm/contrast_maps_fsLR/sub-04/res_task-BiologicalMotion1_space-fsLR_dir-ffx/z_score_maps/*.dscalar.nii
      Found 10 z-maps
    Processing task 'BiologicalMotion2':
      Task dir: /ptmp/hmueller2/2025_ibc_latent/outputs/glm/contrast_maps_fsLR/sub-04/res_task-BiologicalMotion2_space-fsLR_dir-ffx
      Z-map dir: /ptmp/hmueller2/2025_ibc_latent/outputs/glm/contrast_maps_fsLR/sub-04/res_task-BiologicalMotion2_space-fsLR_dir-ffx/z_score_maps
      Z-map dir exists: True
      Glob pattern for z-maps: /ptmp/hmueller2/2025_ibc_latent/outputs/glm/contrast_maps_fsLR/sub-04/res_task-BiologicalMotion2_space-fsLR_dir-ffx/z_score_maps/*.dscalar.nii
      Found 10 z-maps
    Processing task 'BreathHolding':
      Task dir: /ptmp/hmueller2/2025_ibc_latent/outputs/glm/contrast_maps_fsLR/sub-04/res_task-BreathHolding_space-fsLR_dir-ffx
      Z-map dir: /ptmp/hmueller2/2025_ibc_latent/outputs/glm/contrast_maps_fsLR/sub-04/res_task-BreathHolding_space-fsLR_dir-ffx/z_score_maps
      Z-map dir exists: True
      Glob pattern for z-maps: /ptmp/hmueller2/2025_ibc_latent/outputs/glm/contrast_maps_fsLR/sub-04/res_task-BreathHolding_space-fsLR_dir-ffx/z_score_maps/*.dscalar.nii
      Found 4 z-maps
    Processing task 'Catell':
      Task dir: /ptmp/hmueller2/2025_ibc_latent/outputs/glm/contrast_maps_fsLR/sub-04/res_task-Catell_space-fsLR_dir-ffx
      Z-map dir: /ptmp/hmueller2/2025_ibc_latent/outputs/glm/contrast_maps_fsLR/sub-04/res_task-Catell_space-fsLR_dir-ffx/z_score_maps
      Z-map dir exists: True
      Glob pattern for z-maps: /ptmp/hmueller2/2025_ibc_latent/outputs/glm/contrast_maps_fsLR/sub-04/res_task-Catell_space-fsLR_dir-ffx/z_score_maps/*.dscalar.nii
      Found 3 z-maps
    Processing task 'Checkerboard':
      Task dir: /ptmp/hmueller2/2025_ibc_latent/outputs/glm/contrast_maps_fsLR/sub-04/res_task-Checkerboard_space-fsLR_dir-ffx
      Z-map dir: /ptmp/hmueller2/2025_ibc_latent/outputs/glm/contrast_maps_fsLR/sub-04/res_task-Checkerboard_space-fsLR_dir-ffx/z_score_maps
      Z-map dir exists: True
      Glob pattern for z-maps: /ptmp/hmueller2/2025_ibc_latent/outputs/glm/contrast_maps_fsLR/sub-04/res_task-Checkerboard_space-fsLR_dir-ffx/z_score_maps/*.dscalar.nii
      Found 3 z-maps
    Processing task 'Color':
      Task dir: /ptmp/hmueller2/2025_ibc_latent/outputs/glm/contrast_maps_fsLR/sub-04/res_task-Color_space-fsLR_dir-ffx
      Z-map dir: /ptmp/hmueller2/2025_ibc_latent/outputs/glm/contrast_maps_fsLR/sub-04/res_task-Color_space-fsLR_dir-ffx/z_score_maps
      Z-map dir exists: True
      Glob pattern for z-maps: /ptmp/hmueller2/2025_ibc_latent/outputs/glm/contrast_maps_fsLR/sub-04/res_task-Color_space-fsLR_dir-ffx/z_score_maps/*.dscalar.nii
      Found 4 z-maps
    Processing task 'ColumbiaCards':
      Task dir: /ptmp/hmueller2/2025_ibc_latent/outputs/glm/contrast_maps_fsLR/sub-04/res_task-ColumbiaCards_space-fsLR_dir-ffx
      Z-map dir: /ptmp/hmueller2/2025_ibc_latent/outputs/glm/contrast_maps_fsLR/sub-04/res_task-ColumbiaCards_space-fsLR_dir-ffx/z_score_maps
      Z-map dir exists: True
      Glob pattern for z-maps: /ptmp/hmueller2/2025_ibc_latent/outputs/glm/contrast_maps_fsLR/sub-04/res_task-ColumbiaCards_space-fsLR_dir-ffx/z_score_maps/*.dscalar.nii
      Found 3 z-maps
    Processing task 'Discount':
      Task dir: /ptmp/hmueller2/2025_ibc_latent/outputs/glm/contrast_maps_fsLR/sub-04/res_task-Discount_space-fsLR_dir-ffx
      Z-map dir: /ptmp/hmueller2/2025_ibc_latent/outputs/glm/contrast_maps_fsLR/sub-04/res_task-Discount_space-fsLR_dir-ffx/z_score_maps
      Z-map dir exists: True
      Glob pattern for z-maps: /ptmp/hmueller2/2025_ibc_latent/outputs/glm/contrast_maps_fsLR/sub-04/res_task-Discount_space-fsLR_dir-ffx/z_score_maps/*.dscalar.nii
      Found 2 z-maps
    Processing task 'DotPatterns':
      Task dir: /ptmp/hmueller2/2025_ibc_latent/outputs/glm/contrast_maps_fsLR/sub-04/res_task-DotPatterns_space-fsLR_dir-ffx
      Z-map dir: /ptmp/hmueller2/2025_ibc_latent/outputs/glm/contrast_maps_fsLR/sub-04/res_task-DotPatterns_space-fsLR_dir-ffx/z_score_maps
      Z-map dir exists: True
      Glob pattern for z-maps: /ptmp/hmueller2/2025_ibc_latent/outputs/glm/contrast_maps_fsLR/sub-04/res_task-DotPatterns_space-fsLR_dir-ffx/z_score_maps/*.dscalar.nii
      Found 11 z-maps
    Processing task 'EmoMem':
      Task dir: /ptmp/hmueller2/2025_ibc_latent/outputs/glm/contrast_maps_fsLR/sub-04/res_task-EmoMem_space-fsLR_dir-ffx
      Z-map dir: /ptmp/hmueller2/2025_ibc_latent/outputs/glm/contrast_maps_fsLR/sub-04/res_task-EmoMem_space-fsLR_dir-ffx/z_score_maps
      Z-map dir exists: True
      Glob pattern for z-maps: /ptmp/hmueller2/2025_ibc_latent/outputs/glm/contrast_maps_fsLR/sub-04/res_task-EmoMem_space-fsLR_dir-ffx/z_score_maps/*.dscalar.nii
      Found 6 z-maps
    Processing task 'EmoReco':
      Task dir: /ptmp/hmueller2/2025_ibc_latent/outputs/glm/contrast_maps_fsLR/sub-04/res_task-EmoReco_space-fsLR_dir-ffx
      Z-map dir: /ptmp/hmueller2/2025_ibc_latent/outputs/glm/contrast_maps_fsLR/sub-04/res_task-EmoReco_space-fsLR_dir-ffx/z_score_maps
      Z-map dir exists: True
      Glob pattern for z-maps: /ptmp/hmueller2/2025_ibc_latent/outputs/glm/contrast_maps_fsLR/sub-04/res_task-EmoReco_space-fsLR_dir-ffx/z_score_maps/*.dscalar.nii
      Found 10 z-maps
    Processing task 'EmotionalPain':
      Task dir: /ptmp/hmueller2/2025_ibc_latent/outputs/glm/contrast_maps_fsLR/sub-04/res_task-EmotionalPain_space-fsLR_dir-ffx
      Z-map dir: /ptmp/hmueller2/2025_ibc_latent/outputs/glm/contrast_maps_fsLR/sub-04/res_task-EmotionalPain_space-fsLR_dir-ffx/z_score_maps
      Z-map dir exists: True
      Glob pattern for z-maps: /ptmp/hmueller2/2025_ibc_latent/outputs/glm/contrast_maps_fsLR/sub-04/res_task-EmotionalPain_space-fsLR_dir-ffx/z_score_maps/*.dscalar.nii
      Found 3 z-maps
    Processing task 'Enumeration':
      Task dir: /ptmp/hmueller2/2025_ibc_latent/outputs/glm/contrast_maps_fsLR/sub-04/res_task-Enumeration_space-fsLR_dir-ffx
      Z-map dir: /ptmp/hmueller2/2025_ibc_latent/outputs/glm/contrast_maps_fsLR/sub-04/res_task-Enumeration_space-fsLR_dir-ffx/z_score_maps
      Z-map dir exists: True
      Glob pattern for z-maps: /ptmp/hmueller2/2025_ibc_latent/outputs/glm/contrast_maps_fsLR/sub-04/res_task-Enumeration_space-fsLR_dir-ffx/z_score_maps/*.dscalar.nii
      Found 3 z-maps
    Processing task 'FaceBody':
      Task dir: /ptmp/hmueller2/2025_ibc_latent/outputs/glm/contrast_maps_fsLR/sub-04/res_task-FaceBody_space-fsLR_dir-ffx
      Z-map dir: /ptmp/hmueller2/2025_ibc_latent/outputs/glm/contrast_maps_fsLR/sub-04/res_task-FaceBody_space-fsLR_dir-ffx/z_score_maps
      Z-map dir exists: True
      Glob pattern for z-maps: /ptmp/hmueller2/2025_ibc_latent/outputs/glm/contrast_maps_fsLR/sub-04/res_task-FaceBody_space-fsLR_dir-ffx/z_score_maps/*.dscalar.nii
      Found 15 z-maps
    Processing task 'FingerTap':
      Task dir: /ptmp/hmueller2/2025_ibc_latent/outputs/glm/contrast_maps_fsLR/sub-04/res_task-FingerTap_space-fsLR_dir-ffx
      Z-map dir: /ptmp/hmueller2/2025_ibc_latent/outputs/glm/contrast_maps_fsLR/sub-04/res_task-FingerTap_space-fsLR_dir-ffx/z_score_maps
      Z-map dir exists: True
      Glob pattern for z-maps: /ptmp/hmueller2/2025_ibc_latent/outputs/glm/contrast_maps_fsLR/sub-04/res_task-FingerTap_space-fsLR_dir-ffx/z_score_maps/*.dscalar.nii
      Found 3 z-maps
    Processing task 'HcpEmotion':
      Task dir: /ptmp/hmueller2/2025_ibc_latent/outputs/glm/contrast_maps_fsLR/sub-04/res_task-HcpEmotion_space-fsLR_dir-ffx
      Z-map dir: /ptmp/hmueller2/2025_ibc_latent/outputs/glm/contrast_maps_fsLR/sub-04/res_task-HcpEmotion_space-fsLR_dir-ffx/z_score_maps
      Z-map dir exists: True
      Glob pattern for z-maps: /ptmp/hmueller2/2025_ibc_latent/outputs/glm/contrast_maps_fsLR/sub-04/res_task-HcpEmotion_space-fsLR_dir-ffx/z_score_maps/*.dscalar.nii
      Found 4 z-maps
    Processing task 'HcpGambling':
      Task dir: /ptmp/hmueller2/2025_ibc_latent/outputs/glm/contrast_maps_fsLR/sub-04/res_task-HcpGambling_space-fsLR_dir-ffx
      Z-map dir: /ptmp/hmueller2/2025_ibc_latent/outputs/glm/contrast_maps_fsLR/sub-04/res_task-HcpGambling_space-fsLR_dir-ffx/z_score_maps
      Z-map dir exists: True
      Glob pattern for z-maps: /ptmp/hmueller2/2025_ibc_latent/outputs/glm/contrast_maps_fsLR/sub-04/res_task-HcpGambling_space-fsLR_dir-ffx/z_score_maps/*.dscalar.nii
      Found 4 z-maps
    Processing task 'HcpLanguage':
      Task dir: /ptmp/hmueller2/2025_ibc_latent/outputs/glm/contrast_maps_fsLR/sub-04/res_task-HcpLanguage_space-fsLR_dir-ffx
      Z-map dir: /ptmp/hmueller2/2025_ibc_latent/outputs/glm/contrast_maps_fsLR/sub-04/res_task-HcpLanguage_space-fsLR_dir-ffx/z_score_maps
      Z-map dir exists: True
      Glob pattern for z-maps: /ptmp/hmueller2/2025_ibc_latent/outputs/glm/contrast_maps_fsLR/sub-04/res_task-HcpLanguage_space-fsLR_dir-ffx/z_score_maps/*.dscalar.nii
      Found 4 z-maps
    Processing task 'HcpMotor':
      Task dir: /ptmp/hmueller2/2025_ibc_latent/outputs/glm/contrast_maps_fsLR/sub-04/res_task-HcpMotor_space-fsLR_dir-ffx
      Z-map dir: /ptmp/hmueller2/2025_ibc_latent/outputs/glm/contrast_maps_fsLR/sub-04/res_task-HcpMotor_space-fsLR_dir-ffx/z_score_maps
      Z-map dir exists: True
      Glob pattern for z-maps: /ptmp/hmueller2/2025_ibc_latent/outputs/glm/contrast_maps_fsLR/sub-04/res_task-HcpMotor_space-fsLR_dir-ffx/z_score_maps/*.dscalar.nii
      Found 11 z-maps
    Processing task 'HcpRelational':
      Task dir: /ptmp/hmueller2/2025_ibc_latent/outputs/glm/contrast_maps_fsLR/sub-04/res_task-HcpRelational_space-fsLR_dir-ffx
      Z-map dir: /ptmp/hmueller2/2025_ibc_latent/outputs/glm/contrast_maps_fsLR/sub-04/res_task-HcpRelational_space-fsLR_dir-ffx/z_score_maps
      Z-map dir exists: True
      Glob pattern for z-maps: /ptmp/hmueller2/2025_ibc_latent/outputs/glm/contrast_maps_fsLR/sub-04/res_task-HcpRelational_space-fsLR_dir-ffx/z_score_maps/*.dscalar.nii
      Found 3 z-maps
    Processing task 'HcpSocial':
      Task dir: /ptmp/hmueller2/2025_ibc_latent/outputs/glm/contrast_maps_fsLR/sub-04/res_task-HcpSocial_space-fsLR_dir-ffx
      Z-map dir: /ptmp/hmueller2/2025_ibc_latent/outputs/glm/contrast_maps_fsLR/sub-04/res_task-HcpSocial_space-fsLR_dir-ffx/z_score_maps
      Z-map dir exists: True
      Glob pattern for z-maps: /ptmp/hmueller2/2025_ibc_latent/outputs/glm/contrast_maps_fsLR/sub-04/res_task-HcpSocial_space-fsLR_dir-ffx/z_score_maps/*.dscalar.nii
      Found 3 z-maps
    Processing task 'HcpWm':
      Task dir: /ptmp/hmueller2/2025_ibc_latent/outputs/glm/contrast_maps_fsLR/sub-04/res_task-HcpWm_space-fsLR_dir-ffx
      Z-map dir: /ptmp/hmueller2/2025_ibc_latent/outputs/glm/contrast_maps_fsLR/sub-04/res_task-HcpWm_space-fsLR_dir-ffx/z_score_maps
      Z-map dir exists: True
      Glob pattern for z-maps: /ptmp/hmueller2/2025_ibc_latent/outputs/glm/contrast_maps_fsLR/sub-04/res_task-HcpWm_space-fsLR_dir-ffx/z_score_maps/*.dscalar.nii
      Found 14 z-maps
    Processing task 'ItemRecognition':
      Task dir: /ptmp/hmueller2/2025_ibc_latent/outputs/glm/contrast_maps_fsLR/sub-04/res_task-ItemRecognition_space-fsLR_dir-ffx
      Z-map dir: /ptmp/hmueller2/2025_ibc_latent/outputs/glm/contrast_maps_fsLR/sub-04/res_task-ItemRecognition_space-fsLR_dir-ffx/z_score_maps
      Z-map dir exists: True
      Glob pattern for z-maps: /ptmp/hmueller2/2025_ibc_latent/outputs/glm/contrast_maps_fsLR/sub-04/res_task-ItemRecognition_space-fsLR_dir-ffx/z_score_maps/*.dscalar.nii
      Found 17 z-maps
    Processing task 'Lec1':
      Task dir: /ptmp/hmueller2/2025_ibc_latent/outputs/glm/contrast_maps_fsLR/sub-04/res_task-Lec1_space-fsLR_dir-ffx
      Z-map dir: /ptmp/hmueller2/2025_ibc_latent/outputs/glm/contrast_maps_fsLR/sub-04/res_task-Lec1_space-fsLR_dir-ffx/z_score_maps
      Z-map dir exists: True
      Glob pattern for z-maps: /ptmp/hmueller2/2025_ibc_latent/outputs/glm/contrast_maps_fsLR/sub-04/res_task-Lec1_space-fsLR_dir-ffx/z_score_maps/*.dscalar.nii
      Found 6 z-maps
    Processing task 'Lec2':
      Task dir: /ptmp/hmueller2/2025_ibc_latent/outputs/glm/contrast_maps_fsLR/sub-04/res_task-Lec2_space-fsLR_dir-ffx
      Z-map dir: /ptmp/hmueller2/2025_ibc_latent/outputs/glm/contrast_maps_fsLR/sub-04/res_task-Lec2_space-fsLR_dir-ffx/z_score_maps
      Z-map dir exists: True
      Glob pattern for z-maps: /ptmp/hmueller2/2025_ibc_latent/outputs/glm/contrast_maps_fsLR/sub-04/res_task-Lec2_space-fsLR_dir-ffx/z_score_maps/*.dscalar.nii
      Found 3 z-maps
    Processing task 'MCSE':
      Task dir: /ptmp/hmueller2/2025_ibc_latent/outputs/glm/contrast_maps_fsLR/sub-04/res_task-MCSE_space-fsLR_dir-ffx
      Z-map dir: /ptmp/hmueller2/2025_ibc_latent/outputs/glm/contrast_maps_fsLR/sub-04/res_task-MCSE_space-fsLR_dir-ffx/z_score_maps
      Z-map dir exists: True
      Glob pattern for z-maps: /ptmp/hmueller2/2025_ibc_latent/outputs/glm/contrast_maps_fsLR/sub-04/res_task-MCSE_space-fsLR_dir-ffx/z_score_maps/*.dscalar.nii
      Found 9 z-maps
    Processing task 'MTTNS':
      Task dir: /ptmp/hmueller2/2025_ibc_latent/outputs/glm/contrast_maps_fsLR/sub-04/res_task-MTTNS_space-fsLR_dir-ffx
      Z-map dir: /ptmp/hmueller2/2025_ibc_latent/outputs/glm/contrast_maps_fsLR/sub-04/res_task-MTTNS_space-fsLR_dir-ffx/z_score_maps
      Z-map dir exists: True
      Glob pattern for z-maps: /ptmp/hmueller2/2025_ibc_latent/outputs/glm/contrast_maps_fsLR/sub-04/res_task-MTTNS_space-fsLR_dir-ffx/z_score_maps/*.dscalar.nii
      Found 19 z-maps
    Processing task 'MTTWE':
      Task dir: /ptmp/hmueller2/2025_ibc_latent/outputs/glm/contrast_maps_fsLR/sub-04/res_task-MTTWE_space-fsLR_dir-ffx
      Z-map dir: /ptmp/hmueller2/2025_ibc_latent/outputs/glm/contrast_maps_fsLR/sub-04/res_task-MTTWE_space-fsLR_dir-ffx/z_score_maps
      Z-map dir exists: True
      Glob pattern for z-maps: /ptmp/hmueller2/2025_ibc_latent/outputs/glm/contrast_maps_fsLR/sub-04/res_task-MTTWE_space-fsLR_dir-ffx/z_score_maps/*.dscalar.nii
      Found 19 z-maps
    Processing task 'MVEB':
      Task dir: /ptmp/hmueller2/2025_ibc_latent/outputs/glm/contrast_maps_fsLR/sub-04/res_task-MVEB_space-fsLR_dir-ffx
      Z-map dir: /ptmp/hmueller2/2025_ibc_latent/outputs/glm/contrast_maps_fsLR/sub-04/res_task-MVEB_space-fsLR_dir-ffx/z_score_maps
      Z-map dir exists: True
      Glob pattern for z-maps: /ptmp/hmueller2/2025_ibc_latent/outputs/glm/contrast_maps_fsLR/sub-04/res_task-MVEB_space-fsLR_dir-ffx/z_score_maps/*.dscalar.nii
      Found 11 z-maps
    Processing task 'MVIS':
      Task dir: /ptmp/hmueller2/2025_ibc_latent/outputs/glm/contrast_maps_fsLR/sub-04/res_task-MVIS_space-fsLR_dir-ffx
      Z-map dir: /ptmp/hmueller2/2025_ibc_latent/outputs/glm/contrast_maps_fsLR/sub-04/res_task-MVIS_space-fsLR_dir-ffx/z_score_maps
      Z-map dir exists: True
      Glob pattern for z-maps: /ptmp/hmueller2/2025_ibc_latent/outputs/glm/contrast_maps_fsLR/sub-04/res_task-MVIS_space-fsLR_dir-ffx/z_score_maps/*.dscalar.nii
      Found 12 z-maps
    Processing task 'MathLanguage':
      Task dir: /ptmp/hmueller2/2025_ibc_latent/outputs/glm/contrast_maps_fsLR/sub-04/res_task-MathLanguage_space-fsLR_dir-ffx
      Z-map dir: /ptmp/hmueller2/2025_ibc_latent/outputs/glm/contrast_maps_fsLR/sub-04/res_task-MathLanguage_space-fsLR_dir-ffx/z_score_maps
      Z-map dir exists: True
      Glob pattern for z-maps: /ptmp/hmueller2/2025_ibc_latent/outputs/glm/contrast_maps_fsLR/sub-04/res_task-MathLanguage_space-fsLR_dir-ffx/z_score_maps/*.dscalar.nii
      Found 30 z-maps
    Processing task 'Motion':
      Task dir: /ptmp/hmueller2/2025_ibc_latent/outputs/glm/contrast_maps_fsLR/sub-04/res_task-Motion_space-fsLR_dir-ffx
      Z-map dir: /ptmp/hmueller2/2025_ibc_latent/outputs/glm/contrast_maps_fsLR/sub-04/res_task-Motion_space-fsLR_dir-ffx/z_score_maps
      Z-map dir exists: True
      Glob pattern for z-maps: /ptmp/hmueller2/2025_ibc_latent/outputs/glm/contrast_maps_fsLR/sub-04/res_task-Motion_space-fsLR_dir-ffx/z_score_maps/*.dscalar.nii
      Found 11 z-maps
    Processing task 'Moto':
      Task dir: /ptmp/hmueller2/2025_ibc_latent/outputs/glm/contrast_maps_fsLR/sub-04/res_task-Moto_space-fsLR_dir-ffx
      Z-map dir: /ptmp/hmueller2/2025_ibc_latent/outputs/glm/contrast_maps_fsLR/sub-04/res_task-Moto_space-fsLR_dir-ffx/z_score_maps
      Z-map dir exists: True
      Glob pattern for z-maps: /ptmp/hmueller2/2025_ibc_latent/outputs/glm/contrast_maps_fsLR/sub-04/res_task-Moto_space-fsLR_dir-ffx/z_score_maps/*.dscalar.nii
      Found 9 z-maps
    Processing task 'NARPS':
      Task dir: /ptmp/hmueller2/2025_ibc_latent/outputs/glm/contrast_maps_fsLR/sub-04/res_task-NARPS_space-fsLR_dir-ffx
      Z-map dir: /ptmp/hmueller2/2025_ibc_latent/outputs/glm/contrast_maps_fsLR/sub-04/res_task-NARPS_space-fsLR_dir-ffx/z_score_maps
      Z-map dir exists: True
      Glob pattern for z-maps: /ptmp/hmueller2/2025_ibc_latent/outputs/glm/contrast_maps_fsLR/sub-04/res_task-NARPS_space-fsLR_dir-ffx/z_score_maps/*.dscalar.nii
      Found 8 z-maps
    Processing task 'PainMovie':
      Task dir: /ptmp/hmueller2/2025_ibc_latent/outputs/glm/contrast_maps_fsLR/sub-04/res_task-PainMovie_space-fsLR_dir-ffx
      Z-map dir: /ptmp/hmueller2/2025_ibc_latent/outputs/glm/contrast_maps_fsLR/sub-04/res_task-PainMovie_space-fsLR_dir-ffx/z_score_maps
      Z-map dir exists: True
      Glob pattern for z-maps: /ptmp/hmueller2/2025_ibc_latent/outputs/glm/contrast_maps_fsLR/sub-04/res_task-PainMovie_space-fsLR_dir-ffx/z_score_maps/*.dscalar.nii
      Found 3 z-maps
    Processing task 'PreferenceFaces':
      Task dir: /ptmp/hmueller2/2025_ibc_latent/outputs/glm/contrast_maps_fsLR/sub-04/res_task-PreferenceFaces_space-fsLR_dir-ffx
      Z-map dir: /ptmp/hmueller2/2025_ibc_latent/outputs/glm/contrast_maps_fsLR/sub-04/res_task-PreferenceFaces_space-fsLR_dir-ffx/z_score_maps
      Z-map dir exists: True
      Glob pattern for z-maps: /ptmp/hmueller2/2025_ibc_latent/outputs/glm/contrast_maps_fsLR/sub-04/res_task-PreferenceFaces_space-fsLR_dir-ffx/z_score_maps/*.dscalar.nii
      Found 3 z-maps
    Processing task 'PreferenceFood':
      Task dir: /ptmp/hmueller2/2025_ibc_latent/outputs/glm/contrast_maps_fsLR/sub-04/res_task-PreferenceFood_space-fsLR_dir-ffx
      Z-map dir: /ptmp/hmueller2/2025_ibc_latent/outputs/glm/contrast_maps_fsLR/sub-04/res_task-PreferenceFood_space-fsLR_dir-ffx/z_score_maps
      Z-map dir exists: True
      Glob pattern for z-maps: /ptmp/hmueller2/2025_ibc_latent/outputs/glm/contrast_maps_fsLR/sub-04/res_task-PreferenceFood_space-fsLR_dir-ffx/z_score_maps/*.dscalar.nii
      Found 3 z-maps
    Processing task 'PreferenceHouses':
      Task dir: /ptmp/hmueller2/2025_ibc_latent/outputs/glm/contrast_maps_fsLR/sub-04/res_task-PreferenceHouses_space-fsLR_dir-ffx
      Z-map dir: /ptmp/hmueller2/2025_ibc_latent/outputs/glm/contrast_maps_fsLR/sub-04/res_task-PreferenceHouses_space-fsLR_dir-ffx/z_score_maps
      Z-map dir exists: True
      Glob pattern for z-maps: /ptmp/hmueller2/2025_ibc_latent/outputs/glm/contrast_maps_fsLR/sub-04/res_task-PreferenceHouses_space-fsLR_dir-ffx/z_score_maps/*.dscalar.nii
      Found 3 z-maps
    Processing task 'PreferencePaintings':
      Task dir: /ptmp/hmueller2/2025_ibc_latent/outputs/glm/contrast_maps_fsLR/sub-04/res_task-PreferencePaintings_space-fsLR_dir-ffx
      Z-map dir: /ptmp/hmueller2/2025_ibc_latent/outputs/glm/contrast_maps_fsLR/sub-04/res_task-PreferencePaintings_space-fsLR_dir-ffx/z_score_maps
      Z-map dir exists: True
      Glob pattern for z-maps: /ptmp/hmueller2/2025_ibc_latent/outputs/glm/contrast_maps_fsLR/sub-04/res_task-PreferencePaintings_space-fsLR_dir-ffx/z_score_maps/*.dscalar.nii
      Found 3 z-maps
    Processing task 'RSVPLanguage':
      Task dir: /ptmp/hmueller2/2025_ibc_latent/outputs/glm/contrast_maps_fsLR/sub-04/res_task-RSVPLanguage_space-fsLR_dir-ffx
      Z-map dir: /ptmp/hmueller2/2025_ibc_latent/outputs/glm/contrast_maps_fsLR/sub-04/res_task-RSVPLanguage_space-fsLR_dir-ffx/z_score_maps
      Z-map dir exists: True
      Glob pattern for z-maps: /ptmp/hmueller2/2025_ibc_latent/outputs/glm/contrast_maps_fsLR/sub-04/res_task-RSVPLanguage_space-fsLR_dir-ffx/z_score_maps/*.dscalar.nii
      Found 19 z-maps
    Processing task 'RewProc':
      Task dir: /ptmp/hmueller2/2025_ibc_latent/outputs/glm/contrast_maps_fsLR/sub-04/res_task-RewProc_space-fsLR_dir-ffx
      Z-map dir: /ptmp/hmueller2/2025_ibc_latent/outputs/glm/contrast_maps_fsLR/sub-04/res_task-RewProc_space-fsLR_dir-ffx/z_score_maps
      Z-map dir exists: True
      Glob pattern for z-maps: /ptmp/hmueller2/2025_ibc_latent/outputs/glm/contrast_maps_fsLR/sub-04/res_task-RewProc_space-fsLR_dir-ffx/z_score_maps/*.dscalar.nii
      Found 17 z-maps
    Processing task 'Scene':
      Task dir: /ptmp/hmueller2/2025_ibc_latent/outputs/glm/contrast_maps_fsLR/sub-04/res_task-Scene_space-fsLR_dir-ffx
      Z-map dir: /ptmp/hmueller2/2025_ibc_latent/outputs/glm/contrast_maps_fsLR/sub-04/res_task-Scene_space-fsLR_dir-ffx/z_score_maps
      Z-map dir exists: True
      Glob pattern for z-maps: /ptmp/hmueller2/2025_ibc_latent/outputs/glm/contrast_maps_fsLR/sub-04/res_task-Scene_space-fsLR_dir-ffx/z_score_maps/*.dscalar.nii
      Found 11 z-maps
    Processing task 'SelectiveStopSignal':
      Task dir: /ptmp/hmueller2/2025_ibc_latent/outputs/glm/contrast_maps_fsLR/sub-04/res_task-SelectiveStopSignal_space-fsLR_dir-ffx
      Z-map dir: /ptmp/hmueller2/2025_ibc_latent/outputs/glm/contrast_maps_fsLR/sub-04/res_task-SelectiveStopSignal_space-fsLR_dir-ffx/z_score_maps
      Z-map dir exists: True
      Glob pattern for z-maps: /ptmp/hmueller2/2025_ibc_latent/outputs/glm/contrast_maps_fsLR/sub-04/res_task-SelectiveStopSignal_space-fsLR_dir-ffx/z_score_maps/*.dscalar.nii
      Found 8 z-maps
    Processing task 'Self':
      Task dir: /ptmp/hmueller2/2025_ibc_latent/outputs/glm/contrast_maps_fsLR/sub-04/res_task-Self_space-fsLR_dir-ffx
      Z-map dir: /ptmp/hmueller2/2025_ibc_latent/outputs/glm/contrast_maps_fsLR/sub-04/res_task-Self_space-fsLR_dir-ffx/z_score_maps
      Z-map dir exists: True
      Glob pattern for z-maps: /ptmp/hmueller2/2025_ibc_latent/outputs/glm/contrast_maps_fsLR/sub-04/res_task-Self_space-fsLR_dir-ffx/z_score_maps/*.dscalar.nii
      Found 11 z-maps
    Processing task 'SpatialNavigation':
      Task dir: /ptmp/hmueller2/2025_ibc_latent/outputs/glm/contrast_maps_fsLR/sub-04/res_task-SpatialNavigation_space-fsLR_dir-ffx
      Z-map dir: /ptmp/hmueller2/2025_ibc_latent/outputs/glm/contrast_maps_fsLR/sub-04/res_task-SpatialNavigation_space-fsLR_dir-ffx/z_score_maps
      Z-map dir exists: True
      Glob pattern for z-maps: /ptmp/hmueller2/2025_ibc_latent/outputs/glm/contrast_maps_fsLR/sub-04/res_task-SpatialNavigation_space-fsLR_dir-ffx/z_score_maps/*.dscalar.nii
      Found 9 z-maps
    Processing task 'StopNogo':
      Task dir: /ptmp/hmueller2/2025_ibc_latent/outputs/glm/contrast_maps_fsLR/sub-04/res_task-StopNogo_space-fsLR_dir-ffx
      Z-map dir: /ptmp/hmueller2/2025_ibc_latent/outputs/glm/contrast_maps_fsLR/sub-04/res_task-StopNogo_space-fsLR_dir-ffx/z_score_maps
      Z-map dir exists: True
      Glob pattern for z-maps: /ptmp/hmueller2/2025_ibc_latent/outputs/glm/contrast_maps_fsLR/sub-04/res_task-StopNogo_space-fsLR_dir-ffx/z_score_maps/*.dscalar.nii
      Found 7 z-maps
    Processing task 'StopSignal':
      Task dir: /ptmp/hmueller2/2025_ibc_latent/outputs/glm/contrast_maps_fsLR/sub-04/res_task-StopSignal_space-fsLR_dir-ffx
      Z-map dir: /ptmp/hmueller2/2025_ibc_latent/outputs/glm/contrast_maps_fsLR/sub-04/res_task-StopSignal_space-fsLR_dir-ffx/z_score_maps
      Z-map dir exists: True
      Glob pattern for z-maps: /ptmp/hmueller2/2025_ibc_latent/outputs/glm/contrast_maps_fsLR/sub-04/res_task-StopSignal_space-fsLR_dir-ffx/z_score_maps/*.dscalar.nii
      Found 3 z-maps
    Processing task 'Stroop':
      Task dir: /ptmp/hmueller2/2025_ibc_latent/outputs/glm/contrast_maps_fsLR/sub-04/res_task-Stroop_space-fsLR_dir-ffx
      Z-map dir: /ptmp/hmueller2/2025_ibc_latent/outputs/glm/contrast_maps_fsLR/sub-04/res_task-Stroop_space-fsLR_dir-ffx/z_score_maps
      Z-map dir exists: True
      Glob pattern for z-maps: /ptmp/hmueller2/2025_ibc_latent/outputs/glm/contrast_maps_fsLR/sub-04/res_task-Stroop_space-fsLR_dir-ffx/z_score_maps/*.dscalar.nii
      Found 3 z-maps
    Processing task 'TheoryOfMind':
      Task dir: /ptmp/hmueller2/2025_ibc_latent/outputs/glm/contrast_maps_fsLR/sub-04/res_task-TheoryOfMind_space-fsLR_dir-ffx
      Z-map dir: /ptmp/hmueller2/2025_ibc_latent/outputs/glm/contrast_maps_fsLR/sub-04/res_task-TheoryOfMind_space-fsLR_dir-ffx/z_score_maps
      Z-map dir exists: True
      Glob pattern for z-maps: /ptmp/hmueller2/2025_ibc_latent/outputs/glm/contrast_maps_fsLR/sub-04/res_task-TheoryOfMind_space-fsLR_dir-ffx/z_score_maps/*.dscalar.nii
      Found 3 z-maps
    Processing task 'TwoByTwo':
      Task dir: /ptmp/hmueller2/2025_ibc_latent/outputs/glm/contrast_maps_fsLR/sub-04/res_task-TwoByTwo_space-fsLR_dir-ffx
      Z-map dir: /ptmp/hmueller2/2025_ibc_latent/outputs/glm/contrast_maps_fsLR/sub-04/res_task-TwoByTwo_space-fsLR_dir-ffx/z_score_maps
      Z-map dir exists: True
      Glob pattern for z-maps: /ptmp/hmueller2/2025_ibc_latent/outputs/glm/contrast_maps_fsLR/sub-04/res_task-TwoByTwo_space-fsLR_dir-ffx/z_score_maps/*.dscalar.nii
      Found 10 z-maps
    Processing task 'VSTMC':
      Task dir: /ptmp/hmueller2/2025_ibc_latent/outputs/glm/contrast_maps_fsLR/sub-04/res_task-VSTMC_space-fsLR_dir-ffx
      Z-map dir: /ptmp/hmueller2/2025_ibc_latent/outputs/glm/contrast_maps_fsLR/sub-04/res_task-VSTMC_space-fsLR_dir-ffx/z_score_maps
      Z-map dir exists: True
      Glob pattern for z-maps: /ptmp/hmueller2/2025_ibc_latent/outputs/glm/contrast_maps_fsLR/sub-04/res_task-VSTMC_space-fsLR_dir-ffx/z_score_maps/*.dscalar.nii
      Found 10 z-maps
    Processing task 'VSTM':
      Task dir: /ptmp/hmueller2/2025_ibc_latent/outputs/glm/contrast_maps_fsLR/sub-04/res_task-VSTM_space-fsLR_dir-ffx
      Z-map dir: /ptmp/hmueller2/2025_ibc_latent/outputs/glm/contrast_maps_fsLR/sub-04/res_task-VSTM_space-fsLR_dir-ffx/z_score_maps
      Z-map dir exists: True
      Glob pattern for z-maps: /ptmp/hmueller2/2025_ibc_latent/outputs/glm/contrast_maps_fsLR/sub-04/res_task-VSTM_space-fsLR_dir-ffx/z_score_maps/*.dscalar.nii
      Found 3 z-maps
    Processing task 'Visu':
      Task dir: /ptmp/hmueller2/2025_ibc_latent/outputs/glm/contrast_maps_fsLR/sub-04/res_task-Visu_space-fsLR_dir-ffx
      Z-map dir: /ptmp/hmueller2/2025_ibc_latent/outputs/glm/contrast_maps_fsLR/sub-04/res_task-Visu_space-fsLR_dir-ffx/z_score_maps
      Z-map dir exists: True
      Glob pattern for z-maps: /ptmp/hmueller2/2025_ibc_latent/outputs/glm/contrast_maps_fsLR/sub-04/res_task-Visu_space-fsLR_dir-ffx/z_score_maps/*.dscalar.nii
      Found 16 z-maps
    Processing task 'VisualSearch':
      Task dir: /ptmp/hmueller2/2025_ibc_latent/outputs/glm/contrast_maps_fsLR/sub-04/res_task-VisualSearch_space-fsLR_dir-ffx
      Z-map dir: /ptmp/hmueller2/2025_ibc_latent/outputs/glm/contrast_maps_fsLR/sub-04/res_task-VisualSearch_space-fsLR_dir-ffx/z_score_maps
      Z-map dir exists: True
      Glob pattern for z-maps: /ptmp/hmueller2/2025_ibc_latent/outputs/glm/contrast_maps_fsLR/sub-04/res_task-VisualSearch_space-fsLR_dir-ffx/z_score_maps/*.dscalar.nii
      Found 22 z-maps
    Processing task 'WardAndAllport':
      Task dir: /ptmp/hmueller2/2025_ibc_latent/outputs/glm/contrast_maps_fsLR/sub-04/res_task-WardAndAllport_space-fsLR_dir-ffx
      Z-map dir: /ptmp/hmueller2/2025_ibc_latent/outputs/glm/contrast_maps_fsLR/sub-04/res_task-WardAndAllport_space-fsLR_dir-ffx/z_score_maps
      Z-map dir exists: True
      Glob pattern for z-maps: /ptmp/hmueller2/2025_ibc_latent/outputs/glm/contrast_maps_fsLR/sub-04/res_task-WardAndAllport_space-fsLR_dir-ffx/z_score_maps/*.dscalar.nii
      Found 10 z-maps
    Processing task 'WedgeAnti':
      Task dir: /ptmp/hmueller2/2025_ibc_latent/outputs/glm/contrast_maps_fsLR/sub-04/res_task-WedgeAnti_space-fsLR_dir-ffx
      Z-map dir: /ptmp/hmueller2/2025_ibc_latent/outputs/glm/contrast_maps_fsLR/sub-04/res_task-WedgeAnti_space-fsLR_dir-ffx/z_score_maps
      Z-map dir exists: True
      Glob pattern for z-maps: /ptmp/hmueller2/2025_ibc_latent/outputs/glm/contrast_maps_fsLR/sub-04/res_task-WedgeAnti_space-fsLR_dir-ffx/z_score_maps/*.dscalar.nii
      Found 8 z-maps
    Processing task 'WedgeClock':
      Task dir: /ptmp/hmueller2/2025_ibc_latent/outputs/glm/contrast_maps_fsLR/sub-04/res_task-WedgeClock_space-fsLR_dir-ffx
      Z-map dir: /ptmp/hmueller2/2025_ibc_latent/outputs/glm/contrast_maps_fsLR/sub-04/res_task-WedgeClock_space-fsLR_dir-ffx/z_score_maps
      Z-map dir exists: True
      Glob pattern for z-maps: /ptmp/hmueller2/2025_ibc_latent/outputs/glm/contrast_maps_fsLR/sub-04/res_task-WedgeClock_space-fsLR_dir-ffx/z_score_maps/*.dscalar.nii
      Found 8 z-maps
  ! Workbench smoothing failed for HcpWm/2back-0back, using unsmoothed map: Missing required file(s) for Workbench smoothing: ['/home/hmueller2/workbench/bin_linux64/wb_command']
  ✓ Loaded: HcpWm/2back-0back
  ! Workbench smoothing failed for ItemRecognition/encode5-encode1, using unsmoothed map: Missing required file(s) for Workbench smoothing: ['/home/hmueller2/workbench/bin_linux64/wb_command']
  ✓ Loaded: ItemRecognition/encode5-encode1
  - Not available: MDTB/2back_hard-easy
  - Not available: MDTB/search_hard-easy
  - Not available: MDTB/semantic_hard-easy
  - Not available: MDTB/finger_complex-simple
  - Not available: GoodBadUgly/dot_hard-easy
  ! Workbench smoothing failed for Stroop/incongruent-congruent, using unsmoothed map: Missing required file(s) for Workbench smoothing: ['/home/hmueller2/workbench/bin_linux64/wb_command']
  ✓ Loaded: Stroop/incongruent-congruent
  ! Workbench smoothing failed for Catell/hard-easy, using unsmoothed map: Missing required file(s) for Workbench smoothing: ['/home/hmueller2/workbench/bin_linux64/wb_command']
  ✓ Loaded: Catell/hard-easy

Applied Workbench CIFTI smoothing to input contrasts (FWHM=4.0mm)

Combined 4 MD contrasts
Mean z-score: 0.007 ± 0.559
Max z-score: 2.289

✓ Saved mean MD map: /ptmp/hmueller2/2025_ibc_latent/outputs/md_system/vertex_wise/sub-04/sub-04_MD_mean.dscalar.nii
✓ Saved std MD map: /ptmp/hmueller2/2025_ibc_latent/outputs/md_system/vertex_wise/sub-04/sub-04_MD_std.dscalar.nii
✓ Saved contrast info: /ptmp/hmueller2/2025_ibc_latent/outputs/md_system/vertex_wise/sub-04/sub-04_MD_contrasts.txt
  Looking for contrasts in: /ptmp/hmueller2/2025_ibc_latent/outputs/glm/contrast_maps_fsLR/sub-04
  Subject directory contents (92 items): ['.DS_Store', '._.DS_Store', 'res_task-ArchiEmotional_space-fsLR_dir-ffx', 'res_task-ArchiSocial_space-fsLR_dir-ffx', 'res_task-ArchiSpatial_space-fsLR_dir-ffx', 'res_task-ArchiStandard_space-fsLR_dir-ffx', 'res_task-Attention_space-fsLR_dir-ffx', 'res_task-Audi_space-fsLR_dir-ffx', 'res_task-BiologicalMotion1_space-fsLR_dir-ffx', 'res_task-BiologicalMotion2_space-fsLR_dir-ffx', 'res_task-BreathHolding_space-fsLR_dir-ffx', 'res_task-Catell_space-fsLR_dir-ffx', 'res_task-Checkerboard_space-fsLR_dir-ffx', 'res_task-Color_space-fsLR_dir-ffx', 'res_task-ColumbiaCards_space-fsLR_dir-ffx', 'res_task-Discount_space-fsLR_dir-ffx', 'res_task-DotPatterns_space-fsLR_dir-ffx', 'res_task-EmoMem_space-fsLR_dir-ffx', 'res_task-EmoReco_space-fsLR_dir-ffx', 'res_task-EmotionalPain_space-fsLR_dir-ffx', 'res_task-Enumeration_space-fsLR_dir-ffx', 'res_task-FaceBody_space-fsLR_dir-ffx', 'res_task-FingerTap_space-fsLR_dir-ffx', 'res_task-HcpEmotion_space-fsLR_dir-ffx', 'res_task-HcpGambling_space-fsLR_dir-ffx', 'res_task-HcpLanguage_space-fsLR_dir-ffx', 'res_task-HcpMotor_space-fsLR_dir-ffx', 'res_task-HcpRelational_space-fsLR_dir-ffx', 'res_task-HcpSocial_space-fsLR_dir-ffx', 'res_task-HcpWm_space-fsLR_dir-ffx', 'res_task-ItemRecognition_space-fsLR_dir-ffx', 'res_task-Lec1_space-fsLR_dir-ffx', 'res_task-Lec2_space-fsLR_dir-ffx', 'res_task-MCSE_space-fsLR_dir-ffx', 'res_task-MTTNS_space-fsLR_dir-ffx', 'res_task-MTTWE_space-fsLR_dir-ffx', 'res_task-MVEB_space-fsLR_dir-ffx', 'res_task-MVIS_space-fsLR_dir-ffx', 'res_task-MathLanguage_space-fsLR_dir-ffx', 'res_task-Motion_space-fsLR_dir-ffx', 'res_task-Moto_space-fsLR_dir-ffx', 'res_task-NARPS_space-fsLR_dir-ffx', 'res_task-PainMovie_space-fsLR_dir-ffx', 'res_task-PreferenceFaces_space-fsLR_dir-ffx', 'res_task-PreferenceFood_space-fsLR_dir-ffx', 'res_task-PreferenceHouses_space-fsLR_dir-ffx', 'res_task-PreferencePaintings_space-fsLR_dir-ffx', 'res_task-RSVPLanguage_space-fsLR_dir-ffx', 'res_task-RewProc_space-fsLR_dir-ffx', 'res_task-Scene_space-fsLR_dir-ffx', 'res_task-SelectiveStopSignal_space-fsLR_dir-ffx', 'res_task-Self_space-fsLR_dir-ffx', 'res_task-SpatialNavigation_space-fsLR_dir-ffx', 'res_task-StopNogo_space-fsLR_dir-ffx', 'res_task-StopSignal_space-fsLR_dir-ffx', 'res_task-Stroop_space-fsLR_dir-ffx', 'res_task-TheoryOfMind_space-fsLR_dir-ffx', 'res_task-TwoByTwo_space-fsLR_dir-ffx', 'res_task-VSTMC_space-fsLR_dir-ffx', 'res_task-VSTM_space-fsLR_dir-ffx', 'res_task-Visu_space-fsLR_dir-ffx', 'res_task-VisualSearch_space-fsLR_dir-ffx', 'res_task-WardAndAllport_space-fsLR_dir-ffx', 'res_task-WedgeAnti_space-fsLR_dir-ffx', 'res_task-WedgeClock_space-fsLR_dir-ffx', 'ses-00', 'ses-01', 'ses-02', 'ses-03', 'ses-04', 'ses-09', 'ses-11', 'ses-12', 'ses-15', 'ses-16', 'ses-17', 'ses-18', 'ses-19', 'ses-21', 'ses-24', 'ses-25', 'ses-26', 'ses-29', 'ses-30', 'ses-31', 'ses-35', 'ses-36', 'ses-37', 'ses-38', 'ses-39', 'ses-40', 'ses-42']
  Glob pattern: /ptmp/hmueller2/2025_ibc_latent/outputs/glm/contrast_maps_fsLR/sub-04/res_task-*_space-fsLR_dir-ffx
  Found 63 task directories: ['/ptmp/hmueller2/2025_ibc_latent/outputs/glm/contrast_maps_fsLR/sub-04/res_task-ArchiEmotional_space-fsLR_dir-ffx', '/ptmp/hmueller2/2025_ibc_latent/outputs/glm/contrast_maps_fsLR/sub-04/res_task-ArchiSocial_space-fsLR_dir-ffx', '/ptmp/hmueller2/2025_ibc_latent/outputs/glm/contrast_maps_fsLR/sub-04/res_task-ArchiSpatial_space-fsLR_dir-ffx', '/ptmp/hmueller2/2025_ibc_latent/outputs/glm/contrast_maps_fsLR/sub-04/res_task-ArchiStandard_space-fsLR_dir-ffx', '/ptmp/hmueller2/2025_ibc_latent/outputs/glm/contrast_maps_fsLR/sub-04/res_task-Attention_space-fsLR_dir-ffx', '/ptmp/hmueller2/2025_ibc_latent/outputs/glm/contrast_maps_fsLR/sub-04/res_task-Audi_space-fsLR_dir-ffx', '/ptmp/hmueller2/2025_ibc_latent/outputs/glm/contrast_maps_fsLR/sub-04/res_task-BiologicalMotion1_space-fsLR_dir-ffx', '/ptmp/hmueller2/2025_ibc_latent/outputs/glm/contrast_maps_fsLR/sub-04/res_task-BiologicalMotion2_space-fsLR_dir-ffx', '/ptmp/hmueller2/2025_ibc_latent/outputs/glm/contrast_maps_fsLR/sub-04/res_task-BreathHolding_space-fsLR_dir-ffx', '/ptmp/hmueller2/2025_ibc_latent/outputs/glm/contrast_maps_fsLR/sub-04/res_task-Catell_space-fsLR_dir-ffx', '/ptmp/hmueller2/2025_ibc_latent/outputs/glm/contrast_maps_fsLR/sub-04/res_task-Checkerboard_space-fsLR_dir-ffx', '/ptmp/hmueller2/2025_ibc_latent/outputs/glm/contrast_maps_fsLR/sub-04/res_task-Color_space-fsLR_dir-ffx', '/ptmp/hmueller2/2025_ibc_latent/outputs/glm/contrast_maps_fsLR/sub-04/res_task-ColumbiaCards_space-fsLR_dir-ffx', '/ptmp/hmueller2/2025_ibc_latent/outputs/glm/contrast_maps_fsLR/sub-04/res_task-Discount_space-fsLR_dir-ffx', '/ptmp/hmueller2/2025_ibc_latent/outputs/glm/contrast_maps_fsLR/sub-04/res_task-DotPatterns_space-fsLR_dir-ffx', '/ptmp/hmueller2/2025_ibc_latent/outputs/glm/contrast_maps_fsLR/sub-04/res_task-EmoMem_space-fsLR_dir-ffx', '/ptmp/hmueller2/2025_ibc_latent/outputs/glm/contrast_maps_fsLR/sub-04/res_task-EmoReco_space-fsLR_dir-ffx', '/ptmp/hmueller2/2025_ibc_latent/outputs/glm/contrast_maps_fsLR/sub-04/res_task-EmotionalPain_space-fsLR_dir-ffx', '/ptmp/hmueller2/2025_ibc_latent/outputs/glm/contrast_maps_fsLR/sub-04/res_task-Enumeration_space-fsLR_dir-ffx', '/ptmp/hmueller2/2025_ibc_latent/outputs/glm/contrast_maps_fsLR/sub-04/res_task-FaceBody_space-fsLR_dir-ffx', '/ptmp/hmueller2/2025_ibc_latent/outputs/glm/contrast_maps_fsLR/sub-04/res_task-FingerTap_space-fsLR_dir-ffx', '/ptmp/hmueller2/2025_ibc_latent/outputs/glm/contrast_maps_fsLR/sub-04/res_task-HcpEmotion_space-fsLR_dir-ffx', '/ptmp/hmueller2/2025_ibc_latent/outputs/glm/contrast_maps_fsLR/sub-04/res_task-HcpGambling_space-fsLR_dir-ffx', '/ptmp/hmueller2/2025_ibc_latent/outputs/glm/contrast_maps_fsLR/sub-04/res_task-HcpLanguage_space-fsLR_dir-ffx', '/ptmp/hmueller2/2025_ibc_latent/outputs/glm/contrast_maps_fsLR/sub-04/res_task-HcpMotor_space-fsLR_dir-ffx', '/ptmp/hmueller2/2025_ibc_latent/outputs/glm/contrast_maps_fsLR/sub-04/res_task-HcpRelational_space-fsLR_dir-ffx', '/ptmp/hmueller2/2025_ibc_latent/outputs/glm/contrast_maps_fsLR/sub-04/res_task-HcpSocial_space-fsLR_dir-ffx', '/ptmp/hmueller2/2025_ibc_latent/outputs/glm/contrast_maps_fsLR/sub-04/res_task-HcpWm_space-fsLR_dir-ffx', '/ptmp/hmueller2/2025_ibc_latent/outputs/glm/contrast_maps_fsLR/sub-04/res_task-ItemRecognition_space-fsLR_dir-ffx', '/ptmp/hmueller2/2025_ibc_latent/outputs/glm/contrast_maps_fsLR/sub-04/res_task-Lec1_space-fsLR_dir-ffx', '/ptmp/hmueller2/2025_ibc_latent/outputs/glm/contrast_maps_fsLR/sub-04/res_task-Lec2_space-fsLR_dir-ffx', '/ptmp/hmueller2/2025_ibc_latent/outputs/glm/contrast_maps_fsLR/sub-04/res_task-MCSE_space-fsLR_dir-ffx', '/ptmp/hmueller2/2025_ibc_latent/outputs/glm/contrast_maps_fsLR/sub-04/res_task-MTTNS_space-fsLR_dir-ffx', '/ptmp/hmueller2/2025_ibc_latent/outputs/glm/contrast_maps_fsLR/sub-04/res_task-MTTWE_space-fsLR_dir-ffx', '/ptmp/hmueller2/2025_ibc_latent/outputs/glm/contrast_maps_fsLR/sub-04/res_task-MVEB_space-fsLR_dir-ffx', '/ptmp/hmueller2/2025_ibc_latent/outputs/glm/contrast_maps_fsLR/sub-04/res_task-MVIS_space-fsLR_dir-ffx', '/ptmp/hmueller2/2025_ibc_latent/outputs/glm/contrast_maps_fsLR/sub-04/res_task-MathLanguage_space-fsLR_dir-ffx', '/ptmp/hmueller2/2025_ibc_latent/outputs/glm/contrast_maps_fsLR/sub-04/res_task-Motion_space-fsLR_dir-ffx', '/ptmp/hmueller2/2025_ibc_latent/outputs/glm/contrast_maps_fsLR/sub-04/res_task-Moto_space-fsLR_dir-ffx', '/ptmp/hmueller2/2025_ibc_latent/outputs/glm/contrast_maps_fsLR/sub-04/res_task-NARPS_space-fsLR_dir-ffx', '/ptmp/hmueller2/2025_ibc_latent/outputs/glm/contrast_maps_fsLR/sub-04/res_task-PainMovie_space-fsLR_dir-ffx', '/ptmp/hmueller2/2025_ibc_latent/outputs/glm/contrast_maps_fsLR/sub-04/res_task-PreferenceFaces_space-fsLR_dir-ffx', '/ptmp/hmueller2/2025_ibc_latent/outputs/glm/contrast_maps_fsLR/sub-04/res_task-PreferenceFood_space-fsLR_dir-ffx', '/ptmp/hmueller2/2025_ibc_latent/outputs/glm/contrast_maps_fsLR/sub-04/res_task-PreferenceHouses_space-fsLR_dir-ffx', '/ptmp/hmueller2/2025_ibc_latent/outputs/glm/contrast_maps_fsLR/sub-04/res_task-PreferencePaintings_space-fsLR_dir-ffx', '/ptmp/hmueller2/2025_ibc_latent/outputs/glm/contrast_maps_fsLR/sub-04/res_task-RSVPLanguage_space-fsLR_dir-ffx', '/ptmp/hmueller2/2025_ibc_latent/outputs/glm/contrast_maps_fsLR/sub-04/res_task-RewProc_space-fsLR_dir-ffx', '/ptmp/hmueller2/2025_ibc_latent/outputs/glm/contrast_maps_fsLR/sub-04/res_task-Scene_space-fsLR_dir-ffx', '/ptmp/hmueller2/2025_ibc_latent/outputs/glm/contrast_maps_fsLR/sub-04/res_task-SelectiveStopSignal_space-fsLR_dir-ffx', '/ptmp/hmueller2/2025_ibc_latent/outputs/glm/contrast_maps_fsLR/sub-04/res_task-Self_space-fsLR_dir-ffx', '/ptmp/hmueller2/2025_ibc_latent/outputs/glm/contrast_maps_fsLR/sub-04/res_task-SpatialNavigation_space-fsLR_dir-ffx', '/ptmp/hmueller2/2025_ibc_latent/outputs/glm/contrast_maps_fsLR/sub-04/res_task-StopNogo_space-fsLR_dir-ffx', '/ptmp/hmueller2/2025_ibc_latent/outputs/glm/contrast_maps_fsLR/sub-04/res_task-StopSignal_space-fsLR_dir-ffx', '/ptmp/hmueller2/2025_ibc_latent/outputs/glm/contrast_maps_fsLR/sub-04/res_task-Stroop_space-fsLR_dir-ffx', '/ptmp/hmueller2/2025_ibc_latent/outputs/glm/contrast_maps_fsLR/sub-04/res_task-TheoryOfMind_space-fsLR_dir-ffx', '/ptmp/hmueller2/2025_ibc_latent/outputs/glm/contrast_maps_fsLR/sub-04/res_task-TwoByTwo_space-fsLR_dir-ffx', '/ptmp/hmueller2/2025_ibc_latent/outputs/glm/contrast_maps_fsLR/sub-04/res_task-VSTMC_space-fsLR_dir-ffx', '/ptmp/hmueller2/2025_ibc_latent/outputs/glm/contrast_maps_fsLR/sub-04/res_task-VSTM_space-fsLR_dir-ffx', '/ptmp/hmueller2/2025_ibc_latent/outputs/glm/contrast_maps_fsLR/sub-04/res_task-Visu_space-fsLR_dir-ffx', '/ptmp/hmueller2/2025_ibc_latent/outputs/glm/contrast_maps_fsLR/sub-04/res_task-VisualSearch_space-fsLR_dir-ffx', '/ptmp/hmueller2/2025_ibc_latent/outputs/glm/contrast_maps_fsLR/sub-04/res_task-WardAndAllport_space-fsLR_dir-ffx', '/ptmp/hmueller2/2025_ibc_latent/outputs/glm/contrast_maps_fsLR/sub-04/res_task-WedgeAnti_space-fsLR_dir-ffx', '/ptmp/hmueller2/2025_ibc_latent/outputs/glm/contrast_maps_fsLR/sub-04/res_task-WedgeClock_space-fsLR_dir-ffx']
    Processing task 'ArchiEmotional':
      Task dir: /ptmp/hmueller2/2025_ibc_latent/outputs/glm/contrast_maps_fsLR/sub-04/res_task-ArchiEmotional_space-fsLR_dir-ffx
      Z-map dir: /ptmp/hmueller2/2025_ibc_latent/outputs/glm/contrast_maps_fsLR/sub-04/res_task-ArchiEmotional_space-fsLR_dir-ffx/z_score_maps
      Z-map dir exists: True
      Glob pattern for z-maps: /ptmp/hmueller2/2025_ibc_latent/outputs/glm/contrast_maps_fsLR/sub-04/res_task-ArchiEmotional_space-fsLR_dir-ffx/z_score_maps/*.dscalar.nii
      Found 14 z-maps
    Processing task 'ArchiSocial':
      Task dir: /ptmp/hmueller2/2025_ibc_latent/outputs/glm/contrast_maps_fsLR/sub-04/res_task-ArchiSocial_space-fsLR_dir-ffx
      Z-map dir: /ptmp/hmueller2/2025_ibc_latent/outputs/glm/contrast_maps_fsLR/sub-04/res_task-ArchiSocial_space-fsLR_dir-ffx/z_score_maps
      Z-map dir exists: True
      Glob pattern for z-maps: /ptmp/hmueller2/2025_ibc_latent/outputs/glm/contrast_maps_fsLR/sub-04/res_task-ArchiSocial_space-fsLR_dir-ffx/z_score_maps/*.dscalar.nii
      Found 13 z-maps
    Processing task 'ArchiSpatial':
      Task dir: /ptmp/hmueller2/2025_ibc_latent/outputs/glm/contrast_maps_fsLR/sub-04/res_task-ArchiSpatial_space-fsLR_dir-ffx
      Z-map dir: /ptmp/hmueller2/2025_ibc_latent/outputs/glm/contrast_maps_fsLR/sub-04/res_task-ArchiSpatial_space-fsLR_dir-ffx/z_score_maps
      Z-map dir exists: True
      Glob pattern for z-maps: /ptmp/hmueller2/2025_ibc_latent/outputs/glm/contrast_maps_fsLR/sub-04/res_task-ArchiSpatial_space-fsLR_dir-ffx/z_score_maps/*.dscalar.nii
      Found 7 z-maps
    Processing task 'ArchiStandard':
      Task dir: /ptmp/hmueller2/2025_ibc_latent/outputs/glm/contrast_maps_fsLR/sub-04/res_task-ArchiStandard_space-fsLR_dir-ffx
      Z-map dir: /ptmp/hmueller2/2025_ibc_latent/outputs/glm/contrast_maps_fsLR/sub-04/res_task-ArchiStandard_space-fsLR_dir-ffx/z_score_maps
      Z-map dir exists: True
      Glob pattern for z-maps: /ptmp/hmueller2/2025_ibc_latent/outputs/glm/contrast_maps_fsLR/sub-04/res_task-ArchiStandard_space-fsLR_dir-ffx/z_score_maps/*.dscalar.nii
      Found 23 z-maps
    Processing task 'Attention':
      Task dir: /ptmp/hmueller2/2025_ibc_latent/outputs/glm/contrast_maps_fsLR/sub-04/res_task-Attention_space-fsLR_dir-ffx
      Z-map dir: /ptmp/hmueller2/2025_ibc_latent/outputs/glm/contrast_maps_fsLR/sub-04/res_task-Attention_space-fsLR_dir-ffx/z_score_maps
      Z-map dir exists: True
      Glob pattern for z-maps: /ptmp/hmueller2/2025_ibc_latent/outputs/glm/contrast_maps_fsLR/sub-04/res_task-Attention_space-fsLR_dir-ffx/z_score_maps/*.dscalar.nii
      Found 10 z-maps
    Processing task 'Audi':
      Task dir: /ptmp/hmueller2/2025_ibc_latent/outputs/glm/contrast_maps_fsLR/sub-04/res_task-Audi_space-fsLR_dir-ffx
      Z-map dir: /ptmp/hmueller2/2025_ibc_latent/outputs/glm/contrast_maps_fsLR/sub-04/res_task-Audi_space-fsLR_dir-ffx/z_score_maps
      Z-map dir exists: True
      Glob pattern for z-maps: /ptmp/hmueller2/2025_ibc_latent/outputs/glm/contrast_maps_fsLR/sub-04/res_task-Audi_space-fsLR_dir-ffx/z_score_maps/*.dscalar.nii
      Found 25 z-maps
    Processing task 'BiologicalMotion1':
      Task dir: /ptmp/hmueller2/2025_ibc_latent/outputs/glm/contrast_maps_fsLR/sub-04/res_task-BiologicalMotion1_space-fsLR_dir-ffx
      Z-map dir: /ptmp/hmueller2/2025_ibc_latent/outputs/glm/contrast_maps_fsLR/sub-04/res_task-BiologicalMotion1_space-fsLR_dir-ffx/z_score_maps
      Z-map dir exists: True
      Glob pattern for z-maps: /ptmp/hmueller2/2025_ibc_latent/outputs/glm/contrast_maps_fsLR/sub-04/res_task-BiologicalMotion1_space-fsLR_dir-ffx/z_score_maps/*.dscalar.nii
      Found 10 z-maps
    Processing task 'BiologicalMotion2':
      Task dir: /ptmp/hmueller2/2025_ibc_latent/outputs/glm/contrast_maps_fsLR/sub-04/res_task-BiologicalMotion2_space-fsLR_dir-ffx
      Z-map dir: /ptmp/hmueller2/2025_ibc_latent/outputs/glm/contrast_maps_fsLR/sub-04/res_task-BiologicalMotion2_space-fsLR_dir-ffx/z_score_maps
      Z-map dir exists: True
      Glob pattern for z-maps: /ptmp/hmueller2/2025_ibc_latent/outputs/glm/contrast_maps_fsLR/sub-04/res_task-BiologicalMotion2_space-fsLR_dir-ffx/z_score_maps/*.dscalar.nii
      Found 10 z-maps
    Processing task 'BreathHolding':
      Task dir: /ptmp/hmueller2/2025_ibc_latent/outputs/glm/contrast_maps_fsLR/sub-04/res_task-BreathHolding_space-fsLR_dir-ffx
      Z-map dir: /ptmp/hmueller2/2025_ibc_latent/outputs/glm/contrast_maps_fsLR/sub-04/res_task-BreathHolding_space-fsLR_dir-ffx/z_score_maps
      Z-map dir exists: True
      Glob pattern for z-maps: /ptmp/hmueller2/2025_ibc_latent/outputs/glm/contrast_maps_fsLR/sub-04/res_task-BreathHolding_space-fsLR_dir-ffx/z_score_maps/*.dscalar.nii
      Found 4 z-maps
    Processing task 'Catell':
      Task dir: /ptmp/hmueller2/2025_ibc_latent/outputs/glm/contrast_maps_fsLR/sub-04/res_task-Catell_space-fsLR_dir-ffx
      Z-map dir: /ptmp/hmueller2/2025_ibc_latent/outputs/glm/contrast_maps_fsLR/sub-04/res_task-Catell_space-fsLR_dir-ffx/z_score_maps
      Z-map dir exists: True
      Glob pattern for z-maps: /ptmp/hmueller2/2025_ibc_latent/outputs/glm/contrast_maps_fsLR/sub-04/res_task-Catell_space-fsLR_dir-ffx/z_score_maps/*.dscalar.nii
      Found 3 z-maps
    Processing task 'Checkerboard':
      Task dir: /ptmp/hmueller2/2025_ibc_latent/outputs/glm/contrast_maps_fsLR/sub-04/res_task-Checkerboard_space-fsLR_dir-ffx
      Z-map dir: /ptmp/hmueller2/2025_ibc_latent/outputs/glm/contrast_maps_fsLR/sub-04/res_task-Checkerboard_space-fsLR_dir-ffx/z_score_maps
      Z-map dir exists: True
      Glob pattern for z-maps: /ptmp/hmueller2/2025_ibc_latent/outputs/glm/contrast_maps_fsLR/sub-04/res_task-Checkerboard_space-fsLR_dir-ffx/z_score_maps/*.dscalar.nii
      Found 3 z-maps
    Processing task 'Color':
      Task dir: /ptmp/hmueller2/2025_ibc_latent/outputs/glm/contrast_maps_fsLR/sub-04/res_task-Color_space-fsLR_dir-ffx
      Z-map dir: /ptmp/hmueller2/2025_ibc_latent/outputs/glm/contrast_maps_fsLR/sub-04/res_task-Color_space-fsLR_dir-ffx/z_score_maps
      Z-map dir exists: True
      Glob pattern for z-maps: /ptmp/hmueller2/2025_ibc_latent/outputs/glm/contrast_maps_fsLR/sub-04/res_task-Color_space-fsLR_dir-ffx/z_score_maps/*.dscalar.nii
      Found 4 z-maps
    Processing task 'ColumbiaCards':
      Task dir: /ptmp/hmueller2/2025_ibc_latent/outputs/glm/contrast_maps_fsLR/sub-04/res_task-ColumbiaCards_space-fsLR_dir-ffx
      Z-map dir: /ptmp/hmueller2/2025_ibc_latent/outputs/glm/contrast_maps_fsLR/sub-04/res_task-ColumbiaCards_space-fsLR_dir-ffx/z_score_maps
      Z-map dir exists: True
      Glob pattern for z-maps: /ptmp/hmueller2/2025_ibc_latent/outputs/glm/contrast_maps_fsLR/sub-04/res_task-ColumbiaCards_space-fsLR_dir-ffx/z_score_maps/*.dscalar.nii
      Found 3 z-maps
    Processing task 'Discount':
      Task dir: /ptmp/hmueller2/2025_ibc_latent/outputs/glm/contrast_maps_fsLR/sub-04/res_task-Discount_space-fsLR_dir-ffx
      Z-map dir: /ptmp/hmueller2/2025_ibc_latent/outputs/glm/contrast_maps_fsLR/sub-04/res_task-Discount_space-fsLR_dir-ffx/z_score_maps
      Z-map dir exists: True
      Glob pattern for z-maps: /ptmp/hmueller2/2025_ibc_latent/outputs/glm/contrast_maps_fsLR/sub-04/res_task-Discount_space-fsLR_dir-ffx/z_score_maps/*.dscalar.nii
      Found 2 z-maps
    Processing task 'DotPatterns':
      Task dir: /ptmp/hmueller2/2025_ibc_latent/outputs/glm/contrast_maps_fsLR/sub-04/res_task-DotPatterns_space-fsLR_dir-ffx
      Z-map dir: /ptmp/hmueller2/2025_ibc_latent/outputs/glm/contrast_maps_fsLR/sub-04/res_task-DotPatterns_space-fsLR_dir-ffx/z_score_maps
      Z-map dir exists: True
      Glob pattern for z-maps: /ptmp/hmueller2/2025_ibc_latent/outputs/glm/contrast_maps_fsLR/sub-04/res_task-DotPatterns_space-fsLR_dir-ffx/z_score_maps/*.dscalar.nii
      Found 11 z-maps
    Processing task 'EmoMem':
      Task dir: /ptmp/hmueller2/2025_ibc_latent/outputs/glm/contrast_maps_fsLR/sub-04/res_task-EmoMem_space-fsLR_dir-ffx
      Z-map dir: /ptmp/hmueller2/2025_ibc_latent/outputs/glm/contrast_maps_fsLR/sub-04/res_task-EmoMem_space-fsLR_dir-ffx/z_score_maps
      Z-map dir exists: True
      Glob pattern for z-maps: /ptmp/hmueller2/2025_ibc_latent/outputs/glm/contrast_maps_fsLR/sub-04/res_task-EmoMem_space-fsLR_dir-ffx/z_score_maps/*.dscalar.nii
      Found 6 z-maps
    Processing task 'EmoReco':
      Task dir: /ptmp/hmueller2/2025_ibc_latent/outputs/glm/contrast_maps_fsLR/sub-04/res_task-EmoReco_space-fsLR_dir-ffx
      Z-map dir: /ptmp/hmueller2/2025_ibc_latent/outputs/glm/contrast_maps_fsLR/sub-04/res_task-EmoReco_space-fsLR_dir-ffx/z_score_maps
      Z-map dir exists: True
      Glob pattern for z-maps: /ptmp/hmueller2/2025_ibc_latent/outputs/glm/contrast_maps_fsLR/sub-04/res_task-EmoReco_space-fsLR_dir-ffx/z_score_maps/*.dscalar.nii
      Found 10 z-maps
    Processing task 'EmotionalPain':
      Task dir: /ptmp/hmueller2/2025_ibc_latent/outputs/glm/contrast_maps_fsLR/sub-04/res_task-EmotionalPain_space-fsLR_dir-ffx
      Z-map dir: /ptmp/hmueller2/2025_ibc_latent/outputs/glm/contrast_maps_fsLR/sub-04/res_task-EmotionalPain_space-fsLR_dir-ffx/z_score_maps
      Z-map dir exists: True
      Glob pattern for z-maps: /ptmp/hmueller2/2025_ibc_latent/outputs/glm/contrast_maps_fsLR/sub-04/res_task-EmotionalPain_space-fsLR_dir-ffx/z_score_maps/*.dscalar.nii
      Found 3 z-maps
    Processing task 'Enumeration':
      Task dir: /ptmp/hmueller2/2025_ibc_latent/outputs/glm/contrast_maps_fsLR/sub-04/res_task-Enumeration_space-fsLR_dir-ffx
      Z-map dir: /ptmp/hmueller2/2025_ibc_latent/outputs/glm/contrast_maps_fsLR/sub-04/res_task-Enumeration_space-fsLR_dir-ffx/z_score_maps
      Z-map dir exists: True
      Glob pattern for z-maps: /ptmp/hmueller2/2025_ibc_latent/outputs/glm/contrast_maps_fsLR/sub-04/res_task-Enumeration_space-fsLR_dir-ffx/z_score_maps/*.dscalar.nii
      Found 3 z-maps
    Processing task 'FaceBody':
      Task dir: /ptmp/hmueller2/2025_ibc_latent/outputs/glm/contrast_maps_fsLR/sub-04/res_task-FaceBody_space-fsLR_dir-ffx
      Z-map dir: /ptmp/hmueller2/2025_ibc_latent/outputs/glm/contrast_maps_fsLR/sub-04/res_task-FaceBody_space-fsLR_dir-ffx/z_score_maps
      Z-map dir exists: True
      Glob pattern for z-maps: /ptmp/hmueller2/2025_ibc_latent/outputs/glm/contrast_maps_fsLR/sub-04/res_task-FaceBody_space-fsLR_dir-ffx/z_score_maps/*.dscalar.nii
      Found 15 z-maps
    Processing task 'FingerTap':
      Task dir: /ptmp/hmueller2/2025_ibc_latent/outputs/glm/contrast_maps_fsLR/sub-04/res_task-FingerTap_space-fsLR_dir-ffx
      Z-map dir: /ptmp/hmueller2/2025_ibc_latent/outputs/glm/contrast_maps_fsLR/sub-04/res_task-FingerTap_space-fsLR_dir-ffx/z_score_maps
      Z-map dir exists: True
      Glob pattern for z-maps: /ptmp/hmueller2/2025_ibc_latent/outputs/glm/contrast_maps_fsLR/sub-04/res_task-FingerTap_space-fsLR_dir-ffx/z_score_maps/*.dscalar.nii
      Found 3 z-maps
    Processing task 'HcpEmotion':
      Task dir: /ptmp/hmueller2/2025_ibc_latent/outputs/glm/contrast_maps_fsLR/sub-04/res_task-HcpEmotion_space-fsLR_dir-ffx
      Z-map dir: /ptmp/hmueller2/2025_ibc_latent/outputs/glm/contrast_maps_fsLR/sub-04/res_task-HcpEmotion_space-fsLR_dir-ffx/z_score_maps
      Z-map dir exists: True
      Glob pattern for z-maps: /ptmp/hmueller2/2025_ibc_latent/outputs/glm/contrast_maps_fsLR/sub-04/res_task-HcpEmotion_space-fsLR_dir-ffx/z_score_maps/*.dscalar.nii
      Found 4 z-maps
    Processing task 'HcpGambling':
      Task dir: /ptmp/hmueller2/2025_ibc_latent/outputs/glm/contrast_maps_fsLR/sub-04/res_task-HcpGambling_space-fsLR_dir-ffx
      Z-map dir: /ptmp/hmueller2/2025_ibc_latent/outputs/glm/contrast_maps_fsLR/sub-04/res_task-HcpGambling_space-fsLR_dir-ffx/z_score_maps
      Z-map dir exists: True
      Glob pattern for z-maps: /ptmp/hmueller2/2025_ibc_latent/outputs/glm/contrast_maps_fsLR/sub-04/res_task-HcpGambling_space-fsLR_dir-ffx/z_score_maps/*.dscalar.nii
      Found 4 z-maps
    Processing task 'HcpLanguage':
      Task dir: /ptmp/hmueller2/2025_ibc_latent/outputs/glm/contrast_maps_fsLR/sub-04/res_task-HcpLanguage_space-fsLR_dir-ffx
      Z-map dir: /ptmp/hmueller2/2025_ibc_latent/outputs/glm/contrast_maps_fsLR/sub-04/res_task-HcpLanguage_space-fsLR_dir-ffx/z_score_maps
      Z-map dir exists: True
      Glob pattern for z-maps: /ptmp/hmueller2/2025_ibc_latent/outputs/glm/contrast_maps_fsLR/sub-04/res_task-HcpLanguage_space-fsLR_dir-ffx/z_score_maps/*.dscalar.nii
      Found 4 z-maps
    Processing task 'HcpMotor':
      Task dir: /ptmp/hmueller2/2025_ibc_latent/outputs/glm/contrast_maps_fsLR/sub-04/res_task-HcpMotor_space-fsLR_dir-ffx
      Z-map dir: /ptmp/hmueller2/2025_ibc_latent/outputs/glm/contrast_maps_fsLR/sub-04/res_task-HcpMotor_space-fsLR_dir-ffx/z_score_maps
      Z-map dir exists: True
      Glob pattern for z-maps: /ptmp/hmueller2/2025_ibc_latent/outputs/glm/contrast_maps_fsLR/sub-04/res_task-HcpMotor_space-fsLR_dir-ffx/z_score_maps/*.dscalar.nii
      Found 11 z-maps
    Processing task 'HcpRelational':
      Task dir: /ptmp/hmueller2/2025_ibc_latent/outputs/glm/contrast_maps_fsLR/sub-04/res_task-HcpRelational_space-fsLR_dir-ffx
      Z-map dir: /ptmp/hmueller2/2025_ibc_latent/outputs/glm/contrast_maps_fsLR/sub-04/res_task-HcpRelational_space-fsLR_dir-ffx/z_score_maps
      Z-map dir exists: True
      Glob pattern for z-maps: /ptmp/hmueller2/2025_ibc_latent/outputs/glm/contrast_maps_fsLR/sub-04/res_task-HcpRelational_space-fsLR_dir-ffx/z_score_maps/*.dscalar.nii
      Found 3 z-maps
    Processing task 'HcpSocial':
      Task dir: /ptmp/hmueller2/2025_ibc_latent/outputs/glm/contrast_maps_fsLR/sub-04/res_task-HcpSocial_space-fsLR_dir-ffx
      Z-map dir: /ptmp/hmueller2/2025_ibc_latent/outputs/glm/contrast_maps_fsLR/sub-04/res_task-HcpSocial_space-fsLR_dir-ffx/z_score_maps
      Z-map dir exists: True
      Glob pattern for z-maps: /ptmp/hmueller2/2025_ibc_latent/outputs/glm/contrast_maps_fsLR/sub-04/res_task-HcpSocial_space-fsLR_dir-ffx/z_score_maps/*.dscalar.nii
      Found 3 z-maps
    Processing task 'HcpWm':
      Task dir: /ptmp/hmueller2/2025_ibc_latent/outputs/glm/contrast_maps_fsLR/sub-04/res_task-HcpWm_space-fsLR_dir-ffx
      Z-map dir: /ptmp/hmueller2/2025_ibc_latent/outputs/glm/contrast_maps_fsLR/sub-04/res_task-HcpWm_space-fsLR_dir-ffx/z_score_maps
      Z-map dir exists: True
      Glob pattern for z-maps: /ptmp/hmueller2/2025_ibc_latent/outputs/glm/contrast_maps_fsLR/sub-04/res_task-HcpWm_space-fsLR_dir-ffx/z_score_maps/*.dscalar.nii
      Found 14 z-maps
    Processing task 'ItemRecognition':
      Task dir: /ptmp/hmueller2/2025_ibc_latent/outputs/glm/contrast_maps_fsLR/sub-04/res_task-ItemRecognition_space-fsLR_dir-ffx
      Z-map dir: /ptmp/hmueller2/2025_ibc_latent/outputs/glm/contrast_maps_fsLR/sub-04/res_task-ItemRecognition_space-fsLR_dir-ffx/z_score_maps
      Z-map dir exists: True
      Glob pattern for z-maps: /ptmp/hmueller2/2025_ibc_latent/outputs/glm/contrast_maps_fsLR/sub-04/res_task-ItemRecognition_space-fsLR_dir-ffx/z_score_maps/*.dscalar.nii
      Found 17 z-maps
    Processing task 'Lec1':
      Task dir: /ptmp/hmueller2/2025_ibc_latent/outputs/glm/contrast_maps_fsLR/sub-04/res_task-Lec1_space-fsLR_dir-ffx
      Z-map dir: /ptmp/hmueller2/2025_ibc_latent/outputs/glm/contrast_maps_fsLR/sub-04/res_task-Lec1_space-fsLR_dir-ffx/z_score_maps
      Z-map dir exists: True
      Glob pattern for z-maps: /ptmp/hmueller2/2025_ibc_latent/outputs/glm/contrast_maps_fsLR/sub-04/res_task-Lec1_space-fsLR_dir-ffx/z_score_maps/*.dscalar.nii
      Found 6 z-maps
    Processing task 'Lec2':
      Task dir: /ptmp/hmueller2/2025_ibc_latent/outputs/glm/contrast_maps_fsLR/sub-04/res_task-Lec2_space-fsLR_dir-ffx
      Z-map dir: /ptmp/hmueller2/2025_ibc_latent/outputs/glm/contrast_maps_fsLR/sub-04/res_task-Lec2_space-fsLR_dir-ffx/z_score_maps
      Z-map dir exists: True
      Glob pattern for z-maps: /ptmp/hmueller2/2025_ibc_latent/outputs/glm/contrast_maps_fsLR/sub-04/res_task-Lec2_space-fsLR_dir-ffx/z_score_maps/*.dscalar.nii
      Found 3 z-maps
    Processing task 'MCSE':
      Task dir: /ptmp/hmueller2/2025_ibc_latent/outputs/glm/contrast_maps_fsLR/sub-04/res_task-MCSE_space-fsLR_dir-ffx
      Z-map dir: /ptmp/hmueller2/2025_ibc_latent/outputs/glm/contrast_maps_fsLR/sub-04/res_task-MCSE_space-fsLR_dir-ffx/z_score_maps
      Z-map dir exists: True
      Glob pattern for z-maps: /ptmp/hmueller2/2025_ibc_latent/outputs/glm/contrast_maps_fsLR/sub-04/res_task-MCSE_space-fsLR_dir-ffx/z_score_maps/*.dscalar.nii
      Found 9 z-maps
    Processing task 'MTTNS':
      Task dir: /ptmp/hmueller2/2025_ibc_latent/outputs/glm/contrast_maps_fsLR/sub-04/res_task-MTTNS_space-fsLR_dir-ffx
      Z-map dir: /ptmp/hmueller2/2025_ibc_latent/outputs/glm/contrast_maps_fsLR/sub-04/res_task-MTTNS_space-fsLR_dir-ffx/z_score_maps
      Z-map dir exists: True
      Glob pattern for z-maps: /ptmp/hmueller2/2025_ibc_latent/outputs/glm/contrast_maps_fsLR/sub-04/res_task-MTTNS_space-fsLR_dir-ffx/z_score_maps/*.dscalar.nii
      Found 19 z-maps
    Processing task 'MTTWE':
      Task dir: /ptmp/hmueller2/2025_ibc_latent/outputs/glm/contrast_maps_fsLR/sub-04/res_task-MTTWE_space-fsLR_dir-ffx
      Z-map dir: /ptmp/hmueller2/2025_ibc_latent/outputs/glm/contrast_maps_fsLR/sub-04/res_task-MTTWE_space-fsLR_dir-ffx/z_score_maps
      Z-map dir exists: True
      Glob pattern for z-maps: /ptmp/hmueller2/2025_ibc_latent/outputs/glm/contrast_maps_fsLR/sub-04/res_task-MTTWE_space-fsLR_dir-ffx/z_score_maps/*.dscalar.nii
      Found 19 z-maps
    Processing task 'MVEB':
      Task dir: /ptmp/hmueller2/2025_ibc_latent/outputs/glm/contrast_maps_fsLR/sub-04/res_task-MVEB_space-fsLR_dir-ffx
      Z-map dir: /ptmp/hmueller2/2025_ibc_latent/outputs/glm/contrast_maps_fsLR/sub-04/res_task-MVEB_space-fsLR_dir-ffx/z_score_maps
      Z-map dir exists: True
      Glob pattern for z-maps: /ptmp/hmueller2/2025_ibc_latent/outputs/glm/contrast_maps_fsLR/sub-04/res_task-MVEB_space-fsLR_dir-ffx/z_score_maps/*.dscalar.nii
      Found 11 z-maps
    Processing task 'MVIS':
      Task dir: /ptmp/hmueller2/2025_ibc_latent/outputs/glm/contrast_maps_fsLR/sub-04/res_task-MVIS_space-fsLR_dir-ffx
      Z-map dir: /ptmp/hmueller2/2025_ibc_latent/outputs/glm/contrast_maps_fsLR/sub-04/res_task-MVIS_space-fsLR_dir-ffx/z_score_maps
      Z-map dir exists: True
      Glob pattern for z-maps: /ptmp/hmueller2/2025_ibc_latent/outputs/glm/contrast_maps_fsLR/sub-04/res_task-MVIS_space-fsLR_dir-ffx/z_score_maps/*.dscalar.nii
      Found 12 z-maps
    Processing task 'MathLanguage':
      Task dir: /ptmp/hmueller2/2025_ibc_latent/outputs/glm/contrast_maps_fsLR/sub-04/res_task-MathLanguage_space-fsLR_dir-ffx
      Z-map dir: /ptmp/hmueller2/2025_ibc_latent/outputs/glm/contrast_maps_fsLR/sub-04/res_task-MathLanguage_space-fsLR_dir-ffx/z_score_maps
      Z-map dir exists: True
      Glob pattern for z-maps: /ptmp/hmueller2/2025_ibc_latent/outputs/glm/contrast_maps_fsLR/sub-04/res_task-MathLanguage_space-fsLR_dir-ffx/z_score_maps/*.dscalar.nii
      Found 30 z-maps
    Processing task 'Motion':
      Task dir: /ptmp/hmueller2/2025_ibc_latent/outputs/glm/contrast_maps_fsLR/sub-04/res_task-Motion_space-fsLR_dir-ffx
      Z-map dir: /ptmp/hmueller2/2025_ibc_latent/outputs/glm/contrast_maps_fsLR/sub-04/res_task-Motion_space-fsLR_dir-ffx/z_score_maps
      Z-map dir exists: True
      Glob pattern for z-maps: /ptmp/hmueller2/2025_ibc_latent/outputs/glm/contrast_maps_fsLR/sub-04/res_task-Motion_space-fsLR_dir-ffx/z_score_maps/*.dscalar.nii
      Found 11 z-maps
    Processing task 'Moto':
      Task dir: /ptmp/hmueller2/2025_ibc_latent/outputs/glm/contrast_maps_fsLR/sub-04/res_task-Moto_space-fsLR_dir-ffx
      Z-map dir: /ptmp/hmueller2/2025_ibc_latent/outputs/glm/contrast_maps_fsLR/sub-04/res_task-Moto_space-fsLR_dir-ffx/z_score_maps
      Z-map dir exists: True
      Glob pattern for z-maps: /ptmp/hmueller2/2025_ibc_latent/outputs/glm/contrast_maps_fsLR/sub-04/res_task-Moto_space-fsLR_dir-ffx/z_score_maps/*.dscalar.nii
      Found 9 z-maps
    Processing task 'NARPS':
      Task dir: /ptmp/hmueller2/2025_ibc_latent/outputs/glm/contrast_maps_fsLR/sub-04/res_task-NARPS_space-fsLR_dir-ffx
      Z-map dir: /ptmp/hmueller2/2025_ibc_latent/outputs/glm/contrast_maps_fsLR/sub-04/res_task-NARPS_space-fsLR_dir-ffx/z_score_maps
      Z-map dir exists: True
      Glob pattern for z-maps: /ptmp/hmueller2/2025_ibc_latent/outputs/glm/contrast_maps_fsLR/sub-04/res_task-NARPS_space-fsLR_dir-ffx/z_score_maps/*.dscalar.nii
      Found 8 z-maps
    Processing task 'PainMovie':
      Task dir: /ptmp/hmueller2/2025_ibc_latent/outputs/glm/contrast_maps_fsLR/sub-04/res_task-PainMovie_space-fsLR_dir-ffx
      Z-map dir: /ptmp/hmueller2/2025_ibc_latent/outputs/glm/contrast_maps_fsLR/sub-04/res_task-PainMovie_space-fsLR_dir-ffx/z_score_maps
      Z-map dir exists: True
      Glob pattern for z-maps: /ptmp/hmueller2/2025_ibc_latent/outputs/glm/contrast_maps_fsLR/sub-04/res_task-PainMovie_space-fsLR_dir-ffx/z_score_maps/*.dscalar.nii
      Found 3 z-maps
    Processing task 'PreferenceFaces':
      Task dir: /ptmp/hmueller2/2025_ibc_latent/outputs/glm/contrast_maps_fsLR/sub-04/res_task-PreferenceFaces_space-fsLR_dir-ffx
      Z-map dir: /ptmp/hmueller2/2025_ibc_latent/outputs/glm/contrast_maps_fsLR/sub-04/res_task-PreferenceFaces_space-fsLR_dir-ffx/z_score_maps
      Z-map dir exists: True
      Glob pattern for z-maps: /ptmp/hmueller2/2025_ibc_latent/outputs/glm/contrast_maps_fsLR/sub-04/res_task-PreferenceFaces_space-fsLR_dir-ffx/z_score_maps/*.dscalar.nii
      Found 3 z-maps
    Processing task 'PreferenceFood':
      Task dir: /ptmp/hmueller2/2025_ibc_latent/outputs/glm/contrast_maps_fsLR/sub-04/res_task-PreferenceFood_space-fsLR_dir-ffx
      Z-map dir: /ptmp/hmueller2/2025_ibc_latent/outputs/glm/contrast_maps_fsLR/sub-04/res_task-PreferenceFood_space-fsLR_dir-ffx/z_score_maps
      Z-map dir exists: True
      Glob pattern for z-maps: /ptmp/hmueller2/2025_ibc_latent/outputs/glm/contrast_maps_fsLR/sub-04/res_task-PreferenceFood_space-fsLR_dir-ffx/z_score_maps/*.dscalar.nii
      Found 3 z-maps
    Processing task 'PreferenceHouses':
      Task dir: /ptmp/hmueller2/2025_ibc_latent/outputs/glm/contrast_maps_fsLR/sub-04/res_task-PreferenceHouses_space-fsLR_dir-ffx
      Z-map dir: /ptmp/hmueller2/2025_ibc_latent/outputs/glm/contrast_maps_fsLR/sub-04/res_task-PreferenceHouses_space-fsLR_dir-ffx/z_score_maps
      Z-map dir exists: True
      Glob pattern for z-maps: /ptmp/hmueller2/2025_ibc_latent/outputs/glm/contrast_maps_fsLR/sub-04/res_task-PreferenceHouses_space-fsLR_dir-ffx/z_score_maps/*.dscalar.nii
      Found 3 z-maps
    Processing task 'PreferencePaintings':
      Task dir: /ptmp/hmueller2/2025_ibc_latent/outputs/glm/contrast_maps_fsLR/sub-04/res_task-PreferencePaintings_space-fsLR_dir-ffx
      Z-map dir: /ptmp/hmueller2/2025_ibc_latent/outputs/glm/contrast_maps_fsLR/sub-04/res_task-PreferencePaintings_space-fsLR_dir-ffx/z_score_maps
      Z-map dir exists: True
      Glob pattern for z-maps: /ptmp/hmueller2/2025_ibc_latent/outputs/glm/contrast_maps_fsLR/sub-04/res_task-PreferencePaintings_space-fsLR_dir-ffx/z_score_maps/*.dscalar.nii
      Found 3 z-maps
    Processing task 'RSVPLanguage':
      Task dir: /ptmp/hmueller2/2025_ibc_latent/outputs/glm/contrast_maps_fsLR/sub-04/res_task-RSVPLanguage_space-fsLR_dir-ffx
      Z-map dir: /ptmp/hmueller2/2025_ibc_latent/outputs/glm/contrast_maps_fsLR/sub-04/res_task-RSVPLanguage_space-fsLR_dir-ffx/z_score_maps
      Z-map dir exists: True
      Glob pattern for z-maps: /ptmp/hmueller2/2025_ibc_latent/outputs/glm/contrast_maps_fsLR/sub-04/res_task-RSVPLanguage_space-fsLR_dir-ffx/z_score_maps/*.dscalar.nii
      Found 19 z-maps
    Processing task 'RewProc':
      Task dir: /ptmp/hmueller2/2025_ibc_latent/outputs/glm/contrast_maps_fsLR/sub-04/res_task-RewProc_space-fsLR_dir-ffx
      Z-map dir: /ptmp/hmueller2/2025_ibc_latent/outputs/glm/contrast_maps_fsLR/sub-04/res_task-RewProc_space-fsLR_dir-ffx/z_score_maps
      Z-map dir exists: True
      Glob pattern for z-maps: /ptmp/hmueller2/2025_ibc_latent/outputs/glm/contrast_maps_fsLR/sub-04/res_task-RewProc_space-fsLR_dir-ffx/z_score_maps/*.dscalar.nii
      Found 17 z-maps
    Processing task 'Scene':
      Task dir: /ptmp/hmueller2/2025_ibc_latent/outputs/glm/contrast_maps_fsLR/sub-04/res_task-Scene_space-fsLR_dir-ffx
      Z-map dir: /ptmp/hmueller2/2025_ibc_latent/outputs/glm/contrast_maps_fsLR/sub-04/res_task-Scene_space-fsLR_dir-ffx/z_score_maps
      Z-map dir exists: True
      Glob pattern for z-maps: /ptmp/hmueller2/2025_ibc_latent/outputs/glm/contrast_maps_fsLR/sub-04/res_task-Scene_space-fsLR_dir-ffx/z_score_maps/*.dscalar.nii
      Found 11 z-maps
    Processing task 'SelectiveStopSignal':
      Task dir: /ptmp/hmueller2/2025_ibc_latent/outputs/glm/contrast_maps_fsLR/sub-04/res_task-SelectiveStopSignal_space-fsLR_dir-ffx
      Z-map dir: /ptmp/hmueller2/2025_ibc_latent/outputs/glm/contrast_maps_fsLR/sub-04/res_task-SelectiveStopSignal_space-fsLR_dir-ffx/z_score_maps
      Z-map dir exists: True
      Glob pattern for z-maps: /ptmp/hmueller2/2025_ibc_latent/outputs/glm/contrast_maps_fsLR/sub-04/res_task-SelectiveStopSignal_space-fsLR_dir-ffx/z_score_maps/*.dscalar.nii
      Found 8 z-maps
    Processing task 'Self':
      Task dir: /ptmp/hmueller2/2025_ibc_latent/outputs/glm/contrast_maps_fsLR/sub-04/res_task-Self_space-fsLR_dir-ffx
      Z-map dir: /ptmp/hmueller2/2025_ibc_latent/outputs/glm/contrast_maps_fsLR/sub-04/res_task-Self_space-fsLR_dir-ffx/z_score_maps
      Z-map dir exists: True
      Glob pattern for z-maps: /ptmp/hmueller2/2025_ibc_latent/outputs/glm/contrast_maps_fsLR/sub-04/res_task-Self_space-fsLR_dir-ffx/z_score_maps/*.dscalar.nii
      Found 11 z-maps
    Processing task 'SpatialNavigation':
      Task dir: /ptmp/hmueller2/2025_ibc_latent/outputs/glm/contrast_maps_fsLR/sub-04/res_task-SpatialNavigation_space-fsLR_dir-ffx
      Z-map dir: /ptmp/hmueller2/2025_ibc_latent/outputs/glm/contrast_maps_fsLR/sub-04/res_task-SpatialNavigation_space-fsLR_dir-ffx/z_score_maps
      Z-map dir exists: True
      Glob pattern for z-maps: /ptmp/hmueller2/2025_ibc_latent/outputs/glm/contrast_maps_fsLR/sub-04/res_task-SpatialNavigation_space-fsLR_dir-ffx/z_score_maps/*.dscalar.nii
      Found 9 z-maps
    Processing task 'StopNogo':
      Task dir: /ptmp/hmueller2/2025_ibc_latent/outputs/glm/contrast_maps_fsLR/sub-04/res_task-StopNogo_space-fsLR_dir-ffx
      Z-map dir: /ptmp/hmueller2/2025_ibc_latent/outputs/glm/contrast_maps_fsLR/sub-04/res_task-StopNogo_space-fsLR_dir-ffx/z_score_maps
      Z-map dir exists: True
      Glob pattern for z-maps: /ptmp/hmueller2/2025_ibc_latent/outputs/glm/contrast_maps_fsLR/sub-04/res_task-StopNogo_space-fsLR_dir-ffx/z_score_maps/*.dscalar.nii
      Found 7 z-maps
    Processing task 'StopSignal':
      Task dir: /ptmp/hmueller2/2025_ibc_latent/outputs/glm/contrast_maps_fsLR/sub-04/res_task-StopSignal_space-fsLR_dir-ffx
      Z-map dir: /ptmp/hmueller2/2025_ibc_latent/outputs/glm/contrast_maps_fsLR/sub-04/res_task-StopSignal_space-fsLR_dir-ffx/z_score_maps
      Z-map dir exists: True
      Glob pattern for z-maps: /ptmp/hmueller2/2025_ibc_latent/outputs/glm/contrast_maps_fsLR/sub-04/res_task-StopSignal_space-fsLR_dir-ffx/z_score_maps/*.dscalar.nii
      Found 3 z-maps
    Processing task 'Stroop':
      Task dir: /ptmp/hmueller2/2025_ibc_latent/outputs/glm/contrast_maps_fsLR/sub-04/res_task-Stroop_space-fsLR_dir-ffx
      Z-map dir: /ptmp/hmueller2/2025_ibc_latent/outputs/glm/contrast_maps_fsLR/sub-04/res_task-Stroop_space-fsLR_dir-ffx/z_score_maps
      Z-map dir exists: True
      Glob pattern for z-maps: /ptmp/hmueller2/2025_ibc_latent/outputs/glm/contrast_maps_fsLR/sub-04/res_task-Stroop_space-fsLR_dir-ffx/z_score_maps/*.dscalar.nii
      Found 3 z-maps
    Processing task 'TheoryOfMind':
      Task dir: /ptmp/hmueller2/2025_ibc_latent/outputs/glm/contrast_maps_fsLR/sub-04/res_task-TheoryOfMind_space-fsLR_dir-ffx
      Z-map dir: /ptmp/hmueller2/2025_ibc_latent/outputs/glm/contrast_maps_fsLR/sub-04/res_task-TheoryOfMind_space-fsLR_dir-ffx/z_score_maps
      Z-map dir exists: True
      Glob pattern for z-maps: /ptmp/hmueller2/2025_ibc_latent/outputs/glm/contrast_maps_fsLR/sub-04/res_task-TheoryOfMind_space-fsLR_dir-ffx/z_score_maps/*.dscalar.nii
      Found 3 z-maps
    Processing task 'TwoByTwo':
      Task dir: /ptmp/hmueller2/2025_ibc_latent/outputs/glm/contrast_maps_fsLR/sub-04/res_task-TwoByTwo_space-fsLR_dir-ffx
      Z-map dir: /ptmp/hmueller2/2025_ibc_latent/outputs/glm/contrast_maps_fsLR/sub-04/res_task-TwoByTwo_space-fsLR_dir-ffx/z_score_maps
      Z-map dir exists: True
      Glob pattern for z-maps: /ptmp/hmueller2/2025_ibc_latent/outputs/glm/contrast_maps_fsLR/sub-04/res_task-TwoByTwo_space-fsLR_dir-ffx/z_score_maps/*.dscalar.nii
      Found 10 z-maps
    Processing task 'VSTMC':
      Task dir: /ptmp/hmueller2/2025_ibc_latent/outputs/glm/contrast_maps_fsLR/sub-04/res_task-VSTMC_space-fsLR_dir-ffx
      Z-map dir: /ptmp/hmueller2/2025_ibc_latent/outputs/glm/contrast_maps_fsLR/sub-04/res_task-VSTMC_space-fsLR_dir-ffx/z_score_maps
      Z-map dir exists: True
      Glob pattern for z-maps: /ptmp/hmueller2/2025_ibc_latent/outputs/glm/contrast_maps_fsLR/sub-04/res_task-VSTMC_space-fsLR_dir-ffx/z_score_maps/*.dscalar.nii
      Found 10 z-maps
    Processing task 'VSTM':
      Task dir: /ptmp/hmueller2/2025_ibc_latent/outputs/glm/contrast_maps_fsLR/sub-04/res_task-VSTM_space-fsLR_dir-ffx
      Z-map dir: /ptmp/hmueller2/2025_ibc_latent/outputs/glm/contrast_maps_fsLR/sub-04/res_task-VSTM_space-fsLR_dir-ffx/z_score_maps
      Z-map dir exists: True
      Glob pattern for z-maps: /ptmp/hmueller2/2025_ibc_latent/outputs/glm/contrast_maps_fsLR/sub-04/res_task-VSTM_space-fsLR_dir-ffx/z_score_maps/*.dscalar.nii
      Found 3 z-maps
    Processing task 'Visu':
      Task dir: /ptmp/hmueller2/2025_ibc_latent/outputs/glm/contrast_maps_fsLR/sub-04/res_task-Visu_space-fsLR_dir-ffx
      Z-map dir: /ptmp/hmueller2/2025_ibc_latent/outputs/glm/contrast_maps_fsLR/sub-04/res_task-Visu_space-fsLR_dir-ffx/z_score_maps
      Z-map dir exists: True
      Glob pattern for z-maps: /ptmp/hmueller2/2025_ibc_latent/outputs/glm/contrast_maps_fsLR/sub-04/res_task-Visu_space-fsLR_dir-ffx/z_score_maps/*.dscalar.nii
      Found 16 z-maps
    Processing task 'VisualSearch':
      Task dir: /ptmp/hmueller2/2025_ibc_latent/outputs/glm/contrast_maps_fsLR/sub-04/res_task-VisualSearch_space-fsLR_dir-ffx
      Z-map dir: /ptmp/hmueller2/2025_ibc_latent/outputs/glm/contrast_maps_fsLR/sub-04/res_task-VisualSearch_space-fsLR_dir-ffx/z_score_maps
      Z-map dir exists: True
      Glob pattern for z-maps: /ptmp/hmueller2/2025_ibc_latent/outputs/glm/contrast_maps_fsLR/sub-04/res_task-VisualSearch_space-fsLR_dir-ffx/z_score_maps/*.dscalar.nii
      Found 22 z-maps
    Processing task 'WardAndAllport':
      Task dir: /ptmp/hmueller2/2025_ibc_latent/outputs/glm/contrast_maps_fsLR/sub-04/res_task-WardAndAllport_space-fsLR_dir-ffx
      Z-map dir: /ptmp/hmueller2/2025_ibc_latent/outputs/glm/contrast_maps_fsLR/sub-04/res_task-WardAndAllport_space-fsLR_dir-ffx/z_score_maps
      Z-map dir exists: True
      Glob pattern for z-maps: /ptmp/hmueller2/2025_ibc_latent/outputs/glm/contrast_maps_fsLR/sub-04/res_task-WardAndAllport_space-fsLR_dir-ffx/z_score_maps/*.dscalar.nii
      Found 10 z-maps
    Processing task 'WedgeAnti':
      Task dir: /ptmp/hmueller2/2025_ibc_latent/outputs/glm/contrast_maps_fsLR/sub-04/res_task-WedgeAnti_space-fsLR_dir-ffx
      Z-map dir: /ptmp/hmueller2/2025_ibc_latent/outputs/glm/contrast_maps_fsLR/sub-04/res_task-WedgeAnti_space-fsLR_dir-ffx/z_score_maps
      Z-map dir exists: True
      Glob pattern for z-maps: /ptmp/hmueller2/2025_ibc_latent/outputs/glm/contrast_maps_fsLR/sub-04/res_task-WedgeAnti_space-fsLR_dir-ffx/z_score_maps/*.dscalar.nii
      Found 8 z-maps
    Processing task 'WedgeClock':
      Task dir: /ptmp/hmueller2/2025_ibc_latent/outputs/glm/contrast_maps_fsLR/sub-04/res_task-WedgeClock_space-fsLR_dir-ffx
      Z-map dir: /ptmp/hmueller2/2025_ibc_latent/outputs/glm/contrast_maps_fsLR/sub-04/res_task-WedgeClock_space-fsLR_dir-ffx/z_score_maps
      Z-map dir exists: True
      Glob pattern for z-maps: /ptmp/hmueller2/2025_ibc_latent/outputs/glm/contrast_maps_fsLR/sub-04/res_task-WedgeClock_space-fsLR_dir-ffx/z_score_maps/*.dscalar.nii
      Found 8 z-maps

============================================================
Processing subject 06
============================================================
  Looking for contrasts in: /ptmp/hmueller2/2025_ibc_latent/outputs/glm/contrast_maps_fsLR/sub-06
  Subject directory contents (90 items): ['res_task-ArchiEmotional_space-fsLR_dir-ffx', 'res_task-ArchiSocial_space-fsLR_dir-ffx', 'res_task-ArchiSpatial_space-fsLR_dir-ffx', 'res_task-ArchiStandard_space-fsLR_dir-ffx', 'res_task-Attention_space-fsLR_dir-ffx', 'res_task-Audi_space-fsLR_dir-ffx', 'res_task-BiologicalMotion1_space-fsLR_dir-ffx', 'res_task-BiologicalMotion2_space-fsLR_dir-ffx', 'res_task-BreathHolding_space-fsLR_dir-ffx', 'res_task-Catell_space-fsLR_dir-ffx', 'res_task-Checkerboard_space-fsLR_dir-ffx', 'res_task-Color_space-fsLR_dir-ffx', 'res_task-ColumbiaCards_space-fsLR_dir-ffx', 'res_task-Discount_space-fsLR_dir-ffx', 'res_task-DotPatterns_space-fsLR_dir-ffx', 'res_task-EmoMem_space-fsLR_dir-ffx', 'res_task-EmoReco_space-fsLR_dir-ffx', 'res_task-EmotionalPain_space-fsLR_dir-ffx', 'res_task-Enumeration_space-fsLR_dir-ffx', 'res_task-FaceBody_space-fsLR_dir-ffx', 'res_task-FingerTap_space-fsLR_dir-ffx', 'res_task-HcpEmotion_space-fsLR_dir-ffx', 'res_task-HcpGambling_space-fsLR_dir-ffx', 'res_task-HcpLanguage_space-fsLR_dir-ffx', 'res_task-HcpMotor_space-fsLR_dir-ffx', 'res_task-HcpRelational_space-fsLR_dir-ffx', 'res_task-HcpSocial_space-fsLR_dir-ffx', 'res_task-HcpWm_space-fsLR_dir-ffx', 'res_task-ItemRecognition_space-fsLR_dir-ffx', 'res_task-Lec1_space-fsLR_dir-ffx', 'res_task-Lec2_space-fsLR_dir-ffx', 'res_task-MCSE_space-fsLR_dir-ffx', 'res_task-MTTNS_space-fsLR_dir-ffx', 'res_task-MTTWE_space-fsLR_dir-ffx', 'res_task-MVEB_space-fsLR_dir-ffx', 'res_task-MVIS_space-fsLR_dir-ffx', 'res_task-MathLanguage_space-fsLR_dir-ffx', 'res_task-Motion_space-fsLR_dir-ffx', 'res_task-Moto_space-fsLR_dir-ffx', 'res_task-NARPS_space-fsLR_dir-ffx', 'res_task-PainMovie_space-fsLR_dir-ffx', 'res_task-PreferenceFaces_space-fsLR_dir-ffx', 'res_task-PreferenceFood_space-fsLR_dir-ffx', 'res_task-PreferenceHouses_space-fsLR_dir-ffx', 'res_task-PreferencePaintings_space-fsLR_dir-ffx', 'res_task-RSVPLanguage_space-fsLR_dir-ffx', 'res_task-RewProc_space-fsLR_dir-ffx', 'res_task-Scene_space-fsLR_dir-ffx', 'res_task-SelectiveStopSignal_space-fsLR_dir-ffx', 'res_task-Self_space-fsLR_dir-ffx', 'res_task-SpatialNavigation_space-fsLR_dir-ffx', 'res_task-StopNogo_space-fsLR_dir-ffx', 'res_task-StopSignal_space-fsLR_dir-ffx', 'res_task-Stroop_space-fsLR_dir-ffx', 'res_task-TheoryOfMind_space-fsLR_dir-ffx', 'res_task-TwoByTwo_space-fsLR_dir-ffx', 'res_task-VSTMC_space-fsLR_dir-ffx', 'res_task-VSTM_space-fsLR_dir-ffx', 'res_task-Visu_space-fsLR_dir-ffx', 'res_task-VisualSearch_space-fsLR_dir-ffx', 'res_task-WardAndAllport_space-fsLR_dir-ffx', 'res_task-WedgeAnti_space-fsLR_dir-ffx', 'res_task-WedgeClock_space-fsLR_dir-ffx', 'ses-00', 'ses-01', 'ses-02', 'ses-03', 'ses-04', 'ses-08', 'ses-11', 'ses-12', 'ses-15', 'ses-16', 'ses-17', 'ses-18', 'ses-19', 'ses-21', 'ses-24', 'ses-25', 'ses-26', 'ses-29', 'ses-30', 'ses-31', 'ses-35', 'ses-36', 'ses-37', 'ses-38', 'ses-39', 'ses-40', 'ses-42']
  Glob pattern: /ptmp/hmueller2/2025_ibc_latent/outputs/glm/contrast_maps_fsLR/sub-06/res_task-*_space-fsLR_dir-ffx
  Found 63 task directories: ['/ptmp/hmueller2/2025_ibc_latent/outputs/glm/contrast_maps_fsLR/sub-06/res_task-ArchiEmotional_space-fsLR_dir-ffx', '/ptmp/hmueller2/2025_ibc_latent/outputs/glm/contrast_maps_fsLR/sub-06/res_task-ArchiSocial_space-fsLR_dir-ffx', '/ptmp/hmueller2/2025_ibc_latent/outputs/glm/contrast_maps_fsLR/sub-06/res_task-ArchiSpatial_space-fsLR_dir-ffx', '/ptmp/hmueller2/2025_ibc_latent/outputs/glm/contrast_maps_fsLR/sub-06/res_task-ArchiStandard_space-fsLR_dir-ffx', '/ptmp/hmueller2/2025_ibc_latent/outputs/glm/contrast_maps_fsLR/sub-06/res_task-Attention_space-fsLR_dir-ffx', '/ptmp/hmueller2/2025_ibc_latent/outputs/glm/contrast_maps_fsLR/sub-06/res_task-Audi_space-fsLR_dir-ffx', '/ptmp/hmueller2/2025_ibc_latent/outputs/glm/contrast_maps_fsLR/sub-06/res_task-BiologicalMotion1_space-fsLR_dir-ffx', '/ptmp/hmueller2/2025_ibc_latent/outputs/glm/contrast_maps_fsLR/sub-06/res_task-BiologicalMotion2_space-fsLR_dir-ffx', '/ptmp/hmueller2/2025_ibc_latent/outputs/glm/contrast_maps_fsLR/sub-06/res_task-BreathHolding_space-fsLR_dir-ffx', '/ptmp/hmueller2/2025_ibc_latent/outputs/glm/contrast_maps_fsLR/sub-06/res_task-Catell_space-fsLR_dir-ffx', '/ptmp/hmueller2/2025_ibc_latent/outputs/glm/contrast_maps_fsLR/sub-06/res_task-Checkerboard_space-fsLR_dir-ffx', '/ptmp/hmueller2/2025_ibc_latent/outputs/glm/contrast_maps_fsLR/sub-06/res_task-Color_space-fsLR_dir-ffx', '/ptmp/hmueller2/2025_ibc_latent/outputs/glm/contrast_maps_fsLR/sub-06/res_task-ColumbiaCards_space-fsLR_dir-ffx', '/ptmp/hmueller2/2025_ibc_latent/outputs/glm/contrast_maps_fsLR/sub-06/res_task-Discount_space-fsLR_dir-ffx', '/ptmp/hmueller2/2025_ibc_latent/outputs/glm/contrast_maps_fsLR/sub-06/res_task-DotPatterns_space-fsLR_dir-ffx', '/ptmp/hmueller2/2025_ibc_latent/outputs/glm/contrast_maps_fsLR/sub-06/res_task-EmoMem_space-fsLR_dir-ffx', '/ptmp/hmueller2/2025_ibc_latent/outputs/glm/contrast_maps_fsLR/sub-06/res_task-EmoReco_space-fsLR_dir-ffx', '/ptmp/hmueller2/2025_ibc_latent/outputs/glm/contrast_maps_fsLR/sub-06/res_task-EmotionalPain_space-fsLR_dir-ffx', '/ptmp/hmueller2/2025_ibc_latent/outputs/glm/contrast_maps_fsLR/sub-06/res_task-Enumeration_space-fsLR_dir-ffx', '/ptmp/hmueller2/2025_ibc_latent/outputs/glm/contrast_maps_fsLR/sub-06/res_task-FaceBody_space-fsLR_dir-ffx', '/ptmp/hmueller2/2025_ibc_latent/outputs/glm/contrast_maps_fsLR/sub-06/res_task-FingerTap_space-fsLR_dir-ffx', '/ptmp/hmueller2/2025_ibc_latent/outputs/glm/contrast_maps_fsLR/sub-06/res_task-HcpEmotion_space-fsLR_dir-ffx', '/ptmp/hmueller2/2025_ibc_latent/outputs/glm/contrast_maps_fsLR/sub-06/res_task-HcpGambling_space-fsLR_dir-ffx', '/ptmp/hmueller2/2025_ibc_latent/outputs/glm/contrast_maps_fsLR/sub-06/res_task-HcpLanguage_space-fsLR_dir-ffx', '/ptmp/hmueller2/2025_ibc_latent/outputs/glm/contrast_maps_fsLR/sub-06/res_task-HcpMotor_space-fsLR_dir-ffx', '/ptmp/hmueller2/2025_ibc_latent/outputs/glm/contrast_maps_fsLR/sub-06/res_task-HcpRelational_space-fsLR_dir-ffx', '/ptmp/hmueller2/2025_ibc_latent/outputs/glm/contrast_maps_fsLR/sub-06/res_task-HcpSocial_space-fsLR_dir-ffx', '/ptmp/hmueller2/2025_ibc_latent/outputs/glm/contrast_maps_fsLR/sub-06/res_task-HcpWm_space-fsLR_dir-ffx', '/ptmp/hmueller2/2025_ibc_latent/outputs/glm/contrast_maps_fsLR/sub-06/res_task-ItemRecognition_space-fsLR_dir-ffx', '/ptmp/hmueller2/2025_ibc_latent/outputs/glm/contrast_maps_fsLR/sub-06/res_task-Lec1_space-fsLR_dir-ffx', '/ptmp/hmueller2/2025_ibc_latent/outputs/glm/contrast_maps_fsLR/sub-06/res_task-Lec2_space-fsLR_dir-ffx', '/ptmp/hmueller2/2025_ibc_latent/outputs/glm/contrast_maps_fsLR/sub-06/res_task-MCSE_space-fsLR_dir-ffx', '/ptmp/hmueller2/2025_ibc_latent/outputs/glm/contrast_maps_fsLR/sub-06/res_task-MTTNS_space-fsLR_dir-ffx', '/ptmp/hmueller2/2025_ibc_latent/outputs/glm/contrast_maps_fsLR/sub-06/res_task-MTTWE_space-fsLR_dir-ffx', '/ptmp/hmueller2/2025_ibc_latent/outputs/glm/contrast_maps_fsLR/sub-06/res_task-MVEB_space-fsLR_dir-ffx', '/ptmp/hmueller2/2025_ibc_latent/outputs/glm/contrast_maps_fsLR/sub-06/res_task-MVIS_space-fsLR_dir-ffx', '/ptmp/hmueller2/2025_ibc_latent/outputs/glm/contrast_maps_fsLR/sub-06/res_task-MathLanguage_space-fsLR_dir-ffx', '/ptmp/hmueller2/2025_ibc_latent/outputs/glm/contrast_maps_fsLR/sub-06/res_task-Motion_space-fsLR_dir-ffx', '/ptmp/hmueller2/2025_ibc_latent/outputs/glm/contrast_maps_fsLR/sub-06/res_task-Moto_space-fsLR_dir-ffx', '/ptmp/hmueller2/2025_ibc_latent/outputs/glm/contrast_maps_fsLR/sub-06/res_task-NARPS_space-fsLR_dir-ffx', '/ptmp/hmueller2/2025_ibc_latent/outputs/glm/contrast_maps_fsLR/sub-06/res_task-PainMovie_space-fsLR_dir-ffx', '/ptmp/hmueller2/2025_ibc_latent/outputs/glm/contrast_maps_fsLR/sub-06/res_task-PreferenceFaces_space-fsLR_dir-ffx', '/ptmp/hmueller2/2025_ibc_latent/outputs/glm/contrast_maps_fsLR/sub-06/res_task-PreferenceFood_space-fsLR_dir-ffx', '/ptmp/hmueller2/2025_ibc_latent/outputs/glm/contrast_maps_fsLR/sub-06/res_task-PreferenceHouses_space-fsLR_dir-ffx', '/ptmp/hmueller2/2025_ibc_latent/outputs/glm/contrast_maps_fsLR/sub-06/res_task-PreferencePaintings_space-fsLR_dir-ffx', '/ptmp/hmueller2/2025_ibc_latent/outputs/glm/contrast_maps_fsLR/sub-06/res_task-RSVPLanguage_space-fsLR_dir-ffx', '/ptmp/hmueller2/2025_ibc_latent/outputs/glm/contrast_maps_fsLR/sub-06/res_task-RewProc_space-fsLR_dir-ffx', '/ptmp/hmueller2/2025_ibc_latent/outputs/glm/contrast_maps_fsLR/sub-06/res_task-Scene_space-fsLR_dir-ffx', '/ptmp/hmueller2/2025_ibc_latent/outputs/glm/contrast_maps_fsLR/sub-06/res_task-SelectiveStopSignal_space-fsLR_dir-ffx', '/ptmp/hmueller2/2025_ibc_latent/outputs/glm/contrast_maps_fsLR/sub-06/res_task-Self_space-fsLR_dir-ffx', '/ptmp/hmueller2/2025_ibc_latent/outputs/glm/contrast_maps_fsLR/sub-06/res_task-SpatialNavigation_space-fsLR_dir-ffx', '/ptmp/hmueller2/2025_ibc_latent/outputs/glm/contrast_maps_fsLR/sub-06/res_task-StopNogo_space-fsLR_dir-ffx', '/ptmp/hmueller2/2025_ibc_latent/outputs/glm/contrast_maps_fsLR/sub-06/res_task-StopSignal_space-fsLR_dir-ffx', '/ptmp/hmueller2/2025_ibc_latent/outputs/glm/contrast_maps_fsLR/sub-06/res_task-Stroop_space-fsLR_dir-ffx', '/ptmp/hmueller2/2025_ibc_latent/outputs/glm/contrast_maps_fsLR/sub-06/res_task-TheoryOfMind_space-fsLR_dir-ffx', '/ptmp/hmueller2/2025_ibc_latent/outputs/glm/contrast_maps_fsLR/sub-06/res_task-TwoByTwo_space-fsLR_dir-ffx', '/ptmp/hmueller2/2025_ibc_latent/outputs/glm/contrast_maps_fsLR/sub-06/res_task-VSTMC_space-fsLR_dir-ffx', '/ptmp/hmueller2/2025_ibc_latent/outputs/glm/contrast_maps_fsLR/sub-06/res_task-VSTM_space-fsLR_dir-ffx', '/ptmp/hmueller2/2025_ibc_latent/outputs/glm/contrast_maps_fsLR/sub-06/res_task-Visu_space-fsLR_dir-ffx', '/ptmp/hmueller2/2025_ibc_latent/outputs/glm/contrast_maps_fsLR/sub-06/res_task-VisualSearch_space-fsLR_dir-ffx', '/ptmp/hmueller2/2025_ibc_latent/outputs/glm/contrast_maps_fsLR/sub-06/res_task-WardAndAllport_space-fsLR_dir-ffx', '/ptmp/hmueller2/2025_ibc_latent/outputs/glm/contrast_maps_fsLR/sub-06/res_task-WedgeAnti_space-fsLR_dir-ffx', '/ptmp/hmueller2/2025_ibc_latent/outputs/glm/contrast_maps_fsLR/sub-06/res_task-WedgeClock_space-fsLR_dir-ffx']
    Processing task 'ArchiEmotional':
      Task dir: /ptmp/hmueller2/2025_ibc_latent/outputs/glm/contrast_maps_fsLR/sub-06/res_task-ArchiEmotional_space-fsLR_dir-ffx
      Z-map dir: /ptmp/hmueller2/2025_ibc_latent/outputs/glm/contrast_maps_fsLR/sub-06/res_task-ArchiEmotional_space-fsLR_dir-ffx/z_score_maps
      Z-map dir exists: True
      Glob pattern for z-maps: /ptmp/hmueller2/2025_ibc_latent/outputs/glm/contrast_maps_fsLR/sub-06/res_task-ArchiEmotional_space-fsLR_dir-ffx/z_score_maps/*.dscalar.nii
      Found 14 z-maps
    Processing task 'ArchiSocial':
      Task dir: /ptmp/hmueller2/2025_ibc_latent/outputs/glm/contrast_maps_fsLR/sub-06/res_task-ArchiSocial_space-fsLR_dir-ffx
      Z-map dir: /ptmp/hmueller2/2025_ibc_latent/outputs/glm/contrast_maps_fsLR/sub-06/res_task-ArchiSocial_space-fsLR_dir-ffx/z_score_maps
      Z-map dir exists: True
      Glob pattern for z-maps: /ptmp/hmueller2/2025_ibc_latent/outputs/glm/contrast_maps_fsLR/sub-06/res_task-ArchiSocial_space-fsLR_dir-ffx/z_score_maps/*.dscalar.nii
      Found 13 z-maps
    Processing task 'ArchiSpatial':
      Task dir: /ptmp/hmueller2/2025_ibc_latent/outputs/glm/contrast_maps_fsLR/sub-06/res_task-ArchiSpatial_space-fsLR_dir-ffx
      Z-map dir: /ptmp/hmueller2/2025_ibc_latent/outputs/glm/contrast_maps_fsLR/sub-06/res_task-ArchiSpatial_space-fsLR_dir-ffx/z_score_maps
      Z-map dir exists: True
      Glob pattern for z-maps: /ptmp/hmueller2/2025_ibc_latent/outputs/glm/contrast_maps_fsLR/sub-06/res_task-ArchiSpatial_space-fsLR_dir-ffx/z_score_maps/*.dscalar.nii
      Found 7 z-maps
    Processing task 'ArchiStandard':
      Task dir: /ptmp/hmueller2/2025_ibc_latent/outputs/glm/contrast_maps_fsLR/sub-06/res_task-ArchiStandard_space-fsLR_dir-ffx
      Z-map dir: /ptmp/hmueller2/2025_ibc_latent/outputs/glm/contrast_maps_fsLR/sub-06/res_task-ArchiStandard_space-fsLR_dir-ffx/z_score_maps
      Z-map dir exists: True
      Glob pattern for z-maps: /ptmp/hmueller2/2025_ibc_latent/outputs/glm/contrast_maps_fsLR/sub-06/res_task-ArchiStandard_space-fsLR_dir-ffx/z_score_maps/*.dscalar.nii
      Found 23 z-maps
    Processing task 'Attention':
      Task dir: /ptmp/hmueller2/2025_ibc_latent/outputs/glm/contrast_maps_fsLR/sub-06/res_task-Attention_space-fsLR_dir-ffx
      Z-map dir: /ptmp/hmueller2/2025_ibc_latent/outputs/glm/contrast_maps_fsLR/sub-06/res_task-Attention_space-fsLR_dir-ffx/z_score_maps
      Z-map dir exists: True
      Glob pattern for z-maps: /ptmp/hmueller2/2025_ibc_latent/outputs/glm/contrast_maps_fsLR/sub-06/res_task-Attention_space-fsLR_dir-ffx/z_score_maps/*.dscalar.nii
      Found 10 z-maps
    Processing task 'Audi':
      Task dir: /ptmp/hmueller2/2025_ibc_latent/outputs/glm/contrast_maps_fsLR/sub-06/res_task-Audi_space-fsLR_dir-ffx
      Z-map dir: /ptmp/hmueller2/2025_ibc_latent/outputs/glm/contrast_maps_fsLR/sub-06/res_task-Audi_space-fsLR_dir-ffx/z_score_maps
      Z-map dir exists: True
      Glob pattern for z-maps: /ptmp/hmueller2/2025_ibc_latent/outputs/glm/contrast_maps_fsLR/sub-06/res_task-Audi_space-fsLR_dir-ffx/z_score_maps/*.dscalar.nii
      Found 25 z-maps
    Processing task 'BiologicalMotion1':
      Task dir: /ptmp/hmueller2/2025_ibc_latent/outputs/glm/contrast_maps_fsLR/sub-06/res_task-BiologicalMotion1_space-fsLR_dir-ffx
      Z-map dir: /ptmp/hmueller2/2025_ibc_latent/outputs/glm/contrast_maps_fsLR/sub-06/res_task-BiologicalMotion1_space-fsLR_dir-ffx/z_score_maps
      Z-map dir exists: True
      Glob pattern for z-maps: /ptmp/hmueller2/2025_ibc_latent/outputs/glm/contrast_maps_fsLR/sub-06/res_task-BiologicalMotion1_space-fsLR_dir-ffx/z_score_maps/*.dscalar.nii
      Found 10 z-maps
    Processing task 'BiologicalMotion2':
      Task dir: /ptmp/hmueller2/2025_ibc_latent/outputs/glm/contrast_maps_fsLR/sub-06/res_task-BiologicalMotion2_space-fsLR_dir-ffx
      Z-map dir: /ptmp/hmueller2/2025_ibc_latent/outputs/glm/contrast_maps_fsLR/sub-06/res_task-BiologicalMotion2_space-fsLR_dir-ffx/z_score_maps
      Z-map dir exists: True
      Glob pattern for z-maps: /ptmp/hmueller2/2025_ibc_latent/outputs/glm/contrast_maps_fsLR/sub-06/res_task-BiologicalMotion2_space-fsLR_dir-ffx/z_score_maps/*.dscalar.nii
      Found 10 z-maps
    Processing task 'BreathHolding':
      Task dir: /ptmp/hmueller2/2025_ibc_latent/outputs/glm/contrast_maps_fsLR/sub-06/res_task-BreathHolding_space-fsLR_dir-ffx
      Z-map dir: /ptmp/hmueller2/2025_ibc_latent/outputs/glm/contrast_maps_fsLR/sub-06/res_task-BreathHolding_space-fsLR_dir-ffx/z_score_maps
      Z-map dir exists: True
      Glob pattern for z-maps: /ptmp/hmueller2/2025_ibc_latent/outputs/glm/contrast_maps_fsLR/sub-06/res_task-BreathHolding_space-fsLR_dir-ffx/z_score_maps/*.dscalar.nii
      Found 4 z-maps
    Processing task 'Catell':
      Task dir: /ptmp/hmueller2/2025_ibc_latent/outputs/glm/contrast_maps_fsLR/sub-06/res_task-Catell_space-fsLR_dir-ffx
      Z-map dir: /ptmp/hmueller2/2025_ibc_latent/outputs/glm/contrast_maps_fsLR/sub-06/res_task-Catell_space-fsLR_dir-ffx/z_score_maps
      Z-map dir exists: True
      Glob pattern for z-maps: /ptmp/hmueller2/2025_ibc_latent/outputs/glm/contrast_maps_fsLR/sub-06/res_task-Catell_space-fsLR_dir-ffx/z_score_maps/*.dscalar.nii
      Found 3 z-maps
    Processing task 'Checkerboard':
      Task dir: /ptmp/hmueller2/2025_ibc_latent/outputs/glm/contrast_maps_fsLR/sub-06/res_task-Checkerboard_space-fsLR_dir-ffx
      Z-map dir: /ptmp/hmueller2/2025_ibc_latent/outputs/glm/contrast_maps_fsLR/sub-06/res_task-Checkerboard_space-fsLR_dir-ffx/z_score_maps
      Z-map dir exists: True
      Glob pattern for z-maps: /ptmp/hmueller2/2025_ibc_latent/outputs/glm/contrast_maps_fsLR/sub-06/res_task-Checkerboard_space-fsLR_dir-ffx/z_score_maps/*.dscalar.nii
      Found 3 z-maps
    Processing task 'Color':
      Task dir: /ptmp/hmueller2/2025_ibc_latent/outputs/glm/contrast_maps_fsLR/sub-06/res_task-Color_space-fsLR_dir-ffx
      Z-map dir: /ptmp/hmueller2/2025_ibc_latent/outputs/glm/contrast_maps_fsLR/sub-06/res_task-Color_space-fsLR_dir-ffx/z_score_maps
      Z-map dir exists: True
      Glob pattern for z-maps: /ptmp/hmueller2/2025_ibc_latent/outputs/glm/contrast_maps_fsLR/sub-06/res_task-Color_space-fsLR_dir-ffx/z_score_maps/*.dscalar.nii
      Found 4 z-maps
    Processing task 'ColumbiaCards':
      Task dir: /ptmp/hmueller2/2025_ibc_latent/outputs/glm/contrast_maps_fsLR/sub-06/res_task-ColumbiaCards_space-fsLR_dir-ffx
      Z-map dir: /ptmp/hmueller2/2025_ibc_latent/outputs/glm/contrast_maps_fsLR/sub-06/res_task-ColumbiaCards_space-fsLR_dir-ffx/z_score_maps
      Z-map dir exists: True
      Glob pattern for z-maps: /ptmp/hmueller2/2025_ibc_latent/outputs/glm/contrast_maps_fsLR/sub-06/res_task-ColumbiaCards_space-fsLR_dir-ffx/z_score_maps/*.dscalar.nii
      Found 3 z-maps
    Processing task 'Discount':
      Task dir: /ptmp/hmueller2/2025_ibc_latent/outputs/glm/contrast_maps_fsLR/sub-06/res_task-Discount_space-fsLR_dir-ffx
      Z-map dir: /ptmp/hmueller2/2025_ibc_latent/outputs/glm/contrast_maps_fsLR/sub-06/res_task-Discount_space-fsLR_dir-ffx/z_score_maps
      Z-map dir exists: True
      Glob pattern for z-maps: /ptmp/hmueller2/2025_ibc_latent/outputs/glm/contrast_maps_fsLR/sub-06/res_task-Discount_space-fsLR_dir-ffx/z_score_maps/*.dscalar.nii
      Found 2 z-maps
    Processing task 'DotPatterns':
      Task dir: /ptmp/hmueller2/2025_ibc_latent/outputs/glm/contrast_maps_fsLR/sub-06/res_task-DotPatterns_space-fsLR_dir-ffx
      Z-map dir: /ptmp/hmueller2/2025_ibc_latent/outputs/glm/contrast_maps_fsLR/sub-06/res_task-DotPatterns_space-fsLR_dir-ffx/z_score_maps
      Z-map dir exists: True
      Glob pattern for z-maps: /ptmp/hmueller2/2025_ibc_latent/outputs/glm/contrast_maps_fsLR/sub-06/res_task-DotPatterns_space-fsLR_dir-ffx/z_score_maps/*.dscalar.nii
      Found 11 z-maps
    Processing task 'EmoMem':
      Task dir: /ptmp/hmueller2/2025_ibc_latent/outputs/glm/contrast_maps_fsLR/sub-06/res_task-EmoMem_space-fsLR_dir-ffx
      Z-map dir: /ptmp/hmueller2/2025_ibc_latent/outputs/glm/contrast_maps_fsLR/sub-06/res_task-EmoMem_space-fsLR_dir-ffx/z_score_maps
      Z-map dir exists: True
      Glob pattern for z-maps: /ptmp/hmueller2/2025_ibc_latent/outputs/glm/contrast_maps_fsLR/sub-06/res_task-EmoMem_space-fsLR_dir-ffx/z_score_maps/*.dscalar.nii
      Found 6 z-maps
    Processing task 'EmoReco':
      Task dir: /ptmp/hmueller2/2025_ibc_latent/outputs/glm/contrast_maps_fsLR/sub-06/res_task-EmoReco_space-fsLR_dir-ffx
      Z-map dir: /ptmp/hmueller2/2025_ibc_latent/outputs/glm/contrast_maps_fsLR/sub-06/res_task-EmoReco_space-fsLR_dir-ffx/z_score_maps
      Z-map dir exists: True
      Glob pattern for z-maps: /ptmp/hmueller2/2025_ibc_latent/outputs/glm/contrast_maps_fsLR/sub-06/res_task-EmoReco_space-fsLR_dir-ffx/z_score_maps/*.dscalar.nii
      Found 10 z-maps
    Processing task 'EmotionalPain':
      Task dir: /ptmp/hmueller2/2025_ibc_latent/outputs/glm/contrast_maps_fsLR/sub-06/res_task-EmotionalPain_space-fsLR_dir-ffx
      Z-map dir: /ptmp/hmueller2/2025_ibc_latent/outputs/glm/contrast_maps_fsLR/sub-06/res_task-EmotionalPain_space-fsLR_dir-ffx/z_score_maps
      Z-map dir exists: True
      Glob pattern for z-maps: /ptmp/hmueller2/2025_ibc_latent/outputs/glm/contrast_maps_fsLR/sub-06/res_task-EmotionalPain_space-fsLR_dir-ffx/z_score_maps/*.dscalar.nii
      Found 3 z-maps
    Processing task 'Enumeration':
      Task dir: /ptmp/hmueller2/2025_ibc_latent/outputs/glm/contrast_maps_fsLR/sub-06/res_task-Enumeration_space-fsLR_dir-ffx
      Z-map dir: /ptmp/hmueller2/2025_ibc_latent/outputs/glm/contrast_maps_fsLR/sub-06/res_task-Enumeration_space-fsLR_dir-ffx/z_score_maps
      Z-map dir exists: True
      Glob pattern for z-maps: /ptmp/hmueller2/2025_ibc_latent/outputs/glm/contrast_maps_fsLR/sub-06/res_task-Enumeration_space-fsLR_dir-ffx/z_score_maps/*.dscalar.nii
      Found 3 z-maps
    Processing task 'FaceBody':
      Task dir: /ptmp/hmueller2/2025_ibc_latent/outputs/glm/contrast_maps_fsLR/sub-06/res_task-FaceBody_space-fsLR_dir-ffx
      Z-map dir: /ptmp/hmueller2/2025_ibc_latent/outputs/glm/contrast_maps_fsLR/sub-06/res_task-FaceBody_space-fsLR_dir-ffx/z_score_maps
      Z-map dir exists: True
      Glob pattern for z-maps: /ptmp/hmueller2/2025_ibc_latent/outputs/glm/contrast_maps_fsLR/sub-06/res_task-FaceBody_space-fsLR_dir-ffx/z_score_maps/*.dscalar.nii
      Found 15 z-maps
    Processing task 'FingerTap':
      Task dir: /ptmp/hmueller2/2025_ibc_latent/outputs/glm/contrast_maps_fsLR/sub-06/res_task-FingerTap_space-fsLR_dir-ffx
      Z-map dir: /ptmp/hmueller2/2025_ibc_latent/outputs/glm/contrast_maps_fsLR/sub-06/res_task-FingerTap_space-fsLR_dir-ffx/z_score_maps
      Z-map dir exists: True
      Glob pattern for z-maps: /ptmp/hmueller2/2025_ibc_latent/outputs/glm/contrast_maps_fsLR/sub-06/res_task-FingerTap_space-fsLR_dir-ffx/z_score_maps/*.dscalar.nii
      Found 3 z-maps
    Processing task 'HcpEmotion':
      Task dir: /ptmp/hmueller2/2025_ibc_latent/outputs/glm/contrast_maps_fsLR/sub-06/res_task-HcpEmotion_space-fsLR_dir-ffx
      Z-map dir: /ptmp/hmueller2/2025_ibc_latent/outputs/glm/contrast_maps_fsLR/sub-06/res_task-HcpEmotion_space-fsLR_dir-ffx/z_score_maps
      Z-map dir exists: True
      Glob pattern for z-maps: /ptmp/hmueller2/2025_ibc_latent/outputs/glm/contrast_maps_fsLR/sub-06/res_task-HcpEmotion_space-fsLR_dir-ffx/z_score_maps/*.dscalar.nii
      Found 4 z-maps
    Processing task 'HcpGambling':
      Task dir: /ptmp/hmueller2/2025_ibc_latent/outputs/glm/contrast_maps_fsLR/sub-06/res_task-HcpGambling_space-fsLR_dir-ffx
      Z-map dir: /ptmp/hmueller2/2025_ibc_latent/outputs/glm/contrast_maps_fsLR/sub-06/res_task-HcpGambling_space-fsLR_dir-ffx/z_score_maps
      Z-map dir exists: True
      Glob pattern for z-maps: /ptmp/hmueller2/2025_ibc_latent/outputs/glm/contrast_maps_fsLR/sub-06/res_task-HcpGambling_space-fsLR_dir-ffx/z_score_maps/*.dscalar.nii
      Found 4 z-maps
    Processing task 'HcpLanguage':
      Task dir: /ptmp/hmueller2/2025_ibc_latent/outputs/glm/contrast_maps_fsLR/sub-06/res_task-HcpLanguage_space-fsLR_dir-ffx
      Z-map dir: /ptmp/hmueller2/2025_ibc_latent/outputs/glm/contrast_maps_fsLR/sub-06/res_task-HcpLanguage_space-fsLR_dir-ffx/z_score_maps
      Z-map dir exists: True
      Glob pattern for z-maps: /ptmp/hmueller2/2025_ibc_latent/outputs/glm/contrast_maps_fsLR/sub-06/res_task-HcpLanguage_space-fsLR_dir-ffx/z_score_maps/*.dscalar.nii
      Found 4 z-maps
    Processing task 'HcpMotor':
      Task dir: /ptmp/hmueller2/2025_ibc_latent/outputs/glm/contrast_maps_fsLR/sub-06/res_task-HcpMotor_space-fsLR_dir-ffx
      Z-map dir: /ptmp/hmueller2/2025_ibc_latent/outputs/glm/contrast_maps_fsLR/sub-06/res_task-HcpMotor_space-fsLR_dir-ffx/z_score_maps
      Z-map dir exists: True
      Glob pattern for z-maps: /ptmp/hmueller2/2025_ibc_latent/outputs/glm/contrast_maps_fsLR/sub-06/res_task-HcpMotor_space-fsLR_dir-ffx/z_score_maps/*.dscalar.nii
      Found 11 z-maps
    Processing task 'HcpRelational':
      Task dir: /ptmp/hmueller2/2025_ibc_latent/outputs/glm/contrast_maps_fsLR/sub-06/res_task-HcpRelational_space-fsLR_dir-ffx
      Z-map dir: /ptmp/hmueller2/2025_ibc_latent/outputs/glm/contrast_maps_fsLR/sub-06/res_task-HcpRelational_space-fsLR_dir-ffx/z_score_maps
      Z-map dir exists: True
      Glob pattern for z-maps: /ptmp/hmueller2/2025_ibc_latent/outputs/glm/contrast_maps_fsLR/sub-06/res_task-HcpRelational_space-fsLR_dir-ffx/z_score_maps/*.dscalar.nii
      Found 3 z-maps
    Processing task 'HcpSocial':
      Task dir: /ptmp/hmueller2/2025_ibc_latent/outputs/glm/contrast_maps_fsLR/sub-06/res_task-HcpSocial_space-fsLR_dir-ffx
      Z-map dir: /ptmp/hmueller2/2025_ibc_latent/outputs/glm/contrast_maps_fsLR/sub-06/res_task-HcpSocial_space-fsLR_dir-ffx/z_score_maps
      Z-map dir exists: True
      Glob pattern for z-maps: /ptmp/hmueller2/2025_ibc_latent/outputs/glm/contrast_maps_fsLR/sub-06/res_task-HcpSocial_space-fsLR_dir-ffx/z_score_maps/*.dscalar.nii
      Found 3 z-maps
    Processing task 'HcpWm':
      Task dir: /ptmp/hmueller2/2025_ibc_latent/outputs/glm/contrast_maps_fsLR/sub-06/res_task-HcpWm_space-fsLR_dir-ffx
      Z-map dir: /ptmp/hmueller2/2025_ibc_latent/outputs/glm/contrast_maps_fsLR/sub-06/res_task-HcpWm_space-fsLR_dir-ffx/z_score_maps
      Z-map dir exists: True
      Glob pattern for z-maps: /ptmp/hmueller2/2025_ibc_latent/outputs/glm/contrast_maps_fsLR/sub-06/res_task-HcpWm_space-fsLR_dir-ffx/z_score_maps/*.dscalar.nii
      Found 14 z-maps
    Processing task 'ItemRecognition':
      Task dir: /ptmp/hmueller2/2025_ibc_latent/outputs/glm/contrast_maps_fsLR/sub-06/res_task-ItemRecognition_space-fsLR_dir-ffx
      Z-map dir: /ptmp/hmueller2/2025_ibc_latent/outputs/glm/contrast_maps_fsLR/sub-06/res_task-ItemRecognition_space-fsLR_dir-ffx/z_score_maps
      Z-map dir exists: True
      Glob pattern for z-maps: /ptmp/hmueller2/2025_ibc_latent/outputs/glm/contrast_maps_fsLR/sub-06/res_task-ItemRecognition_space-fsLR_dir-ffx/z_score_maps/*.dscalar.nii
      Found 17 z-maps
    Processing task 'Lec1':
      Task dir: /ptmp/hmueller2/2025_ibc_latent/outputs/glm/contrast_maps_fsLR/sub-06/res_task-Lec1_space-fsLR_dir-ffx
      Z-map dir: /ptmp/hmueller2/2025_ibc_latent/outputs/glm/contrast_maps_fsLR/sub-06/res_task-Lec1_space-fsLR_dir-ffx/z_score_maps
      Z-map dir exists: True
      Glob pattern for z-maps: /ptmp/hmueller2/2025_ibc_latent/outputs/glm/contrast_maps_fsLR/sub-06/res_task-Lec1_space-fsLR_dir-ffx/z_score_maps/*.dscalar.nii
      Found 6 z-maps
    Processing task 'Lec2':
      Task dir: /ptmp/hmueller2/2025_ibc_latent/outputs/glm/contrast_maps_fsLR/sub-06/res_task-Lec2_space-fsLR_dir-ffx
      Z-map dir: /ptmp/hmueller2/2025_ibc_latent/outputs/glm/contrast_maps_fsLR/sub-06/res_task-Lec2_space-fsLR_dir-ffx/z_score_maps
      Z-map dir exists: True
      Glob pattern for z-maps: /ptmp/hmueller2/2025_ibc_latent/outputs/glm/contrast_maps_fsLR/sub-06/res_task-Lec2_space-fsLR_dir-ffx/z_score_maps/*.dscalar.nii
      Found 3 z-maps
    Processing task 'MCSE':
      Task dir: /ptmp/hmueller2/2025_ibc_latent/outputs/glm/contrast_maps_fsLR/sub-06/res_task-MCSE_space-fsLR_dir-ffx
      Z-map dir: /ptmp/hmueller2/2025_ibc_latent/outputs/glm/contrast_maps_fsLR/sub-06/res_task-MCSE_space-fsLR_dir-ffx/z_score_maps
      Z-map dir exists: True
      Glob pattern for z-maps: /ptmp/hmueller2/2025_ibc_latent/outputs/glm/contrast_maps_fsLR/sub-06/res_task-MCSE_space-fsLR_dir-ffx/z_score_maps/*.dscalar.nii
      Found 9 z-maps
    Processing task 'MTTNS':
      Task dir: /ptmp/hmueller2/2025_ibc_latent/outputs/glm/contrast_maps_fsLR/sub-06/res_task-MTTNS_space-fsLR_dir-ffx
      Z-map dir: /ptmp/hmueller2/2025_ibc_latent/outputs/glm/contrast_maps_fsLR/sub-06/res_task-MTTNS_space-fsLR_dir-ffx/z_score_maps
      Z-map dir exists: True
      Glob pattern for z-maps: /ptmp/hmueller2/2025_ibc_latent/outputs/glm/contrast_maps_fsLR/sub-06/res_task-MTTNS_space-fsLR_dir-ffx/z_score_maps/*.dscalar.nii
      Found 19 z-maps
    Processing task 'MTTWE':
      Task dir: /ptmp/hmueller2/2025_ibc_latent/outputs/glm/contrast_maps_fsLR/sub-06/res_task-MTTWE_space-fsLR_dir-ffx
      Z-map dir: /ptmp/hmueller2/2025_ibc_latent/outputs/glm/contrast_maps_fsLR/sub-06/res_task-MTTWE_space-fsLR_dir-ffx/z_score_maps
      Z-map dir exists: True
      Glob pattern for z-maps: /ptmp/hmueller2/2025_ibc_latent/outputs/glm/contrast_maps_fsLR/sub-06/res_task-MTTWE_space-fsLR_dir-ffx/z_score_maps/*.dscalar.nii
      Found 19 z-maps
    Processing task 'MVEB':
      Task dir: /ptmp/hmueller2/2025_ibc_latent/outputs/glm/contrast_maps_fsLR/sub-06/res_task-MVEB_space-fsLR_dir-ffx
      Z-map dir: /ptmp/hmueller2/2025_ibc_latent/outputs/glm/contrast_maps_fsLR/sub-06/res_task-MVEB_space-fsLR_dir-ffx/z_score_maps
      Z-map dir exists: True
      Glob pattern for z-maps: /ptmp/hmueller2/2025_ibc_latent/outputs/glm/contrast_maps_fsLR/sub-06/res_task-MVEB_space-fsLR_dir-ffx/z_score_maps/*.dscalar.nii
      Found 11 z-maps
    Processing task 'MVIS':
      Task dir: /ptmp/hmueller2/2025_ibc_latent/outputs/glm/contrast_maps_fsLR/sub-06/res_task-MVIS_space-fsLR_dir-ffx
      Z-map dir: /ptmp/hmueller2/2025_ibc_latent/outputs/glm/contrast_maps_fsLR/sub-06/res_task-MVIS_space-fsLR_dir-ffx/z_score_maps
      Z-map dir exists: True
      Glob pattern for z-maps: /ptmp/hmueller2/2025_ibc_latent/outputs/glm/contrast_maps_fsLR/sub-06/res_task-MVIS_space-fsLR_dir-ffx/z_score_maps/*.dscalar.nii
      Found 12 z-maps
    Processing task 'MathLanguage':
      Task dir: /ptmp/hmueller2/2025_ibc_latent/outputs/glm/contrast_maps_fsLR/sub-06/res_task-MathLanguage_space-fsLR_dir-ffx
      Z-map dir: /ptmp/hmueller2/2025_ibc_latent/outputs/glm/contrast_maps_fsLR/sub-06/res_task-MathLanguage_space-fsLR_dir-ffx/z_score_maps
      Z-map dir exists: True
      Glob pattern for z-maps: /ptmp/hmueller2/2025_ibc_latent/outputs/glm/contrast_maps_fsLR/sub-06/res_task-MathLanguage_space-fsLR_dir-ffx/z_score_maps/*.dscalar.nii
      Found 30 z-maps
    Processing task 'Motion':
      Task dir: /ptmp/hmueller2/2025_ibc_latent/outputs/glm/contrast_maps_fsLR/sub-06/res_task-Motion_space-fsLR_dir-ffx
      Z-map dir: /ptmp/hmueller2/2025_ibc_latent/outputs/glm/contrast_maps_fsLR/sub-06/res_task-Motion_space-fsLR_dir-ffx/z_score_maps
      Z-map dir exists: True
      Glob pattern for z-maps: /ptmp/hmueller2/2025_ibc_latent/outputs/glm/contrast_maps_fsLR/sub-06/res_task-Motion_space-fsLR_dir-ffx/z_score_maps/*.dscalar.nii
      Found 11 z-maps
    Processing task 'Moto':
      Task dir: /ptmp/hmueller2/2025_ibc_latent/outputs/glm/contrast_maps_fsLR/sub-06/res_task-Moto_space-fsLR_dir-ffx
      Z-map dir: /ptmp/hmueller2/2025_ibc_latent/outputs/glm/contrast_maps_fsLR/sub-06/res_task-Moto_space-fsLR_dir-ffx/z_score_maps
      Z-map dir exists: True
      Glob pattern for z-maps: /ptmp/hmueller2/2025_ibc_latent/outputs/glm/contrast_maps_fsLR/sub-06/res_task-Moto_space-fsLR_dir-ffx/z_score_maps/*.dscalar.nii
      Found 9 z-maps
    Processing task 'NARPS':
      Task dir: /ptmp/hmueller2/2025_ibc_latent/outputs/glm/contrast_maps_fsLR/sub-06/res_task-NARPS_space-fsLR_dir-ffx
      Z-map dir: /ptmp/hmueller2/2025_ibc_latent/outputs/glm/contrast_maps_fsLR/sub-06/res_task-NARPS_space-fsLR_dir-ffx/z_score_maps
      Z-map dir exists: True
      Glob pattern for z-maps: /ptmp/hmueller2/2025_ibc_latent/outputs/glm/contrast_maps_fsLR/sub-06/res_task-NARPS_space-fsLR_dir-ffx/z_score_maps/*.dscalar.nii
      Found 8 z-maps
    Processing task 'PainMovie':
      Task dir: /ptmp/hmueller2/2025_ibc_latent/outputs/glm/contrast_maps_fsLR/sub-06/res_task-PainMovie_space-fsLR_dir-ffx
      Z-map dir: /ptmp/hmueller2/2025_ibc_latent/outputs/glm/contrast_maps_fsLR/sub-06/res_task-PainMovie_space-fsLR_dir-ffx/z_score_maps
      Z-map dir exists: True
      Glob pattern for z-maps: /ptmp/hmueller2/2025_ibc_latent/outputs/glm/contrast_maps_fsLR/sub-06/res_task-PainMovie_space-fsLR_dir-ffx/z_score_maps/*.dscalar.nii
      Found 3 z-maps
    Processing task 'PreferenceFaces':
      Task dir: /ptmp/hmueller2/2025_ibc_latent/outputs/glm/contrast_maps_fsLR/sub-06/res_task-PreferenceFaces_space-fsLR_dir-ffx
      Z-map dir: /ptmp/hmueller2/2025_ibc_latent/outputs/glm/contrast_maps_fsLR/sub-06/res_task-PreferenceFaces_space-fsLR_dir-ffx/z_score_maps
      Z-map dir exists: True
      Glob pattern for z-maps: /ptmp/hmueller2/2025_ibc_latent/outputs/glm/contrast_maps_fsLR/sub-06/res_task-PreferenceFaces_space-fsLR_dir-ffx/z_score_maps/*.dscalar.nii
      Found 3 z-maps
    Processing task 'PreferenceFood':
      Task dir: /ptmp/hmueller2/2025_ibc_latent/outputs/glm/contrast_maps_fsLR/sub-06/res_task-PreferenceFood_space-fsLR_dir-ffx
      Z-map dir: /ptmp/hmueller2/2025_ibc_latent/outputs/glm/contrast_maps_fsLR/sub-06/res_task-PreferenceFood_space-fsLR_dir-ffx/z_score_maps
      Z-map dir exists: True
      Glob pattern for z-maps: /ptmp/hmueller2/2025_ibc_latent/outputs/glm/contrast_maps_fsLR/sub-06/res_task-PreferenceFood_space-fsLR_dir-ffx/z_score_maps/*.dscalar.nii
      Found 3 z-maps
    Processing task 'PreferenceHouses':
      Task dir: /ptmp/hmueller2/2025_ibc_latent/outputs/glm/contrast_maps_fsLR/sub-06/res_task-PreferenceHouses_space-fsLR_dir-ffx
      Z-map dir: /ptmp/hmueller2/2025_ibc_latent/outputs/glm/contrast_maps_fsLR/sub-06/res_task-PreferenceHouses_space-fsLR_dir-ffx/z_score_maps
      Z-map dir exists: True
      Glob pattern for z-maps: /ptmp/hmueller2/2025_ibc_latent/outputs/glm/contrast_maps_fsLR/sub-06/res_task-PreferenceHouses_space-fsLR_dir-ffx/z_score_maps/*.dscalar.nii
      Found 3 z-maps
    Processing task 'PreferencePaintings':
      Task dir: /ptmp/hmueller2/2025_ibc_latent/outputs/glm/contrast_maps_fsLR/sub-06/res_task-PreferencePaintings_space-fsLR_dir-ffx
      Z-map dir: /ptmp/hmueller2/2025_ibc_latent/outputs/glm/contrast_maps_fsLR/sub-06/res_task-PreferencePaintings_space-fsLR_dir-ffx/z_score_maps
      Z-map dir exists: True
      Glob pattern for z-maps: /ptmp/hmueller2/2025_ibc_latent/outputs/glm/contrast_maps_fsLR/sub-06/res_task-PreferencePaintings_space-fsLR_dir-ffx/z_score_maps/*.dscalar.nii
      Found 3 z-maps
    Processing task 'RSVPLanguage':
      Task dir: /ptmp/hmueller2/2025_ibc_latent/outputs/glm/contrast_maps_fsLR/sub-06/res_task-RSVPLanguage_space-fsLR_dir-ffx
      Z-map dir: /ptmp/hmueller2/2025_ibc_latent/outputs/glm/contrast_maps_fsLR/sub-06/res_task-RSVPLanguage_space-fsLR_dir-ffx/z_score_maps
      Z-map dir exists: True
      Glob pattern for z-maps: /ptmp/hmueller2/2025_ibc_latent/outputs/glm/contrast_maps_fsLR/sub-06/res_task-RSVPLanguage_space-fsLR_dir-ffx/z_score_maps/*.dscalar.nii
      Found 19 z-maps
    Processing task 'RewProc':
      Task dir: /ptmp/hmueller2/2025_ibc_latent/outputs/glm/contrast_maps_fsLR/sub-06/res_task-RewProc_space-fsLR_dir-ffx
      Z-map dir: /ptmp/hmueller2/2025_ibc_latent/outputs/glm/contrast_maps_fsLR/sub-06/res_task-RewProc_space-fsLR_dir-ffx/z_score_maps
      Z-map dir exists: True
      Glob pattern for z-maps: /ptmp/hmueller2/2025_ibc_latent/outputs/glm/contrast_maps_fsLR/sub-06/res_task-RewProc_space-fsLR_dir-ffx/z_score_maps/*.dscalar.nii
      Found 17 z-maps
    Processing task 'Scene':
      Task dir: /ptmp/hmueller2/2025_ibc_latent/outputs/glm/contrast_maps_fsLR/sub-06/res_task-Scene_space-fsLR_dir-ffx
      Z-map dir: /ptmp/hmueller2/2025_ibc_latent/outputs/glm/contrast_maps_fsLR/sub-06/res_task-Scene_space-fsLR_dir-ffx/z_score_maps
      Z-map dir exists: True
      Glob pattern for z-maps: /ptmp/hmueller2/2025_ibc_latent/outputs/glm/contrast_maps_fsLR/sub-06/res_task-Scene_space-fsLR_dir-ffx/z_score_maps/*.dscalar.nii
      Found 11 z-maps
    Processing task 'SelectiveStopSignal':
      Task dir: /ptmp/hmueller2/2025_ibc_latent/outputs/glm/contrast_maps_fsLR/sub-06/res_task-SelectiveStopSignal_space-fsLR_dir-ffx
      Z-map dir: /ptmp/hmueller2/2025_ibc_latent/outputs/glm/contrast_maps_fsLR/sub-06/res_task-SelectiveStopSignal_space-fsLR_dir-ffx/z_score_maps
      Z-map dir exists: True
      Glob pattern for z-maps: /ptmp/hmueller2/2025_ibc_latent/outputs/glm/contrast_maps_fsLR/sub-06/res_task-SelectiveStopSignal_space-fsLR_dir-ffx/z_score_maps/*.dscalar.nii
      Found 8 z-maps
    Processing task 'Self':
      Task dir: /ptmp/hmueller2/2025_ibc_latent/outputs/glm/contrast_maps_fsLR/sub-06/res_task-Self_space-fsLR_dir-ffx
      Z-map dir: /ptmp/hmueller2/2025_ibc_latent/outputs/glm/contrast_maps_fsLR/sub-06/res_task-Self_space-fsLR_dir-ffx/z_score_maps
      Z-map dir exists: True
      Glob pattern for z-maps: /ptmp/hmueller2/2025_ibc_latent/outputs/glm/contrast_maps_fsLR/sub-06/res_task-Self_space-fsLR_dir-ffx/z_score_maps/*.dscalar.nii
      Found 11 z-maps
    Processing task 'SpatialNavigation':
      Task dir: /ptmp/hmueller2/2025_ibc_latent/outputs/glm/contrast_maps_fsLR/sub-06/res_task-SpatialNavigation_space-fsLR_dir-ffx
      Z-map dir: /ptmp/hmueller2/2025_ibc_latent/outputs/glm/contrast_maps_fsLR/sub-06/res_task-SpatialNavigation_space-fsLR_dir-ffx/z_score_maps
      Z-map dir exists: True
      Glob pattern for z-maps: /ptmp/hmueller2/2025_ibc_latent/outputs/glm/contrast_maps_fsLR/sub-06/res_task-SpatialNavigation_space-fsLR_dir-ffx/z_score_maps/*.dscalar.nii
      Found 9 z-maps
    Processing task 'StopNogo':
      Task dir: /ptmp/hmueller2/2025_ibc_latent/outputs/glm/contrast_maps_fsLR/sub-06/res_task-StopNogo_space-fsLR_dir-ffx
      Z-map dir: /ptmp/hmueller2/2025_ibc_latent/outputs/glm/contrast_maps_fsLR/sub-06/res_task-StopNogo_space-fsLR_dir-ffx/z_score_maps
      Z-map dir exists: True
      Glob pattern for z-maps: /ptmp/hmueller2/2025_ibc_latent/outputs/glm/contrast_maps_fsLR/sub-06/res_task-StopNogo_space-fsLR_dir-ffx/z_score_maps/*.dscalar.nii
      Found 7 z-maps
    Processing task 'StopSignal':
      Task dir: /ptmp/hmueller2/2025_ibc_latent/outputs/glm/contrast_maps_fsLR/sub-06/res_task-StopSignal_space-fsLR_dir-ffx
      Z-map dir: /ptmp/hmueller2/2025_ibc_latent/outputs/glm/contrast_maps_fsLR/sub-06/res_task-StopSignal_space-fsLR_dir-ffx/z_score_maps
      Z-map dir exists: True
      Glob pattern for z-maps: /ptmp/hmueller2/2025_ibc_latent/outputs/glm/contrast_maps_fsLR/sub-06/res_task-StopSignal_space-fsLR_dir-ffx/z_score_maps/*.dscalar.nii
      Found 3 z-maps
    Processing task 'Stroop':
      Task dir: /ptmp/hmueller2/2025_ibc_latent/outputs/glm/contrast_maps_fsLR/sub-06/res_task-Stroop_space-fsLR_dir-ffx
      Z-map dir: /ptmp/hmueller2/2025_ibc_latent/outputs/glm/contrast_maps_fsLR/sub-06/res_task-Stroop_space-fsLR_dir-ffx/z_score_maps
      Z-map dir exists: True
      Glob pattern for z-maps: /ptmp/hmueller2/2025_ibc_latent/outputs/glm/contrast_maps_fsLR/sub-06/res_task-Stroop_space-fsLR_dir-ffx/z_score_maps/*.dscalar.nii
      Found 3 z-maps
    Processing task 'TheoryOfMind':
      Task dir: /ptmp/hmueller2/2025_ibc_latent/outputs/glm/contrast_maps_fsLR/sub-06/res_task-TheoryOfMind_space-fsLR_dir-ffx
      Z-map dir: /ptmp/hmueller2/2025_ibc_latent/outputs/glm/contrast_maps_fsLR/sub-06/res_task-TheoryOfMind_space-fsLR_dir-ffx/z_score_maps
      Z-map dir exists: True
      Glob pattern for z-maps: /ptmp/hmueller2/2025_ibc_latent/outputs/glm/contrast_maps_fsLR/sub-06/res_task-TheoryOfMind_space-fsLR_dir-ffx/z_score_maps/*.dscalar.nii
      Found 3 z-maps
    Processing task 'TwoByTwo':
      Task dir: /ptmp/hmueller2/2025_ibc_latent/outputs/glm/contrast_maps_fsLR/sub-06/res_task-TwoByTwo_space-fsLR_dir-ffx
      Z-map dir: /ptmp/hmueller2/2025_ibc_latent/outputs/glm/contrast_maps_fsLR/sub-06/res_task-TwoByTwo_space-fsLR_dir-ffx/z_score_maps
      Z-map dir exists: True
      Glob pattern for z-maps: /ptmp/hmueller2/2025_ibc_latent/outputs/glm/contrast_maps_fsLR/sub-06/res_task-TwoByTwo_space-fsLR_dir-ffx/z_score_maps/*.dscalar.nii
      Found 10 z-maps
    Processing task 'VSTMC':
      Task dir: /ptmp/hmueller2/2025_ibc_latent/outputs/glm/contrast_maps_fsLR/sub-06/res_task-VSTMC_space-fsLR_dir-ffx
      Z-map dir: /ptmp/hmueller2/2025_ibc_latent/outputs/glm/contrast_maps_fsLR/sub-06/res_task-VSTMC_space-fsLR_dir-ffx/z_score_maps
      Z-map dir exists: True
      Glob pattern for z-maps: /ptmp/hmueller2/2025_ibc_latent/outputs/glm/contrast_maps_fsLR/sub-06/res_task-VSTMC_space-fsLR_dir-ffx/z_score_maps/*.dscalar.nii
      Found 10 z-maps
    Processing task 'VSTM':
      Task dir: /ptmp/hmueller2/2025_ibc_latent/outputs/glm/contrast_maps_fsLR/sub-06/res_task-VSTM_space-fsLR_dir-ffx
      Z-map dir: /ptmp/hmueller2/2025_ibc_latent/outputs/glm/contrast_maps_fsLR/sub-06/res_task-VSTM_space-fsLR_dir-ffx/z_score_maps
      Z-map dir exists: True
      Glob pattern for z-maps: /ptmp/hmueller2/2025_ibc_latent/outputs/glm/contrast_maps_fsLR/sub-06/res_task-VSTM_space-fsLR_dir-ffx/z_score_maps/*.dscalar.nii
      Found 3 z-maps
    Processing task 'Visu':
      Task dir: /ptmp/hmueller2/2025_ibc_latent/outputs/glm/contrast_maps_fsLR/sub-06/res_task-Visu_space-fsLR_dir-ffx
      Z-map dir: /ptmp/hmueller2/2025_ibc_latent/outputs/glm/contrast_maps_fsLR/sub-06/res_task-Visu_space-fsLR_dir-ffx/z_score_maps
      Z-map dir exists: True
      Glob pattern for z-maps: /ptmp/hmueller2/2025_ibc_latent/outputs/glm/contrast_maps_fsLR/sub-06/res_task-Visu_space-fsLR_dir-ffx/z_score_maps/*.dscalar.nii
      Found 16 z-maps
    Processing task 'VisualSearch':
      Task dir: /ptmp/hmueller2/2025_ibc_latent/outputs/glm/contrast_maps_fsLR/sub-06/res_task-VisualSearch_space-fsLR_dir-ffx
      Z-map dir: /ptmp/hmueller2/2025_ibc_latent/outputs/glm/contrast_maps_fsLR/sub-06/res_task-VisualSearch_space-fsLR_dir-ffx/z_score_maps
      Z-map dir exists: True
      Glob pattern for z-maps: /ptmp/hmueller2/2025_ibc_latent/outputs/glm/contrast_maps_fsLR/sub-06/res_task-VisualSearch_space-fsLR_dir-ffx/z_score_maps/*.dscalar.nii
      Found 22 z-maps
    Processing task 'WardAndAllport':
      Task dir: /ptmp/hmueller2/2025_ibc_latent/outputs/glm/contrast_maps_fsLR/sub-06/res_task-WardAndAllport_space-fsLR_dir-ffx
      Z-map dir: /ptmp/hmueller2/2025_ibc_latent/outputs/glm/contrast_maps_fsLR/sub-06/res_task-WardAndAllport_space-fsLR_dir-ffx/z_score_maps
      Z-map dir exists: True
      Glob pattern for z-maps: /ptmp/hmueller2/2025_ibc_latent/outputs/glm/contrast_maps_fsLR/sub-06/res_task-WardAndAllport_space-fsLR_dir-ffx/z_score_maps/*.dscalar.nii
      Found 10 z-maps
    Processing task 'WedgeAnti':
      Task dir: /ptmp/hmueller2/2025_ibc_latent/outputs/glm/contrast_maps_fsLR/sub-06/res_task-WedgeAnti_space-fsLR_dir-ffx
      Z-map dir: /ptmp/hmueller2/2025_ibc_latent/outputs/glm/contrast_maps_fsLR/sub-06/res_task-WedgeAnti_space-fsLR_dir-ffx/z_score_maps
      Z-map dir exists: True
      Glob pattern for z-maps: /ptmp/hmueller2/2025_ibc_latent/outputs/glm/contrast_maps_fsLR/sub-06/res_task-WedgeAnti_space-fsLR_dir-ffx/z_score_maps/*.dscalar.nii
      Found 8 z-maps
    Processing task 'WedgeClock':
      Task dir: /ptmp/hmueller2/2025_ibc_latent/outputs/glm/contrast_maps_fsLR/sub-06/res_task-WedgeClock_space-fsLR_dir-ffx
      Z-map dir: /ptmp/hmueller2/2025_ibc_latent/outputs/glm/contrast_maps_fsLR/sub-06/res_task-WedgeClock_space-fsLR_dir-ffx/z_score_maps
      Z-map dir exists: True
      Glob pattern for z-maps: /ptmp/hmueller2/2025_ibc_latent/outputs/glm/contrast_maps_fsLR/sub-06/res_task-WedgeClock_space-fsLR_dir-ffx/z_score_maps/*.dscalar.nii
      Found 8 z-maps
  ! Workbench smoothing failed for HcpWm/2back-0back, using unsmoothed map: Missing required file(s) for Workbench smoothing: ['/home/hmueller2/workbench/bin_linux64/wb_command']
  ✓ Loaded: HcpWm/2back-0back
  ! Workbench smoothing failed for ItemRecognition/encode5-encode1, using unsmoothed map: Missing required file(s) for Workbench smoothing: ['/home/hmueller2/workbench/bin_linux64/wb_command']
  ✓ Loaded: ItemRecognition/encode5-encode1
  - Not available: MDTB/2back_hard-easy
  - Not available: MDTB/search_hard-easy
  - Not available: MDTB/semantic_hard-easy
  - Not available: MDTB/finger_complex-simple
  - Not available: GoodBadUgly/dot_hard-easy
  ! Workbench smoothing failed for Stroop/incongruent-congruent, using unsmoothed map: Missing required file(s) for Workbench smoothing: ['/home/hmueller2/workbench/bin_linux64/wb_command']
  ✓ Loaded: Stroop/incongruent-congruent
  ! Workbench smoothing failed for Catell/hard-easy, using unsmoothed map: Missing required file(s) for Workbench smoothing: ['/home/hmueller2/workbench/bin_linux64/wb_command']
  ✓ Loaded: Catell/hard-easy

Applied Workbench CIFTI smoothing to input contrasts (FWHM=4.0mm)

Combined 4 MD contrasts
Mean z-score: -0.009 ± 0.591
Max z-score: 3.179

✓ Saved mean MD map: /ptmp/hmueller2/2025_ibc_latent/outputs/md_system/vertex_wise/sub-06/sub-06_MD_mean.dscalar.nii
✓ Saved std MD map: /ptmp/hmueller2/2025_ibc_latent/outputs/md_system/vertex_wise/sub-06/sub-06_MD_std.dscalar.nii
✓ Saved contrast info: /ptmp/hmueller2/2025_ibc_latent/outputs/md_system/vertex_wise/sub-06/sub-06_MD_contrasts.txt

============================================================
Processing subject 07
============================================================
  Looking for contrasts in: /ptmp/hmueller2/2025_ibc_latent/outputs/glm/contrast_maps_fsLR/sub-07
  Subject directory contents (79 items): ['res_task-ArchiEmotional_space-fsLR_dir-ffx', 'res_task-ArchiSocial_space-fsLR_dir-ffx', 'res_task-ArchiSpatial_space-fsLR_dir-ffx', 'res_task-ArchiStandard_space-fsLR_dir-ffx', 'res_task-Attention_space-fsLR_dir-ffx', 'res_task-Audi_space-fsLR_dir-ffx', 'res_task-BiologicalMotion1_space-fsLR_dir-ffx', 'res_task-BiologicalMotion2_space-fsLR_dir-ffx', 'res_task-BreathHolding_space-fsLR_dir-ffx', 'res_task-Catell_space-fsLR_dir-ffx', 'res_task-Checkerboard_space-fsLR_dir-ffx', 'res_task-ColumbiaCards_space-fsLR_dir-ffx', 'res_task-Discount_space-fsLR_dir-ffx', 'res_task-DotPatterns_space-fsLR_dir-ffx', 'res_task-EmoMem_space-fsLR_dir-ffx', 'res_task-EmoReco_space-fsLR_dir-ffx', 'res_task-EmotionalPain_space-fsLR_dir-ffx', 'res_task-Enumeration_space-fsLR_dir-ffx', 'res_task-FingerTap_space-fsLR_dir-ffx', 'res_task-HcpEmotion_space-fsLR_dir-ffx', 'res_task-HcpGambling_space-fsLR_dir-ffx', 'res_task-HcpLanguage_space-fsLR_dir-ffx', 'res_task-HcpMotor_space-fsLR_dir-ffx', 'res_task-HcpRelational_space-fsLR_dir-ffx', 'res_task-HcpSocial_space-fsLR_dir-ffx', 'res_task-HcpWm_space-fsLR_dir-ffx', 'res_task-ItemRecognition_space-fsLR_dir-ffx', 'res_task-Lec1_space-fsLR_dir-ffx', 'res_task-Lec2_space-fsLR_dir-ffx', 'res_task-MCSE_space-fsLR_dir-ffx', 'res_task-MTTNS_space-fsLR_dir-ffx', 'res_task-MTTWE_space-fsLR_dir-ffx', 'res_task-MVEB_space-fsLR_dir-ffx', 'res_task-MVIS_space-fsLR_dir-ffx', 'res_task-MathLanguage_space-fsLR_dir-ffx', 'res_task-Moto_space-fsLR_dir-ffx', 'res_task-PainMovie_space-fsLR_dir-ffx', 'res_task-PreferenceFaces_space-fsLR_dir-ffx', 'res_task-PreferenceFood_space-fsLR_dir-ffx', 'res_task-PreferenceHouses_space-fsLR_dir-ffx', 'res_task-PreferencePaintings_space-fsLR_dir-ffx', 'res_task-RSVPLanguage_space-fsLR_dir-ffx', 'res_task-SelectiveStopSignal_space-fsLR_dir-ffx', 'res_task-Self_space-fsLR_dir-ffx', 'res_task-SpatialNavigation_space-fsLR_dir-ffx', 'res_task-StopNogo_space-fsLR_dir-ffx', 'res_task-StopSignal_space-fsLR_dir-ffx', 'res_task-Stroop_space-fsLR_dir-ffx', 'res_task-TheoryOfMind_space-fsLR_dir-ffx', 'res_task-TwoByTwo_space-fsLR_dir-ffx', 'res_task-VSTMC_space-fsLR_dir-ffx', 'res_task-VSTM_space-fsLR_dir-ffx', 'res_task-Visu_space-fsLR_dir-ffx', 'res_task-WardAndAllport_space-fsLR_dir-ffx', 'res_task-WedgeAnti_space-fsLR_dir-ffx', 'res_task-WedgeClock_space-fsLR_dir-ffx', 'ses-00', 'ses-01', 'ses-02', 'ses-03', 'ses-04', 'ses-08', 'ses-11', 'ses-12', 'ses-15', 'ses-16', 'ses-17', 'ses-18', 'ses-19', 'ses-23', 'ses-24', 'ses-25', 'ses-26', 'ses-29', 'ses-30', 'ses-31', 'ses-35', 'ses-36', 'ses-37']
  Glob pattern: /ptmp/hmueller2/2025_ibc_latent/outputs/glm/contrast_maps_fsLR/sub-07/res_task-*_space-fsLR_dir-ffx
  Found 56 task directories: ['/ptmp/hmueller2/2025_ibc_latent/outputs/glm/contrast_maps_fsLR/sub-07/res_task-ArchiEmotional_space-fsLR_dir-ffx', '/ptmp/hmueller2/2025_ibc_latent/outputs/glm/contrast_maps_fsLR/sub-07/res_task-ArchiSocial_space-fsLR_dir-ffx', '/ptmp/hmueller2/2025_ibc_latent/outputs/glm/contrast_maps_fsLR/sub-07/res_task-ArchiSpatial_space-fsLR_dir-ffx', '/ptmp/hmueller2/2025_ibc_latent/outputs/glm/contrast_maps_fsLR/sub-07/res_task-ArchiStandard_space-fsLR_dir-ffx', '/ptmp/hmueller2/2025_ibc_latent/outputs/glm/contrast_maps_fsLR/sub-07/res_task-Attention_space-fsLR_dir-ffx', '/ptmp/hmueller2/2025_ibc_latent/outputs/glm/contrast_maps_fsLR/sub-07/res_task-Audi_space-fsLR_dir-ffx', '/ptmp/hmueller2/2025_ibc_latent/outputs/glm/contrast_maps_fsLR/sub-07/res_task-BiologicalMotion1_space-fsLR_dir-ffx', '/ptmp/hmueller2/2025_ibc_latent/outputs/glm/contrast_maps_fsLR/sub-07/res_task-BiologicalMotion2_space-fsLR_dir-ffx', '/ptmp/hmueller2/2025_ibc_latent/outputs/glm/contrast_maps_fsLR/sub-07/res_task-BreathHolding_space-fsLR_dir-ffx', '/ptmp/hmueller2/2025_ibc_latent/outputs/glm/contrast_maps_fsLR/sub-07/res_task-Catell_space-fsLR_dir-ffx', '/ptmp/hmueller2/2025_ibc_latent/outputs/glm/contrast_maps_fsLR/sub-07/res_task-Checkerboard_space-fsLR_dir-ffx', '/ptmp/hmueller2/2025_ibc_latent/outputs/glm/contrast_maps_fsLR/sub-07/res_task-ColumbiaCards_space-fsLR_dir-ffx', '/ptmp/hmueller2/2025_ibc_latent/outputs/glm/contrast_maps_fsLR/sub-07/res_task-Discount_space-fsLR_dir-ffx', '/ptmp/hmueller2/2025_ibc_latent/outputs/glm/contrast_maps_fsLR/sub-07/res_task-DotPatterns_space-fsLR_dir-ffx', '/ptmp/hmueller2/2025_ibc_latent/outputs/glm/contrast_maps_fsLR/sub-07/res_task-EmoMem_space-fsLR_dir-ffx', '/ptmp/hmueller2/2025_ibc_latent/outputs/glm/contrast_maps_fsLR/sub-07/res_task-EmoReco_space-fsLR_dir-ffx', '/ptmp/hmueller2/2025_ibc_latent/outputs/glm/contrast_maps_fsLR/sub-07/res_task-EmotionalPain_space-fsLR_dir-ffx', '/ptmp/hmueller2/2025_ibc_latent/outputs/glm/contrast_maps_fsLR/sub-07/res_task-Enumeration_space-fsLR_dir-ffx', '/ptmp/hmueller2/2025_ibc_latent/outputs/glm/contrast_maps_fsLR/sub-07/res_task-FingerTap_space-fsLR_dir-ffx', '/ptmp/hmueller2/2025_ibc_latent/outputs/glm/contrast_maps_fsLR/sub-07/res_task-HcpEmotion_space-fsLR_dir-ffx', '/ptmp/hmueller2/2025_ibc_latent/outputs/glm/contrast_maps_fsLR/sub-07/res_task-HcpGambling_space-fsLR_dir-ffx', '/ptmp/hmueller2/2025_ibc_latent/outputs/glm/contrast_maps_fsLR/sub-07/res_task-HcpLanguage_space-fsLR_dir-ffx', '/ptmp/hmueller2/2025_ibc_latent/outputs/glm/contrast_maps_fsLR/sub-07/res_task-HcpMotor_space-fsLR_dir-ffx', '/ptmp/hmueller2/2025_ibc_latent/outputs/glm/contrast_maps_fsLR/sub-07/res_task-HcpRelational_space-fsLR_dir-ffx', '/ptmp/hmueller2/2025_ibc_latent/outputs/glm/contrast_maps_fsLR/sub-07/res_task-HcpSocial_space-fsLR_dir-ffx', '/ptmp/hmueller2/2025_ibc_latent/outputs/glm/contrast_maps_fsLR/sub-07/res_task-HcpWm_space-fsLR_dir-ffx', '/ptmp/hmueller2/2025_ibc_latent/outputs/glm/contrast_maps_fsLR/sub-07/res_task-ItemRecognition_space-fsLR_dir-ffx', '/ptmp/hmueller2/2025_ibc_latent/outputs/glm/contrast_maps_fsLR/sub-07/res_task-Lec1_space-fsLR_dir-ffx', '/ptmp/hmueller2/2025_ibc_latent/outputs/glm/contrast_maps_fsLR/sub-07/res_task-Lec2_space-fsLR_dir-ffx', '/ptmp/hmueller2/2025_ibc_latent/outputs/glm/contrast_maps_fsLR/sub-07/res_task-MCSE_space-fsLR_dir-ffx', '/ptmp/hmueller2/2025_ibc_latent/outputs/glm/contrast_maps_fsLR/sub-07/res_task-MTTNS_space-fsLR_dir-ffx', '/ptmp/hmueller2/2025_ibc_latent/outputs/glm/contrast_maps_fsLR/sub-07/res_task-MTTWE_space-fsLR_dir-ffx', '/ptmp/hmueller2/2025_ibc_latent/outputs/glm/contrast_maps_fsLR/sub-07/res_task-MVEB_space-fsLR_dir-ffx', '/ptmp/hmueller2/2025_ibc_latent/outputs/glm/contrast_maps_fsLR/sub-07/res_task-MVIS_space-fsLR_dir-ffx', '/ptmp/hmueller2/2025_ibc_latent/outputs/glm/contrast_maps_fsLR/sub-07/res_task-MathLanguage_space-fsLR_dir-ffx', '/ptmp/hmueller2/2025_ibc_latent/outputs/glm/contrast_maps_fsLR/sub-07/res_task-Moto_space-fsLR_dir-ffx', '/ptmp/hmueller2/2025_ibc_latent/outputs/glm/contrast_maps_fsLR/sub-07/res_task-PainMovie_space-fsLR_dir-ffx', '/ptmp/hmueller2/2025_ibc_latent/outputs/glm/contrast_maps_fsLR/sub-07/res_task-PreferenceFaces_space-fsLR_dir-ffx', '/ptmp/hmueller2/2025_ibc_latent/outputs/glm/contrast_maps_fsLR/sub-07/res_task-PreferenceFood_space-fsLR_dir-ffx', '/ptmp/hmueller2/2025_ibc_latent/outputs/glm/contrast_maps_fsLR/sub-07/res_task-PreferenceHouses_space-fsLR_dir-ffx', '/ptmp/hmueller2/2025_ibc_latent/outputs/glm/contrast_maps_fsLR/sub-07/res_task-PreferencePaintings_space-fsLR_dir-ffx', '/ptmp/hmueller2/2025_ibc_latent/outputs/glm/contrast_maps_fsLR/sub-07/res_task-RSVPLanguage_space-fsLR_dir-ffx', '/ptmp/hmueller2/2025_ibc_latent/outputs/glm/contrast_maps_fsLR/sub-07/res_task-SelectiveStopSignal_space-fsLR_dir-ffx', '/ptmp/hmueller2/2025_ibc_latent/outputs/glm/contrast_maps_fsLR/sub-07/res_task-Self_space-fsLR_dir-ffx', '/ptmp/hmueller2/2025_ibc_latent/outputs/glm/contrast_maps_fsLR/sub-07/res_task-SpatialNavigation_space-fsLR_dir-ffx', '/ptmp/hmueller2/2025_ibc_latent/outputs/glm/contrast_maps_fsLR/sub-07/res_task-StopNogo_space-fsLR_dir-ffx', '/ptmp/hmueller2/2025_ibc_latent/outputs/glm/contrast_maps_fsLR/sub-07/res_task-StopSignal_space-fsLR_dir-ffx', '/ptmp/hmueller2/2025_ibc_latent/outputs/glm/contrast_maps_fsLR/sub-07/res_task-Stroop_space-fsLR_dir-ffx', '/ptmp/hmueller2/2025_ibc_latent/outputs/glm/contrast_maps_fsLR/sub-07/res_task-TheoryOfMind_space-fsLR_dir-ffx', '/ptmp/hmueller2/2025_ibc_latent/outputs/glm/contrast_maps_fsLR/sub-07/res_task-TwoByTwo_space-fsLR_dir-ffx', '/ptmp/hmueller2/2025_ibc_latent/outputs/glm/contrast_maps_fsLR/sub-07/res_task-VSTMC_space-fsLR_dir-ffx', '/ptmp/hmueller2/2025_ibc_latent/outputs/glm/contrast_maps_fsLR/sub-07/res_task-VSTM_space-fsLR_dir-ffx', '/ptmp/hmueller2/2025_ibc_latent/outputs/glm/contrast_maps_fsLR/sub-07/res_task-Visu_space-fsLR_dir-ffx', '/ptmp/hmueller2/2025_ibc_latent/outputs/glm/contrast_maps_fsLR/sub-07/res_task-WardAndAllport_space-fsLR_dir-ffx', '/ptmp/hmueller2/2025_ibc_latent/outputs/glm/contrast_maps_fsLR/sub-07/res_task-WedgeAnti_space-fsLR_dir-ffx', '/ptmp/hmueller2/2025_ibc_latent/outputs/glm/contrast_maps_fsLR/sub-07/res_task-WedgeClock_space-fsLR_dir-ffx']
    Processing task 'ArchiEmotional':
      Task dir: /ptmp/hmueller2/2025_ibc_latent/outputs/glm/contrast_maps_fsLR/sub-07/res_task-ArchiEmotional_space-fsLR_dir-ffx
      Z-map dir: /ptmp/hmueller2/2025_ibc_latent/outputs/glm/contrast_maps_fsLR/sub-07/res_task-ArchiEmotional_space-fsLR_dir-ffx/z_score_maps
      Z-map dir exists: True
      Glob pattern for z-maps: /ptmp/hmueller2/2025_ibc_latent/outputs/glm/contrast_maps_fsLR/sub-07/res_task-ArchiEmotional_space-fsLR_dir-ffx/z_score_maps/*.dscalar.nii
      Found 14 z-maps
    Processing task 'ArchiSocial':
      Task dir: /ptmp/hmueller2/2025_ibc_latent/outputs/glm/contrast_maps_fsLR/sub-07/res_task-ArchiSocial_space-fsLR_dir-ffx
      Z-map dir: /ptmp/hmueller2/2025_ibc_latent/outputs/glm/contrast_maps_fsLR/sub-07/res_task-ArchiSocial_space-fsLR_dir-ffx/z_score_maps
      Z-map dir exists: True
      Glob pattern for z-maps: /ptmp/hmueller2/2025_ibc_latent/outputs/glm/contrast_maps_fsLR/sub-07/res_task-ArchiSocial_space-fsLR_dir-ffx/z_score_maps/*.dscalar.nii
      Found 13 z-maps
    Processing task 'ArchiSpatial':
      Task dir: /ptmp/hmueller2/2025_ibc_latent/outputs/glm/contrast_maps_fsLR/sub-07/res_task-ArchiSpatial_space-fsLR_dir-ffx
      Z-map dir: /ptmp/hmueller2/2025_ibc_latent/outputs/glm/contrast_maps_fsLR/sub-07/res_task-ArchiSpatial_space-fsLR_dir-ffx/z_score_maps
      Z-map dir exists: True
      Glob pattern for z-maps: /ptmp/hmueller2/2025_ibc_latent/outputs/glm/contrast_maps_fsLR/sub-07/res_task-ArchiSpatial_space-fsLR_dir-ffx/z_score_maps/*.dscalar.nii
      Found 7 z-maps
    Processing task 'ArchiStandard':
      Task dir: /ptmp/hmueller2/2025_ibc_latent/outputs/glm/contrast_maps_fsLR/sub-07/res_task-ArchiStandard_space-fsLR_dir-ffx
      Z-map dir: /ptmp/hmueller2/2025_ibc_latent/outputs/glm/contrast_maps_fsLR/sub-07/res_task-ArchiStandard_space-fsLR_dir-ffx/z_score_maps
      Z-map dir exists: True
      Glob pattern for z-maps: /ptmp/hmueller2/2025_ibc_latent/outputs/glm/contrast_maps_fsLR/sub-07/res_task-ArchiStandard_space-fsLR_dir-ffx/z_score_maps/*.dscalar.nii
      Found 23 z-maps
    Processing task 'Attention':
      Task dir: /ptmp/hmueller2/2025_ibc_latent/outputs/glm/contrast_maps_fsLR/sub-07/res_task-Attention_space-fsLR_dir-ffx
      Z-map dir: /ptmp/hmueller2/2025_ibc_latent/outputs/glm/contrast_maps_fsLR/sub-07/res_task-Attention_space-fsLR_dir-ffx/z_score_maps
      Z-map dir exists: True
      Glob pattern for z-maps: /ptmp/hmueller2/2025_ibc_latent/outputs/glm/contrast_maps_fsLR/sub-07/res_task-Attention_space-fsLR_dir-ffx/z_score_maps/*.dscalar.nii
      Found 10 z-maps
    Processing task 'Audi':
      Task dir: /ptmp/hmueller2/2025_ibc_latent/outputs/glm/contrast_maps_fsLR/sub-07/res_task-Audi_space-fsLR_dir-ffx
      Z-map dir: /ptmp/hmueller2/2025_ibc_latent/outputs/glm/contrast_maps_fsLR/sub-07/res_task-Audi_space-fsLR_dir-ffx/z_score_maps
      Z-map dir exists: True
      Glob pattern for z-maps: /ptmp/hmueller2/2025_ibc_latent/outputs/glm/contrast_maps_fsLR/sub-07/res_task-Audi_space-fsLR_dir-ffx/z_score_maps/*.dscalar.nii
      Found 25 z-maps
    Processing task 'BiologicalMotion1':
      Task dir: /ptmp/hmueller2/2025_ibc_latent/outputs/glm/contrast_maps_fsLR/sub-07/res_task-BiologicalMotion1_space-fsLR_dir-ffx
      Z-map dir: /ptmp/hmueller2/2025_ibc_latent/outputs/glm/contrast_maps_fsLR/sub-07/res_task-BiologicalMotion1_space-fsLR_dir-ffx/z_score_maps
      Z-map dir exists: True
      Glob pattern for z-maps: /ptmp/hmueller2/2025_ibc_latent/outputs/glm/contrast_maps_fsLR/sub-07/res_task-BiologicalMotion1_space-fsLR_dir-ffx/z_score_maps/*.dscalar.nii
      Found 10 z-maps
    Processing task 'BiologicalMotion2':
      Task dir: /ptmp/hmueller2/2025_ibc_latent/outputs/glm/contrast_maps_fsLR/sub-07/res_task-BiologicalMotion2_space-fsLR_dir-ffx
      Z-map dir: /ptmp/hmueller2/2025_ibc_latent/outputs/glm/contrast_maps_fsLR/sub-07/res_task-BiologicalMotion2_space-fsLR_dir-ffx/z_score_maps
      Z-map dir exists: True
      Glob pattern for z-maps: /ptmp/hmueller2/2025_ibc_latent/outputs/glm/contrast_maps_fsLR/sub-07/res_task-BiologicalMotion2_space-fsLR_dir-ffx/z_score_maps/*.dscalar.nii
      Found 10 z-maps
    Processing task 'BreathHolding':
      Task dir: /ptmp/hmueller2/2025_ibc_latent/outputs/glm/contrast_maps_fsLR/sub-07/res_task-BreathHolding_space-fsLR_dir-ffx
      Z-map dir: /ptmp/hmueller2/2025_ibc_latent/outputs/glm/contrast_maps_fsLR/sub-07/res_task-BreathHolding_space-fsLR_dir-ffx/z_score_maps
      Z-map dir exists: True
      Glob pattern for z-maps: /ptmp/hmueller2/2025_ibc_latent/outputs/glm/contrast_maps_fsLR/sub-07/res_task-BreathHolding_space-fsLR_dir-ffx/z_score_maps/*.dscalar.nii
      Found 4 z-maps
    Processing task 'Catell':
      Task dir: /ptmp/hmueller2/2025_ibc_latent/outputs/glm/contrast_maps_fsLR/sub-07/res_task-Catell_space-fsLR_dir-ffx
      Z-map dir: /ptmp/hmueller2/2025_ibc_latent/outputs/glm/contrast_maps_fsLR/sub-07/res_task-Catell_space-fsLR_dir-ffx/z_score_maps
      Z-map dir exists: True
      Glob pattern for z-maps: /ptmp/hmueller2/2025_ibc_latent/outputs/glm/contrast_maps_fsLR/sub-07/res_task-Catell_space-fsLR_dir-ffx/z_score_maps/*.dscalar.nii
      Found 3 z-maps
    Processing task 'Checkerboard':
      Task dir: /ptmp/hmueller2/2025_ibc_latent/outputs/glm/contrast_maps_fsLR/sub-07/res_task-Checkerboard_space-fsLR_dir-ffx
      Z-map dir: /ptmp/hmueller2/2025_ibc_latent/outputs/glm/contrast_maps_fsLR/sub-07/res_task-Checkerboard_space-fsLR_dir-ffx/z_score_maps
      Z-map dir exists: True
      Glob pattern for z-maps: /ptmp/hmueller2/2025_ibc_latent/outputs/glm/contrast_maps_fsLR/sub-07/res_task-Checkerboard_space-fsLR_dir-ffx/z_score_maps/*.dscalar.nii
      Found 3 z-maps
    Processing task 'ColumbiaCards':
      Task dir: /ptmp/hmueller2/2025_ibc_latent/outputs/glm/contrast_maps_fsLR/sub-07/res_task-ColumbiaCards_space-fsLR_dir-ffx
      Z-map dir: /ptmp/hmueller2/2025_ibc_latent/outputs/glm/contrast_maps_fsLR/sub-07/res_task-ColumbiaCards_space-fsLR_dir-ffx/z_score_maps
      Z-map dir exists: True
      Glob pattern for z-maps: /ptmp/hmueller2/2025_ibc_latent/outputs/glm/contrast_maps_fsLR/sub-07/res_task-ColumbiaCards_space-fsLR_dir-ffx/z_score_maps/*.dscalar.nii
      Found 3 z-maps
    Processing task 'Discount':
      Task dir: /ptmp/hmueller2/2025_ibc_latent/outputs/glm/contrast_maps_fsLR/sub-07/res_task-Discount_space-fsLR_dir-ffx
      Z-map dir: /ptmp/hmueller2/2025_ibc_latent/outputs/glm/contrast_maps_fsLR/sub-07/res_task-Discount_space-fsLR_dir-ffx/z_score_maps
      Z-map dir exists: True
      Glob pattern for z-maps: /ptmp/hmueller2/2025_ibc_latent/outputs/glm/contrast_maps_fsLR/sub-07/res_task-Discount_space-fsLR_dir-ffx/z_score_maps/*.dscalar.nii
      Found 2 z-maps
    Processing task 'DotPatterns':
      Task dir: /ptmp/hmueller2/2025_ibc_latent/outputs/glm/contrast_maps_fsLR/sub-07/res_task-DotPatterns_space-fsLR_dir-ffx
      Z-map dir: /ptmp/hmueller2/2025_ibc_latent/outputs/glm/contrast_maps_fsLR/sub-07/res_task-DotPatterns_space-fsLR_dir-ffx/z_score_maps
      Z-map dir exists: True
      Glob pattern for z-maps: /ptmp/hmueller2/2025_ibc_latent/outputs/glm/contrast_maps_fsLR/sub-07/res_task-DotPatterns_space-fsLR_dir-ffx/z_score_maps/*.dscalar.nii
      Found 11 z-maps
    Processing task 'EmoMem':
      Task dir: /ptmp/hmueller2/2025_ibc_latent/outputs/glm/contrast_maps_fsLR/sub-07/res_task-EmoMem_space-fsLR_dir-ffx
      Z-map dir: /ptmp/hmueller2/2025_ibc_latent/outputs/glm/contrast_maps_fsLR/sub-07/res_task-EmoMem_space-fsLR_dir-ffx/z_score_maps
      Z-map dir exists: True
      Glob pattern for z-maps: /ptmp/hmueller2/2025_ibc_latent/outputs/glm/contrast_maps_fsLR/sub-07/res_task-EmoMem_space-fsLR_dir-ffx/z_score_maps/*.dscalar.nii
      Found 6 z-maps
    Processing task 'EmoReco':
      Task dir: /ptmp/hmueller2/2025_ibc_latent/outputs/glm/contrast_maps_fsLR/sub-07/res_task-EmoReco_space-fsLR_dir-ffx
      Z-map dir: /ptmp/hmueller2/2025_ibc_latent/outputs/glm/contrast_maps_fsLR/sub-07/res_task-EmoReco_space-fsLR_dir-ffx/z_score_maps
      Z-map dir exists: True
      Glob pattern for z-maps: /ptmp/hmueller2/2025_ibc_latent/outputs/glm/contrast_maps_fsLR/sub-07/res_task-EmoReco_space-fsLR_dir-ffx/z_score_maps/*.dscalar.nii
      Found 10 z-maps
    Processing task 'EmotionalPain':
      Task dir: /ptmp/hmueller2/2025_ibc_latent/outputs/glm/contrast_maps_fsLR/sub-07/res_task-EmotionalPain_space-fsLR_dir-ffx
      Z-map dir: /ptmp/hmueller2/2025_ibc_latent/outputs/glm/contrast_maps_fsLR/sub-07/res_task-EmotionalPain_space-fsLR_dir-ffx/z_score_maps
      Z-map dir exists: True
      Glob pattern for z-maps: /ptmp/hmueller2/2025_ibc_latent/outputs/glm/contrast_maps_fsLR/sub-07/res_task-EmotionalPain_space-fsLR_dir-ffx/z_score_maps/*.dscalar.nii
      Found 3 z-maps
    Processing task 'Enumeration':
      Task dir: /ptmp/hmueller2/2025_ibc_latent/outputs/glm/contrast_maps_fsLR/sub-07/res_task-Enumeration_space-fsLR_dir-ffx
      Z-map dir: /ptmp/hmueller2/2025_ibc_latent/outputs/glm/contrast_maps_fsLR/sub-07/res_task-Enumeration_space-fsLR_dir-ffx/z_score_maps
      Z-map dir exists: True
      Glob pattern for z-maps: /ptmp/hmueller2/2025_ibc_latent/outputs/glm/contrast_maps_fsLR/sub-07/res_task-Enumeration_space-fsLR_dir-ffx/z_score_maps/*.dscalar.nii
      Found 3 z-maps
    Processing task 'FingerTap':
      Task dir: /ptmp/hmueller2/2025_ibc_latent/outputs/glm/contrast_maps_fsLR/sub-07/res_task-FingerTap_space-fsLR_dir-ffx
      Z-map dir: /ptmp/hmueller2/2025_ibc_latent/outputs/glm/contrast_maps_fsLR/sub-07/res_task-FingerTap_space-fsLR_dir-ffx/z_score_maps
      Z-map dir exists: True
      Glob pattern for z-maps: /ptmp/hmueller2/2025_ibc_latent/outputs/glm/contrast_maps_fsLR/sub-07/res_task-FingerTap_space-fsLR_dir-ffx/z_score_maps/*.dscalar.nii
      Found 3 z-maps
    Processing task 'HcpEmotion':
      Task dir: /ptmp/hmueller2/2025_ibc_latent/outputs/glm/contrast_maps_fsLR/sub-07/res_task-HcpEmotion_space-fsLR_dir-ffx
      Z-map dir: /ptmp/hmueller2/2025_ibc_latent/outputs/glm/contrast_maps_fsLR/sub-07/res_task-HcpEmotion_space-fsLR_dir-ffx/z_score_maps
      Z-map dir exists: True
      Glob pattern for z-maps: /ptmp/hmueller2/2025_ibc_latent/outputs/glm/contrast_maps_fsLR/sub-07/res_task-HcpEmotion_space-fsLR_dir-ffx/z_score_maps/*.dscalar.nii
      Found 4 z-maps
    Processing task 'HcpGambling':
      Task dir: /ptmp/hmueller2/2025_ibc_latent/outputs/glm/contrast_maps_fsLR/sub-07/res_task-HcpGambling_space-fsLR_dir-ffx
      Z-map dir: /ptmp/hmueller2/2025_ibc_latent/outputs/glm/contrast_maps_fsLR/sub-07/res_task-HcpGambling_space-fsLR_dir-ffx/z_score_maps
      Z-map dir exists: True
      Glob pattern for z-maps: /ptmp/hmueller2/2025_ibc_latent/outputs/glm/contrast_maps_fsLR/sub-07/res_task-HcpGambling_space-fsLR_dir-ffx/z_score_maps/*.dscalar.nii
      Found 4 z-maps
    Processing task 'HcpLanguage':
      Task dir: /ptmp/hmueller2/2025_ibc_latent/outputs/glm/contrast_maps_fsLR/sub-07/res_task-HcpLanguage_space-fsLR_dir-ffx
      Z-map dir: /ptmp/hmueller2/2025_ibc_latent/outputs/glm/contrast_maps_fsLR/sub-07/res_task-HcpLanguage_space-fsLR_dir-ffx/z_score_maps
      Z-map dir exists: True
      Glob pattern for z-maps: /ptmp/hmueller2/2025_ibc_latent/outputs/glm/contrast_maps_fsLR/sub-07/res_task-HcpLanguage_space-fsLR_dir-ffx/z_score_maps/*.dscalar.nii
      Found 4 z-maps
    Processing task 'HcpMotor':
      Task dir: /ptmp/hmueller2/2025_ibc_latent/outputs/glm/contrast_maps_fsLR/sub-07/res_task-HcpMotor_space-fsLR_dir-ffx
      Z-map dir: /ptmp/hmueller2/2025_ibc_latent/outputs/glm/contrast_maps_fsLR/sub-07/res_task-HcpMotor_space-fsLR_dir-ffx/z_score_maps
      Z-map dir exists: True
      Glob pattern for z-maps: /ptmp/hmueller2/2025_ibc_latent/outputs/glm/contrast_maps_fsLR/sub-07/res_task-HcpMotor_space-fsLR_dir-ffx/z_score_maps/*.dscalar.nii
      Found 11 z-maps
    Processing task 'HcpRelational':
      Task dir: /ptmp/hmueller2/2025_ibc_latent/outputs/glm/contrast_maps_fsLR/sub-07/res_task-HcpRelational_space-fsLR_dir-ffx
      Z-map dir: /ptmp/hmueller2/2025_ibc_latent/outputs/glm/contrast_maps_fsLR/sub-07/res_task-HcpRelational_space-fsLR_dir-ffx/z_score_maps
      Z-map dir exists: True
      Glob pattern for z-maps: /ptmp/hmueller2/2025_ibc_latent/outputs/glm/contrast_maps_fsLR/sub-07/res_task-HcpRelational_space-fsLR_dir-ffx/z_score_maps/*.dscalar.nii
      Found 3 z-maps
    Processing task 'HcpSocial':
      Task dir: /ptmp/hmueller2/2025_ibc_latent/outputs/glm/contrast_maps_fsLR/sub-07/res_task-HcpSocial_space-fsLR_dir-ffx
      Z-map dir: /ptmp/hmueller2/2025_ibc_latent/outputs/glm/contrast_maps_fsLR/sub-07/res_task-HcpSocial_space-fsLR_dir-ffx/z_score_maps
      Z-map dir exists: True
      Glob pattern for z-maps: /ptmp/hmueller2/2025_ibc_latent/outputs/glm/contrast_maps_fsLR/sub-07/res_task-HcpSocial_space-fsLR_dir-ffx/z_score_maps/*.dscalar.nii
      Found 3 z-maps
    Processing task 'HcpWm':
      Task dir: /ptmp/hmueller2/2025_ibc_latent/outputs/glm/contrast_maps_fsLR/sub-07/res_task-HcpWm_space-fsLR_dir-ffx
      Z-map dir: /ptmp/hmueller2/2025_ibc_latent/outputs/glm/contrast_maps_fsLR/sub-07/res_task-HcpWm_space-fsLR_dir-ffx/z_score_maps
      Z-map dir exists: True
      Glob pattern for z-maps: /ptmp/hmueller2/2025_ibc_latent/outputs/glm/contrast_maps_fsLR/sub-07/res_task-HcpWm_space-fsLR_dir-ffx/z_score_maps/*.dscalar.nii
      Found 14 z-maps
    Processing task 'ItemRecognition':
      Task dir: /ptmp/hmueller2/2025_ibc_latent/outputs/glm/contrast_maps_fsLR/sub-07/res_task-ItemRecognition_space-fsLR_dir-ffx
      Z-map dir: /ptmp/hmueller2/2025_ibc_latent/outputs/glm/contrast_maps_fsLR/sub-07/res_task-ItemRecognition_space-fsLR_dir-ffx/z_score_maps
      Z-map dir exists: True
      Glob pattern for z-maps: /ptmp/hmueller2/2025_ibc_latent/outputs/glm/contrast_maps_fsLR/sub-07/res_task-ItemRecognition_space-fsLR_dir-ffx/z_score_maps/*.dscalar.nii
      Found 17 z-maps
    Processing task 'Lec1':
      Task dir: /ptmp/hmueller2/2025_ibc_latent/outputs/glm/contrast_maps_fsLR/sub-07/res_task-Lec1_space-fsLR_dir-ffx
      Z-map dir: /ptmp/hmueller2/2025_ibc_latent/outputs/glm/contrast_maps_fsLR/sub-07/res_task-Lec1_space-fsLR_dir-ffx/z_score_maps
      Z-map dir exists: True
      Glob pattern for z-maps: /ptmp/hmueller2/2025_ibc_latent/outputs/glm/contrast_maps_fsLR/sub-07/res_task-Lec1_space-fsLR_dir-ffx/z_score_maps/*.dscalar.nii
      Found 6 z-maps
    Processing task 'Lec2':
      Task dir: /ptmp/hmueller2/2025_ibc_latent/outputs/glm/contrast_maps_fsLR/sub-07/res_task-Lec2_space-fsLR_dir-ffx
      Z-map dir: /ptmp/hmueller2/2025_ibc_latent/outputs/glm/contrast_maps_fsLR/sub-07/res_task-Lec2_space-fsLR_dir-ffx/z_score_maps
      Z-map dir exists: True
      Glob pattern for z-maps: /ptmp/hmueller2/2025_ibc_latent/outputs/glm/contrast_maps_fsLR/sub-07/res_task-Lec2_space-fsLR_dir-ffx/z_score_maps/*.dscalar.nii
      Found 3 z-maps
    Processing task 'MCSE':
      Task dir: /ptmp/hmueller2/2025_ibc_latent/outputs/glm/contrast_maps_fsLR/sub-07/res_task-MCSE_space-fsLR_dir-ffx
      Z-map dir: /ptmp/hmueller2/2025_ibc_latent/outputs/glm/contrast_maps_fsLR/sub-07/res_task-MCSE_space-fsLR_dir-ffx/z_score_maps
      Z-map dir exists: True
      Glob pattern for z-maps: /ptmp/hmueller2/2025_ibc_latent/outputs/glm/contrast_maps_fsLR/sub-07/res_task-MCSE_space-fsLR_dir-ffx/z_score_maps/*.dscalar.nii
      Found 9 z-maps
    Processing task 'MTTNS':
      Task dir: /ptmp/hmueller2/2025_ibc_latent/outputs/glm/contrast_maps_fsLR/sub-07/res_task-MTTNS_space-fsLR_dir-ffx
      Z-map dir: /ptmp/hmueller2/2025_ibc_latent/outputs/glm/contrast_maps_fsLR/sub-07/res_task-MTTNS_space-fsLR_dir-ffx/z_score_maps
      Z-map dir exists: True
      Glob pattern for z-maps: /ptmp/hmueller2/2025_ibc_latent/outputs/glm/contrast_maps_fsLR/sub-07/res_task-MTTNS_space-fsLR_dir-ffx/z_score_maps/*.dscalar.nii
      Found 19 z-maps
    Processing task 'MTTWE':
      Task dir: /ptmp/hmueller2/2025_ibc_latent/outputs/glm/contrast_maps_fsLR/sub-07/res_task-MTTWE_space-fsLR_dir-ffx
      Z-map dir: /ptmp/hmueller2/2025_ibc_latent/outputs/glm/contrast_maps_fsLR/sub-07/res_task-MTTWE_space-fsLR_dir-ffx/z_score_maps
      Z-map dir exists: True
      Glob pattern for z-maps: /ptmp/hmueller2/2025_ibc_latent/outputs/glm/contrast_maps_fsLR/sub-07/res_task-MTTWE_space-fsLR_dir-ffx/z_score_maps/*.dscalar.nii
      Found 19 z-maps
    Processing task 'MVEB':
      Task dir: /ptmp/hmueller2/2025_ibc_latent/outputs/glm/contrast_maps_fsLR/sub-07/res_task-MVEB_space-fsLR_dir-ffx
      Z-map dir: /ptmp/hmueller2/2025_ibc_latent/outputs/glm/contrast_maps_fsLR/sub-07/res_task-MVEB_space-fsLR_dir-ffx/z_score_maps
      Z-map dir exists: True
      Glob pattern for z-maps: /ptmp/hmueller2/2025_ibc_latent/outputs/glm/contrast_maps_fsLR/sub-07/res_task-MVEB_space-fsLR_dir-ffx/z_score_maps/*.dscalar.nii
      Found 11 z-maps
    Processing task 'MVIS':
      Task dir: /ptmp/hmueller2/2025_ibc_latent/outputs/glm/contrast_maps_fsLR/sub-07/res_task-MVIS_space-fsLR_dir-ffx
      Z-map dir: /ptmp/hmueller2/2025_ibc_latent/outputs/glm/contrast_maps_fsLR/sub-07/res_task-MVIS_space-fsLR_dir-ffx/z_score_maps
      Z-map dir exists: True
      Glob pattern for z-maps: /ptmp/hmueller2/2025_ibc_latent/outputs/glm/contrast_maps_fsLR/sub-07/res_task-MVIS_space-fsLR_dir-ffx/z_score_maps/*.dscalar.nii
      Found 12 z-maps
    Processing task 'MathLanguage':
      Task dir: /ptmp/hmueller2/2025_ibc_latent/outputs/glm/contrast_maps_fsLR/sub-07/res_task-MathLanguage_space-fsLR_dir-ffx
      Z-map dir: /ptmp/hmueller2/2025_ibc_latent/outputs/glm/contrast_maps_fsLR/sub-07/res_task-MathLanguage_space-fsLR_dir-ffx/z_score_maps
      Z-map dir exists: True
      Glob pattern for z-maps: /ptmp/hmueller2/2025_ibc_latent/outputs/glm/contrast_maps_fsLR/sub-07/res_task-MathLanguage_space-fsLR_dir-ffx/z_score_maps/*.dscalar.nii
      Found 30 z-maps
    Processing task 'Moto':
      Task dir: /ptmp/hmueller2/2025_ibc_latent/outputs/glm/contrast_maps_fsLR/sub-07/res_task-Moto_space-fsLR_dir-ffx
      Z-map dir: /ptmp/hmueller2/2025_ibc_latent/outputs/glm/contrast_maps_fsLR/sub-07/res_task-Moto_space-fsLR_dir-ffx/z_score_maps
      Z-map dir exists: True
      Glob pattern for z-maps: /ptmp/hmueller2/2025_ibc_latent/outputs/glm/contrast_maps_fsLR/sub-07/res_task-Moto_space-fsLR_dir-ffx/z_score_maps/*.dscalar.nii
      Found 9 z-maps
    Processing task 'PainMovie':
      Task dir: /ptmp/hmueller2/2025_ibc_latent/outputs/glm/contrast_maps_fsLR/sub-07/res_task-PainMovie_space-fsLR_dir-ffx
      Z-map dir: /ptmp/hmueller2/2025_ibc_latent/outputs/glm/contrast_maps_fsLR/sub-07/res_task-PainMovie_space-fsLR_dir-ffx/z_score_maps
      Z-map dir exists: True
      Glob pattern for z-maps: /ptmp/hmueller2/2025_ibc_latent/outputs/glm/contrast_maps_fsLR/sub-07/res_task-PainMovie_space-fsLR_dir-ffx/z_score_maps/*.dscalar.nii
      Found 3 z-maps
    Processing task 'PreferenceFaces':
      Task dir: /ptmp/hmueller2/2025_ibc_latent/outputs/glm/contrast_maps_fsLR/sub-07/res_task-PreferenceFaces_space-fsLR_dir-ffx
      Z-map dir: /ptmp/hmueller2/2025_ibc_latent/outputs/glm/contrast_maps_fsLR/sub-07/res_task-PreferenceFaces_space-fsLR_dir-ffx/z_score_maps
      Z-map dir exists: True
      Glob pattern for z-maps: /ptmp/hmueller2/2025_ibc_latent/outputs/glm/contrast_maps_fsLR/sub-07/res_task-PreferenceFaces_space-fsLR_dir-ffx/z_score_maps/*.dscalar.nii
      Found 3 z-maps
    Processing task 'PreferenceFood':
      Task dir: /ptmp/hmueller2/2025_ibc_latent/outputs/glm/contrast_maps_fsLR/sub-07/res_task-PreferenceFood_space-fsLR_dir-ffx
      Z-map dir: /ptmp/hmueller2/2025_ibc_latent/outputs/glm/contrast_maps_fsLR/sub-07/res_task-PreferenceFood_space-fsLR_dir-ffx/z_score_maps
      Z-map dir exists: True
      Glob pattern for z-maps: /ptmp/hmueller2/2025_ibc_latent/outputs/glm/contrast_maps_fsLR/sub-07/res_task-PreferenceFood_space-fsLR_dir-ffx/z_score_maps/*.dscalar.nii
      Found 3 z-maps
    Processing task 'PreferenceHouses':
      Task dir: /ptmp/hmueller2/2025_ibc_latent/outputs/glm/contrast_maps_fsLR/sub-07/res_task-PreferenceHouses_space-fsLR_dir-ffx
      Z-map dir: /ptmp/hmueller2/2025_ibc_latent/outputs/glm/contrast_maps_fsLR/sub-07/res_task-PreferenceHouses_space-fsLR_dir-ffx/z_score_maps
      Z-map dir exists: True
      Glob pattern for z-maps: /ptmp/hmueller2/2025_ibc_latent/outputs/glm/contrast_maps_fsLR/sub-07/res_task-PreferenceHouses_space-fsLR_dir-ffx/z_score_maps/*.dscalar.nii
      Found 3 z-maps
    Processing task 'PreferencePaintings':
      Task dir: /ptmp/hmueller2/2025_ibc_latent/outputs/glm/contrast_maps_fsLR/sub-07/res_task-PreferencePaintings_space-fsLR_dir-ffx
      Z-map dir: /ptmp/hmueller2/2025_ibc_latent/outputs/glm/contrast_maps_fsLR/sub-07/res_task-PreferencePaintings_space-fsLR_dir-ffx/z_score_maps
      Z-map dir exists: True
      Glob pattern for z-maps: /ptmp/hmueller2/2025_ibc_latent/outputs/glm/contrast_maps_fsLR/sub-07/res_task-PreferencePaintings_space-fsLR_dir-ffx/z_score_maps/*.dscalar.nii
      Found 3 z-maps
    Processing task 'RSVPLanguage':
      Task dir: /ptmp/hmueller2/2025_ibc_latent/outputs/glm/contrast_maps_fsLR/sub-07/res_task-RSVPLanguage_space-fsLR_dir-ffx
      Z-map dir: /ptmp/hmueller2/2025_ibc_latent/outputs/glm/contrast_maps_fsLR/sub-07/res_task-RSVPLanguage_space-fsLR_dir-ffx/z_score_maps
      Z-map dir exists: True
      Glob pattern for z-maps: /ptmp/hmueller2/2025_ibc_latent/outputs/glm/contrast_maps_fsLR/sub-07/res_task-RSVPLanguage_space-fsLR_dir-ffx/z_score_maps/*.dscalar.nii
      Found 19 z-maps
    Processing task 'SelectiveStopSignal':
      Task dir: /ptmp/hmueller2/2025_ibc_latent/outputs/glm/contrast_maps_fsLR/sub-07/res_task-SelectiveStopSignal_space-fsLR_dir-ffx
      Z-map dir: /ptmp/hmueller2/2025_ibc_latent/outputs/glm/contrast_maps_fsLR/sub-07/res_task-SelectiveStopSignal_space-fsLR_dir-ffx/z_score_maps
      Z-map dir exists: True
      Glob pattern for z-maps: /ptmp/hmueller2/2025_ibc_latent/outputs/glm/contrast_maps_fsLR/sub-07/res_task-SelectiveStopSignal_space-fsLR_dir-ffx/z_score_maps/*.dscalar.nii
      Found 8 z-maps
    Processing task 'Self':
      Task dir: /ptmp/hmueller2/2025_ibc_latent/outputs/glm/contrast_maps_fsLR/sub-07/res_task-Self_space-fsLR_dir-ffx
      Z-map dir: /ptmp/hmueller2/2025_ibc_latent/outputs/glm/contrast_maps_fsLR/sub-07/res_task-Self_space-fsLR_dir-ffx/z_score_maps
      Z-map dir exists: True
      Glob pattern for z-maps: /ptmp/hmueller2/2025_ibc_latent/outputs/glm/contrast_maps_fsLR/sub-07/res_task-Self_space-fsLR_dir-ffx/z_score_maps/*.dscalar.nii
      Found 11 z-maps
    Processing task 'SpatialNavigation':
      Task dir: /ptmp/hmueller2/2025_ibc_latent/outputs/glm/contrast_maps_fsLR/sub-07/res_task-SpatialNavigation_space-fsLR_dir-ffx
      Z-map dir: /ptmp/hmueller2/2025_ibc_latent/outputs/glm/contrast_maps_fsLR/sub-07/res_task-SpatialNavigation_space-fsLR_dir-ffx/z_score_maps
      Z-map dir exists: True
      Glob pattern for z-maps: /ptmp/hmueller2/2025_ibc_latent/outputs/glm/contrast_maps_fsLR/sub-07/res_task-SpatialNavigation_space-fsLR_dir-ffx/z_score_maps/*.dscalar.nii
      Found 9 z-maps
    Processing task 'StopNogo':
      Task dir: /ptmp/hmueller2/2025_ibc_latent/outputs/glm/contrast_maps_fsLR/sub-07/res_task-StopNogo_space-fsLR_dir-ffx
      Z-map dir: /ptmp/hmueller2/2025_ibc_latent/outputs/glm/contrast_maps_fsLR/sub-07/res_task-StopNogo_space-fsLR_dir-ffx/z_score_maps
      Z-map dir exists: True
      Glob pattern for z-maps: /ptmp/hmueller2/2025_ibc_latent/outputs/glm/contrast_maps_fsLR/sub-07/res_task-StopNogo_space-fsLR_dir-ffx/z_score_maps/*.dscalar.nii
      Found 7 z-maps
    Processing task 'StopSignal':
      Task dir: /ptmp/hmueller2/2025_ibc_latent/outputs/glm/contrast_maps_fsLR/sub-07/res_task-StopSignal_space-fsLR_dir-ffx
      Z-map dir: /ptmp/hmueller2/2025_ibc_latent/outputs/glm/contrast_maps_fsLR/sub-07/res_task-StopSignal_space-fsLR_dir-ffx/z_score_maps
      Z-map dir exists: True
      Glob pattern for z-maps: /ptmp/hmueller2/2025_ibc_latent/outputs/glm/contrast_maps_fsLR/sub-07/res_task-StopSignal_space-fsLR_dir-ffx/z_score_maps/*.dscalar.nii
      Found 3 z-maps
    Processing task 'Stroop':
      Task dir: /ptmp/hmueller2/2025_ibc_latent/outputs/glm/contrast_maps_fsLR/sub-07/res_task-Stroop_space-fsLR_dir-ffx
      Z-map dir: /ptmp/hmueller2/2025_ibc_latent/outputs/glm/contrast_maps_fsLR/sub-07/res_task-Stroop_space-fsLR_dir-ffx/z_score_maps
      Z-map dir exists: True
      Glob pattern for z-maps: /ptmp/hmueller2/2025_ibc_latent/outputs/glm/contrast_maps_fsLR/sub-07/res_task-Stroop_space-fsLR_dir-ffx/z_score_maps/*.dscalar.nii
      Found 3 z-maps
    Processing task 'TheoryOfMind':
      Task dir: /ptmp/hmueller2/2025_ibc_latent/outputs/glm/contrast_maps_fsLR/sub-07/res_task-TheoryOfMind_space-fsLR_dir-ffx
      Z-map dir: /ptmp/hmueller2/2025_ibc_latent/outputs/glm/contrast_maps_fsLR/sub-07/res_task-TheoryOfMind_space-fsLR_dir-ffx/z_score_maps
      Z-map dir exists: True
      Glob pattern for z-maps: /ptmp/hmueller2/2025_ibc_latent/outputs/glm/contrast_maps_fsLR/sub-07/res_task-TheoryOfMind_space-fsLR_dir-ffx/z_score_maps/*.dscalar.nii
      Found 3 z-maps
    Processing task 'TwoByTwo':
      Task dir: /ptmp/hmueller2/2025_ibc_latent/outputs/glm/contrast_maps_fsLR/sub-07/res_task-TwoByTwo_space-fsLR_dir-ffx
      Z-map dir: /ptmp/hmueller2/2025_ibc_latent/outputs/glm/contrast_maps_fsLR/sub-07/res_task-TwoByTwo_space-fsLR_dir-ffx/z_score_maps
      Z-map dir exists: True
      Glob pattern for z-maps: /ptmp/hmueller2/2025_ibc_latent/outputs/glm/contrast_maps_fsLR/sub-07/res_task-TwoByTwo_space-fsLR_dir-ffx/z_score_maps/*.dscalar.nii
      Found 10 z-maps
    Processing task 'VSTMC':
      Task dir: /ptmp/hmueller2/2025_ibc_latent/outputs/glm/contrast_maps_fsLR/sub-07/res_task-VSTMC_space-fsLR_dir-ffx
      Z-map dir: /ptmp/hmueller2/2025_ibc_latent/outputs/glm/contrast_maps_fsLR/sub-07/res_task-VSTMC_space-fsLR_dir-ffx/z_score_maps
      Z-map dir exists: True
      Glob pattern for z-maps: /ptmp/hmueller2/2025_ibc_latent/outputs/glm/contrast_maps_fsLR/sub-07/res_task-VSTMC_space-fsLR_dir-ffx/z_score_maps/*.dscalar.nii
      Found 10 z-maps
    Processing task 'VSTM':
      Task dir: /ptmp/hmueller2/2025_ibc_latent/outputs/glm/contrast_maps_fsLR/sub-07/res_task-VSTM_space-fsLR_dir-ffx
      Z-map dir: /ptmp/hmueller2/2025_ibc_latent/outputs/glm/contrast_maps_fsLR/sub-07/res_task-VSTM_space-fsLR_dir-ffx/z_score_maps
      Z-map dir exists: True
      Glob pattern for z-maps: /ptmp/hmueller2/2025_ibc_latent/outputs/glm/contrast_maps_fsLR/sub-07/res_task-VSTM_space-fsLR_dir-ffx/z_score_maps/*.dscalar.nii
      Found 3 z-maps
    Processing task 'Visu':
      Task dir: /ptmp/hmueller2/2025_ibc_latent/outputs/glm/contrast_maps_fsLR/sub-07/res_task-Visu_space-fsLR_dir-ffx
      Z-map dir: /ptmp/hmueller2/2025_ibc_latent/outputs/glm/contrast_maps_fsLR/sub-07/res_task-Visu_space-fsLR_dir-ffx/z_score_maps
      Z-map dir exists: True
      Glob pattern for z-maps: /ptmp/hmueller2/2025_ibc_latent/outputs/glm/contrast_maps_fsLR/sub-07/res_task-Visu_space-fsLR_dir-ffx/z_score_maps/*.dscalar.nii
      Found 16 z-maps
    Processing task 'WardAndAllport':
      Task dir: /ptmp/hmueller2/2025_ibc_latent/outputs/glm/contrast_maps_fsLR/sub-07/res_task-WardAndAllport_space-fsLR_dir-ffx
      Z-map dir: /ptmp/hmueller2/2025_ibc_latent/outputs/glm/contrast_maps_fsLR/sub-07/res_task-WardAndAllport_space-fsLR_dir-ffx/z_score_maps
      Z-map dir exists: True
      Glob pattern for z-maps: /ptmp/hmueller2/2025_ibc_latent/outputs/glm/contrast_maps_fsLR/sub-07/res_task-WardAndAllport_space-fsLR_dir-ffx/z_score_maps/*.dscalar.nii
      Found 10 z-maps
    Processing task 'WedgeAnti':
      Task dir: /ptmp/hmueller2/2025_ibc_latent/outputs/glm/contrast_maps_fsLR/sub-07/res_task-WedgeAnti_space-fsLR_dir-ffx
      Z-map dir: /ptmp/hmueller2/2025_ibc_latent/outputs/glm/contrast_maps_fsLR/sub-07/res_task-WedgeAnti_space-fsLR_dir-ffx/z_score_maps
      Z-map dir exists: True
      Glob pattern for z-maps: /ptmp/hmueller2/2025_ibc_latent/outputs/glm/contrast_maps_fsLR/sub-07/res_task-WedgeAnti_space-fsLR_dir-ffx/z_score_maps/*.dscalar.nii
      Found 8 z-maps
    Processing task 'WedgeClock':
      Task dir: /ptmp/hmueller2/2025_ibc_latent/outputs/glm/contrast_maps_fsLR/sub-07/res_task-WedgeClock_space-fsLR_dir-ffx
      Z-map dir: /ptmp/hmueller2/2025_ibc_latent/outputs/glm/contrast_maps_fsLR/sub-07/res_task-WedgeClock_space-fsLR_dir-ffx/z_score_maps
      Z-map dir exists: True
      Glob pattern for z-maps: /ptmp/hmueller2/2025_ibc_latent/outputs/glm/contrast_maps_fsLR/sub-07/res_task-WedgeClock_space-fsLR_dir-ffx/z_score_maps/*.dscalar.nii
      Found 8 z-maps
  ! Workbench smoothing failed for HcpWm/2back-0back, using unsmoothed map: Missing required file(s) for Workbench smoothing: ['/home/hmueller2/workbench/bin_linux64/wb_command']
  ✓ Loaded: HcpWm/2back-0back
  ! Workbench smoothing failed for ItemRecognition/encode5-encode1, using unsmoothed map: Missing required file(s) for Workbench smoothing: ['/home/hmueller2/workbench/bin_linux64/wb_command']
  ✓ Loaded: ItemRecognition/encode5-encode1
  - Not available: MDTB/2back_hard-easy
  - Not available: MDTB/search_hard-easy
  - Not available: MDTB/semantic_hard-easy
  - Not available: MDTB/finger_complex-simple
  - Not available: GoodBadUgly/dot_hard-easy
  ! Workbench smoothing failed for Stroop/incongruent-congruent, using unsmoothed map: Missing required file(s) for Workbench smoothing: ['/home/hmueller2/workbench/bin_linux64/wb_command']
  ✓ Loaded: Stroop/incongruent-congruent
  ! Workbench smoothing failed for Catell/hard-easy, using unsmoothed map: Missing required file(s) for Workbench smoothing: ['/home/hmueller2/workbench/bin_linux64/wb_command']
  ✓ Loaded: Catell/hard-easy

Applied Workbench CIFTI smoothing to input contrasts (FWHM=4.0mm)

Combined 4 MD contrasts
Mean z-score: 0.008 ± 0.543
Max z-score: 2.295

✓ Saved mean MD map: /ptmp/hmueller2/2025_ibc_latent/outputs/md_system/vertex_wise/sub-07/sub-07_MD_mean.dscalar.nii
✓ Saved std MD map: /ptmp/hmueller2/2025_ibc_latent/outputs/md_system/vertex_wise/sub-07/sub-07_MD_std.dscalar.nii
✓ Saved contrast info: /ptmp/hmueller2/2025_ibc_latent/outputs/md_system/vertex_wise/sub-07/sub-07_MD_contrasts.txt

============================================================
Processing subject 09
============================================================
  Looking for contrasts in: /ptmp/hmueller2/2025_ibc_latent/outputs/glm/contrast_maps_fsLR/sub-09
  Subject directory contents (90 items): ['res_task-ArchiEmotional_space-fsLR_dir-ffx', 'res_task-ArchiSocial_space-fsLR_dir-ffx', 'res_task-ArchiSpatial_space-fsLR_dir-ffx', 'res_task-ArchiStandard_space-fsLR_dir-ffx', 'res_task-Attention_space-fsLR_dir-ffx', 'res_task-Audi_space-fsLR_dir-ffx', 'res_task-BiologicalMotion1_space-fsLR_dir-ffx', 'res_task-BiologicalMotion2_space-fsLR_dir-ffx', 'res_task-BreathHolding_space-fsLR_dir-ffx', 'res_task-Catell_space-fsLR_dir-ffx', 'res_task-Checkerboard_space-fsLR_dir-ffx', 'res_task-Color_space-fsLR_dir-ffx', 'res_task-ColumbiaCards_space-fsLR_dir-ffx', 'res_task-Discount_space-fsLR_dir-ffx', 'res_task-DotPatterns_space-fsLR_dir-ffx', 'res_task-EmoMem_space-fsLR_dir-ffx', 'res_task-EmoReco_space-fsLR_dir-ffx', 'res_task-EmotionalPain_space-fsLR_dir-ffx', 'res_task-Enumeration_space-fsLR_dir-ffx', 'res_task-FaceBody_space-fsLR_dir-ffx', 'res_task-FingerTap_space-fsLR_dir-ffx', 'res_task-HcpEmotion_space-fsLR_dir-ffx', 'res_task-HcpGambling_space-fsLR_dir-ffx', 'res_task-HcpLanguage_space-fsLR_dir-ffx', 'res_task-HcpMotor_space-fsLR_dir-ffx', 'res_task-HcpRelational_space-fsLR_dir-ffx', 'res_task-HcpSocial_space-fsLR_dir-ffx', 'res_task-HcpWm_space-fsLR_dir-ffx', 'res_task-ItemRecognition_space-fsLR_dir-ffx', 'res_task-Lec1_space-fsLR_dir-ffx', 'res_task-Lec2_space-fsLR_dir-ffx', 'res_task-MCSE_space-fsLR_dir-ffx', 'res_task-MTTNS_space-fsLR_dir-ffx', 'res_task-MTTWE_space-fsLR_dir-ffx', 'res_task-MVEB_space-fsLR_dir-ffx', 'res_task-MVIS_space-fsLR_dir-ffx', 'res_task-MathLanguage_space-fsLR_dir-ffx', 'res_task-Motion_space-fsLR_dir-ffx', 'res_task-Moto_space-fsLR_dir-ffx', 'res_task-NARPS_space-fsLR_dir-ffx', 'res_task-PainMovie_space-fsLR_dir-ffx', 'res_task-PreferenceFaces_space-fsLR_dir-ffx', 'res_task-PreferenceFood_space-fsLR_dir-ffx', 'res_task-PreferenceHouses_space-fsLR_dir-ffx', 'res_task-PreferencePaintings_space-fsLR_dir-ffx', 'res_task-RSVPLanguage_space-fsLR_dir-ffx', 'res_task-RewProc_space-fsLR_dir-ffx', 'res_task-Scene_space-fsLR_dir-ffx', 'res_task-SelectiveStopSignal_space-fsLR_dir-ffx', 'res_task-Self_space-fsLR_dir-ffx', 'res_task-SpatialNavigation_space-fsLR_dir-ffx', 'res_task-StopNogo_space-fsLR_dir-ffx', 'res_task-StopSignal_space-fsLR_dir-ffx', 'res_task-Stroop_space-fsLR_dir-ffx', 'res_task-TheoryOfMind_space-fsLR_dir-ffx', 'res_task-TwoByTwo_space-fsLR_dir-ffx', 'res_task-VSTMC_space-fsLR_dir-ffx', 'res_task-VSTM_space-fsLR_dir-ffx', 'res_task-Visu_space-fsLR_dir-ffx', 'res_task-VisualSearch_space-fsLR_dir-ffx', 'res_task-WardAndAllport_space-fsLR_dir-ffx', 'res_task-WedgeAnti_space-fsLR_dir-ffx', 'res_task-WedgeClock_space-fsLR_dir-ffx', 'ses-00', 'ses-01', 'ses-02', 'ses-04', 'ses-05', 'ses-10', 'ses-12', 'ses-13', 'ses-16', 'ses-17', 'ses-18', 'ses-20', 'ses-21', 'ses-22', 'ses-25', 'ses-26', 'ses-27', 'ses-30', 'ses-31', 'ses-32', 'ses-36', 'ses-37', 'ses-38', 'ses-39', 'ses-40', 'ses-41', 'ses-43']
  Glob pattern: /ptmp/hmueller2/2025_ibc_latent/outputs/glm/contrast_maps_fsLR/sub-09/res_task-*_space-fsLR_dir-ffx
  Found 63 task directories: ['/ptmp/hmueller2/2025_ibc_latent/outputs/glm/contrast_maps_fsLR/sub-09/res_task-ArchiEmotional_space-fsLR_dir-ffx', '/ptmp/hmueller2/2025_ibc_latent/outputs/glm/contrast_maps_fsLR/sub-09/res_task-ArchiSocial_space-fsLR_dir-ffx', '/ptmp/hmueller2/2025_ibc_latent/outputs/glm/contrast_maps_fsLR/sub-09/res_task-ArchiSpatial_space-fsLR_dir-ffx', '/ptmp/hmueller2/2025_ibc_latent/outputs/glm/contrast_maps_fsLR/sub-09/res_task-ArchiStandard_space-fsLR_dir-ffx', '/ptmp/hmueller2/2025_ibc_latent/outputs/glm/contrast_maps_fsLR/sub-09/res_task-Attention_space-fsLR_dir-ffx', '/ptmp/hmueller2/2025_ibc_latent/outputs/glm/contrast_maps_fsLR/sub-09/res_task-Audi_space-fsLR_dir-ffx', '/ptmp/hmueller2/2025_ibc_latent/outputs/glm/contrast_maps_fsLR/sub-09/res_task-BiologicalMotion1_space-fsLR_dir-ffx', '/ptmp/hmueller2/2025_ibc_latent/outputs/glm/contrast_maps_fsLR/sub-09/res_task-BiologicalMotion2_space-fsLR_dir-ffx', '/ptmp/hmueller2/2025_ibc_latent/outputs/glm/contrast_maps_fsLR/sub-09/res_task-BreathHolding_space-fsLR_dir-ffx', '/ptmp/hmueller2/2025_ibc_latent/outputs/glm/contrast_maps_fsLR/sub-09/res_task-Catell_space-fsLR_dir-ffx', '/ptmp/hmueller2/2025_ibc_latent/outputs/glm/contrast_maps_fsLR/sub-09/res_task-Checkerboard_space-fsLR_dir-ffx', '/ptmp/hmueller2/2025_ibc_latent/outputs/glm/contrast_maps_fsLR/sub-09/res_task-Color_space-fsLR_dir-ffx', '/ptmp/hmueller2/2025_ibc_latent/outputs/glm/contrast_maps_fsLR/sub-09/res_task-ColumbiaCards_space-fsLR_dir-ffx', '/ptmp/hmueller2/2025_ibc_latent/outputs/glm/contrast_maps_fsLR/sub-09/res_task-Discount_space-fsLR_dir-ffx', '/ptmp/hmueller2/2025_ibc_latent/outputs/glm/contrast_maps_fsLR/sub-09/res_task-DotPatterns_space-fsLR_dir-ffx', '/ptmp/hmueller2/2025_ibc_latent/outputs/glm/contrast_maps_fsLR/sub-09/res_task-EmoMem_space-fsLR_dir-ffx', '/ptmp/hmueller2/2025_ibc_latent/outputs/glm/contrast_maps_fsLR/sub-09/res_task-EmoReco_space-fsLR_dir-ffx', '/ptmp/hmueller2/2025_ibc_latent/outputs/glm/contrast_maps_fsLR/sub-09/res_task-EmotionalPain_space-fsLR_dir-ffx', '/ptmp/hmueller2/2025_ibc_latent/outputs/glm/contrast_maps_fsLR/sub-09/res_task-Enumeration_space-fsLR_dir-ffx', '/ptmp/hmueller2/2025_ibc_latent/outputs/glm/contrast_maps_fsLR/sub-09/res_task-FaceBody_space-fsLR_dir-ffx', '/ptmp/hmueller2/2025_ibc_latent/outputs/glm/contrast_maps_fsLR/sub-09/res_task-FingerTap_space-fsLR_dir-ffx', '/ptmp/hmueller2/2025_ibc_latent/outputs/glm/contrast_maps_fsLR/sub-09/res_task-HcpEmotion_space-fsLR_dir-ffx', '/ptmp/hmueller2/2025_ibc_latent/outputs/glm/contrast_maps_fsLR/sub-09/res_task-HcpGambling_space-fsLR_dir-ffx', '/ptmp/hmueller2/2025_ibc_latent/outputs/glm/contrast_maps_fsLR/sub-09/res_task-HcpLanguage_space-fsLR_dir-ffx', '/ptmp/hmueller2/2025_ibc_latent/outputs/glm/contrast_maps_fsLR/sub-09/res_task-HcpMotor_space-fsLR_dir-ffx', '/ptmp/hmueller2/2025_ibc_latent/outputs/glm/contrast_maps_fsLR/sub-09/res_task-HcpRelational_space-fsLR_dir-ffx', '/ptmp/hmueller2/2025_ibc_latent/outputs/glm/contrast_maps_fsLR/sub-09/res_task-HcpSocial_space-fsLR_dir-ffx', '/ptmp/hmueller2/2025_ibc_latent/outputs/glm/contrast_maps_fsLR/sub-09/res_task-HcpWm_space-fsLR_dir-ffx', '/ptmp/hmueller2/2025_ibc_latent/outputs/glm/contrast_maps_fsLR/sub-09/res_task-ItemRecognition_space-fsLR_dir-ffx', '/ptmp/hmueller2/2025_ibc_latent/outputs/glm/contrast_maps_fsLR/sub-09/res_task-Lec1_space-fsLR_dir-ffx', '/ptmp/hmueller2/2025_ibc_latent/outputs/glm/contrast_maps_fsLR/sub-09/res_task-Lec2_space-fsLR_dir-ffx', '/ptmp/hmueller2/2025_ibc_latent/outputs/glm/contrast_maps_fsLR/sub-09/res_task-MCSE_space-fsLR_dir-ffx', '/ptmp/hmueller2/2025_ibc_latent/outputs/glm/contrast_maps_fsLR/sub-09/res_task-MTTNS_space-fsLR_dir-ffx', '/ptmp/hmueller2/2025_ibc_latent/outputs/glm/contrast_maps_fsLR/sub-09/res_task-MTTWE_space-fsLR_dir-ffx', '/ptmp/hmueller2/2025_ibc_latent/outputs/glm/contrast_maps_fsLR/sub-09/res_task-MVEB_space-fsLR_dir-ffx', '/ptmp/hmueller2/2025_ibc_latent/outputs/glm/contrast_maps_fsLR/sub-09/res_task-MVIS_space-fsLR_dir-ffx', '/ptmp/hmueller2/2025_ibc_latent/outputs/glm/contrast_maps_fsLR/sub-09/res_task-MathLanguage_space-fsLR_dir-ffx', '/ptmp/hmueller2/2025_ibc_latent/outputs/glm/contrast_maps_fsLR/sub-09/res_task-Motion_space-fsLR_dir-ffx', '/ptmp/hmueller2/2025_ibc_latent/outputs/glm/contrast_maps_fsLR/sub-09/res_task-Moto_space-fsLR_dir-ffx', '/ptmp/hmueller2/2025_ibc_latent/outputs/glm/contrast_maps_fsLR/sub-09/res_task-NARPS_space-fsLR_dir-ffx', '/ptmp/hmueller2/2025_ibc_latent/outputs/glm/contrast_maps_fsLR/sub-09/res_task-PainMovie_space-fsLR_dir-ffx', '/ptmp/hmueller2/2025_ibc_latent/outputs/glm/contrast_maps_fsLR/sub-09/res_task-PreferenceFaces_space-fsLR_dir-ffx', '/ptmp/hmueller2/2025_ibc_latent/outputs/glm/contrast_maps_fsLR/sub-09/res_task-PreferenceFood_space-fsLR_dir-ffx', '/ptmp/hmueller2/2025_ibc_latent/outputs/glm/contrast_maps_fsLR/sub-09/res_task-PreferenceHouses_space-fsLR_dir-ffx', '/ptmp/hmueller2/2025_ibc_latent/outputs/glm/contrast_maps_fsLR/sub-09/res_task-PreferencePaintings_space-fsLR_dir-ffx', '/ptmp/hmueller2/2025_ibc_latent/outputs/glm/contrast_maps_fsLR/sub-09/res_task-RSVPLanguage_space-fsLR_dir-ffx', '/ptmp/hmueller2/2025_ibc_latent/outputs/glm/contrast_maps_fsLR/sub-09/res_task-RewProc_space-fsLR_dir-ffx', '/ptmp/hmueller2/2025_ibc_latent/outputs/glm/contrast_maps_fsLR/sub-09/res_task-Scene_space-fsLR_dir-ffx', '/ptmp/hmueller2/2025_ibc_latent/outputs/glm/contrast_maps_fsLR/sub-09/res_task-SelectiveStopSignal_space-fsLR_dir-ffx', '/ptmp/hmueller2/2025_ibc_latent/outputs/glm/contrast_maps_fsLR/sub-09/res_task-Self_space-fsLR_dir-ffx', '/ptmp/hmueller2/2025_ibc_latent/outputs/glm/contrast_maps_fsLR/sub-09/res_task-SpatialNavigation_space-fsLR_dir-ffx', '/ptmp/hmueller2/2025_ibc_latent/outputs/glm/contrast_maps_fsLR/sub-09/res_task-StopNogo_space-fsLR_dir-ffx', '/ptmp/hmueller2/2025_ibc_latent/outputs/glm/contrast_maps_fsLR/sub-09/res_task-StopSignal_space-fsLR_dir-ffx', '/ptmp/hmueller2/2025_ibc_latent/outputs/glm/contrast_maps_fsLR/sub-09/res_task-Stroop_space-fsLR_dir-ffx', '/ptmp/hmueller2/2025_ibc_latent/outputs/glm/contrast_maps_fsLR/sub-09/res_task-TheoryOfMind_space-fsLR_dir-ffx', '/ptmp/hmueller2/2025_ibc_latent/outputs/glm/contrast_maps_fsLR/sub-09/res_task-TwoByTwo_space-fsLR_dir-ffx', '/ptmp/hmueller2/2025_ibc_latent/outputs/glm/contrast_maps_fsLR/sub-09/res_task-VSTMC_space-fsLR_dir-ffx', '/ptmp/hmueller2/2025_ibc_latent/outputs/glm/contrast_maps_fsLR/sub-09/res_task-VSTM_space-fsLR_dir-ffx', '/ptmp/hmueller2/2025_ibc_latent/outputs/glm/contrast_maps_fsLR/sub-09/res_task-Visu_space-fsLR_dir-ffx', '/ptmp/hmueller2/2025_ibc_latent/outputs/glm/contrast_maps_fsLR/sub-09/res_task-VisualSearch_space-fsLR_dir-ffx', '/ptmp/hmueller2/2025_ibc_latent/outputs/glm/contrast_maps_fsLR/sub-09/res_task-WardAndAllport_space-fsLR_dir-ffx', '/ptmp/hmueller2/2025_ibc_latent/outputs/glm/contrast_maps_fsLR/sub-09/res_task-WedgeAnti_space-fsLR_dir-ffx', '/ptmp/hmueller2/2025_ibc_latent/outputs/glm/contrast_maps_fsLR/sub-09/res_task-WedgeClock_space-fsLR_dir-ffx']
    Processing task 'ArchiEmotional':
      Task dir: /ptmp/hmueller2/2025_ibc_latent/outputs/glm/contrast_maps_fsLR/sub-09/res_task-ArchiEmotional_space-fsLR_dir-ffx
      Z-map dir: /ptmp/hmueller2/2025_ibc_latent/outputs/glm/contrast_maps_fsLR/sub-09/res_task-ArchiEmotional_space-fsLR_dir-ffx/z_score_maps
      Z-map dir exists: True
      Glob pattern for z-maps: /ptmp/hmueller2/2025_ibc_latent/outputs/glm/contrast_maps_fsLR/sub-09/res_task-ArchiEmotional_space-fsLR_dir-ffx/z_score_maps/*.dscalar.nii
      Found 14 z-maps
    Processing task 'ArchiSocial':
      Task dir: /ptmp/hmueller2/2025_ibc_latent/outputs/glm/contrast_maps_fsLR/sub-09/res_task-ArchiSocial_space-fsLR_dir-ffx
      Z-map dir: /ptmp/hmueller2/2025_ibc_latent/outputs/glm/contrast_maps_fsLR/sub-09/res_task-ArchiSocial_space-fsLR_dir-ffx/z_score_maps
      Z-map dir exists: True
      Glob pattern for z-maps: /ptmp/hmueller2/2025_ibc_latent/outputs/glm/contrast_maps_fsLR/sub-09/res_task-ArchiSocial_space-fsLR_dir-ffx/z_score_maps/*.dscalar.nii
      Found 13 z-maps
    Processing task 'ArchiSpatial':
      Task dir: /ptmp/hmueller2/2025_ibc_latent/outputs/glm/contrast_maps_fsLR/sub-09/res_task-ArchiSpatial_space-fsLR_dir-ffx
      Z-map dir: /ptmp/hmueller2/2025_ibc_latent/outputs/glm/contrast_maps_fsLR/sub-09/res_task-ArchiSpatial_space-fsLR_dir-ffx/z_score_maps
      Z-map dir exists: True
      Glob pattern for z-maps: /ptmp/hmueller2/2025_ibc_latent/outputs/glm/contrast_maps_fsLR/sub-09/res_task-ArchiSpatial_space-fsLR_dir-ffx/z_score_maps/*.dscalar.nii
      Found 7 z-maps
    Processing task 'ArchiStandard':
      Task dir: /ptmp/hmueller2/2025_ibc_latent/outputs/glm/contrast_maps_fsLR/sub-09/res_task-ArchiStandard_space-fsLR_dir-ffx
      Z-map dir: /ptmp/hmueller2/2025_ibc_latent/outputs/glm/contrast_maps_fsLR/sub-09/res_task-ArchiStandard_space-fsLR_dir-ffx/z_score_maps
      Z-map dir exists: True
      Glob pattern for z-maps: /ptmp/hmueller2/2025_ibc_latent/outputs/glm/contrast_maps_fsLR/sub-09/res_task-ArchiStandard_space-fsLR_dir-ffx/z_score_maps/*.dscalar.nii
      Found 23 z-maps
    Processing task 'Attention':
      Task dir: /ptmp/hmueller2/2025_ibc_latent/outputs/glm/contrast_maps_fsLR/sub-09/res_task-Attention_space-fsLR_dir-ffx
      Z-map dir: /ptmp/hmueller2/2025_ibc_latent/outputs/glm/contrast_maps_fsLR/sub-09/res_task-Attention_space-fsLR_dir-ffx/z_score_maps
      Z-map dir exists: True
      Glob pattern for z-maps: /ptmp/hmueller2/2025_ibc_latent/outputs/glm/contrast_maps_fsLR/sub-09/res_task-Attention_space-fsLR_dir-ffx/z_score_maps/*.dscalar.nii
      Found 10 z-maps
    Processing task 'Audi':
      Task dir: /ptmp/hmueller2/2025_ibc_latent/outputs/glm/contrast_maps_fsLR/sub-09/res_task-Audi_space-fsLR_dir-ffx
      Z-map dir: /ptmp/hmueller2/2025_ibc_latent/outputs/glm/contrast_maps_fsLR/sub-09/res_task-Audi_space-fsLR_dir-ffx/z_score_maps
      Z-map dir exists: True
      Glob pattern for z-maps: /ptmp/hmueller2/2025_ibc_latent/outputs/glm/contrast_maps_fsLR/sub-09/res_task-Audi_space-fsLR_dir-ffx/z_score_maps/*.dscalar.nii
      Found 25 z-maps
    Processing task 'BiologicalMotion1':
      Task dir: /ptmp/hmueller2/2025_ibc_latent/outputs/glm/contrast_maps_fsLR/sub-09/res_task-BiologicalMotion1_space-fsLR_dir-ffx
      Z-map dir: /ptmp/hmueller2/2025_ibc_latent/outputs/glm/contrast_maps_fsLR/sub-09/res_task-BiologicalMotion1_space-fsLR_dir-ffx/z_score_maps
      Z-map dir exists: True
      Glob pattern for z-maps: /ptmp/hmueller2/2025_ibc_latent/outputs/glm/contrast_maps_fsLR/sub-09/res_task-BiologicalMotion1_space-fsLR_dir-ffx/z_score_maps/*.dscalar.nii
      Found 10 z-maps
    Processing task 'BiologicalMotion2':
      Task dir: /ptmp/hmueller2/2025_ibc_latent/outputs/glm/contrast_maps_fsLR/sub-09/res_task-BiologicalMotion2_space-fsLR_dir-ffx
      Z-map dir: /ptmp/hmueller2/2025_ibc_latent/outputs/glm/contrast_maps_fsLR/sub-09/res_task-BiologicalMotion2_space-fsLR_dir-ffx/z_score_maps
      Z-map dir exists: True
      Glob pattern for z-maps: /ptmp/hmueller2/2025_ibc_latent/outputs/glm/contrast_maps_fsLR/sub-09/res_task-BiologicalMotion2_space-fsLR_dir-ffx/z_score_maps/*.dscalar.nii
      Found 10 z-maps
    Processing task 'BreathHolding':
      Task dir: /ptmp/hmueller2/2025_ibc_latent/outputs/glm/contrast_maps_fsLR/sub-09/res_task-BreathHolding_space-fsLR_dir-ffx
      Z-map dir: /ptmp/hmueller2/2025_ibc_latent/outputs/glm/contrast_maps_fsLR/sub-09/res_task-BreathHolding_space-fsLR_dir-ffx/z_score_maps
      Z-map dir exists: True
      Glob pattern for z-maps: /ptmp/hmueller2/2025_ibc_latent/outputs/glm/contrast_maps_fsLR/sub-09/res_task-BreathHolding_space-fsLR_dir-ffx/z_score_maps/*.dscalar.nii
      Found 4 z-maps
    Processing task 'Catell':
      Task dir: /ptmp/hmueller2/2025_ibc_latent/outputs/glm/contrast_maps_fsLR/sub-09/res_task-Catell_space-fsLR_dir-ffx
      Z-map dir: /ptmp/hmueller2/2025_ibc_latent/outputs/glm/contrast_maps_fsLR/sub-09/res_task-Catell_space-fsLR_dir-ffx/z_score_maps
      Z-map dir exists: True
      Glob pattern for z-maps: /ptmp/hmueller2/2025_ibc_latent/outputs/glm/contrast_maps_fsLR/sub-09/res_task-Catell_space-fsLR_dir-ffx/z_score_maps/*.dscalar.nii
      Found 3 z-maps
    Processing task 'Checkerboard':
      Task dir: /ptmp/hmueller2/2025_ibc_latent/outputs/glm/contrast_maps_fsLR/sub-09/res_task-Checkerboard_space-fsLR_dir-ffx
      Z-map dir: /ptmp/hmueller2/2025_ibc_latent/outputs/glm/contrast_maps_fsLR/sub-09/res_task-Checkerboard_space-fsLR_dir-ffx/z_score_maps
      Z-map dir exists: True
      Glob pattern for z-maps: /ptmp/hmueller2/2025_ibc_latent/outputs/glm/contrast_maps_fsLR/sub-09/res_task-Checkerboard_space-fsLR_dir-ffx/z_score_maps/*.dscalar.nii
      Found 3 z-maps
    Processing task 'Color':
      Task dir: /ptmp/hmueller2/2025_ibc_latent/outputs/glm/contrast_maps_fsLR/sub-09/res_task-Color_space-fsLR_dir-ffx
      Z-map dir: /ptmp/hmueller2/2025_ibc_latent/outputs/glm/contrast_maps_fsLR/sub-09/res_task-Color_space-fsLR_dir-ffx/z_score_maps
      Z-map dir exists: True
      Glob pattern for z-maps: /ptmp/hmueller2/2025_ibc_latent/outputs/glm/contrast_maps_fsLR/sub-09/res_task-Color_space-fsLR_dir-ffx/z_score_maps/*.dscalar.nii
      Found 4 z-maps
    Processing task 'ColumbiaCards':
      Task dir: /ptmp/hmueller2/2025_ibc_latent/outputs/glm/contrast_maps_fsLR/sub-09/res_task-ColumbiaCards_space-fsLR_dir-ffx
      Z-map dir: /ptmp/hmueller2/2025_ibc_latent/outputs/glm/contrast_maps_fsLR/sub-09/res_task-ColumbiaCards_space-fsLR_dir-ffx/z_score_maps
      Z-map dir exists: True
      Glob pattern for z-maps: /ptmp/hmueller2/2025_ibc_latent/outputs/glm/contrast_maps_fsLR/sub-09/res_task-ColumbiaCards_space-fsLR_dir-ffx/z_score_maps/*.dscalar.nii
      Found 3 z-maps
    Processing task 'Discount':
      Task dir: /ptmp/hmueller2/2025_ibc_latent/outputs/glm/contrast_maps_fsLR/sub-09/res_task-Discount_space-fsLR_dir-ffx
      Z-map dir: /ptmp/hmueller2/2025_ibc_latent/outputs/glm/contrast_maps_fsLR/sub-09/res_task-Discount_space-fsLR_dir-ffx/z_score_maps
      Z-map dir exists: True
      Glob pattern for z-maps: /ptmp/hmueller2/2025_ibc_latent/outputs/glm/contrast_maps_fsLR/sub-09/res_task-Discount_space-fsLR_dir-ffx/z_score_maps/*.dscalar.nii
      Found 2 z-maps
    Processing task 'DotPatterns':
      Task dir: /ptmp/hmueller2/2025_ibc_latent/outputs/glm/contrast_maps_fsLR/sub-09/res_task-DotPatterns_space-fsLR_dir-ffx
      Z-map dir: /ptmp/hmueller2/2025_ibc_latent/outputs/glm/contrast_maps_fsLR/sub-09/res_task-DotPatterns_space-fsLR_dir-ffx/z_score_maps
      Z-map dir exists: True
      Glob pattern for z-maps: /ptmp/hmueller2/2025_ibc_latent/outputs/glm/contrast_maps_fsLR/sub-09/res_task-DotPatterns_space-fsLR_dir-ffx/z_score_maps/*.dscalar.nii
      Found 11 z-maps
    Processing task 'EmoMem':
      Task dir: /ptmp/hmueller2/2025_ibc_latent/outputs/glm/contrast_maps_fsLR/sub-09/res_task-EmoMem_space-fsLR_dir-ffx
      Z-map dir: /ptmp/hmueller2/2025_ibc_latent/outputs/glm/contrast_maps_fsLR/sub-09/res_task-EmoMem_space-fsLR_dir-ffx/z_score_maps
      Z-map dir exists: True
      Glob pattern for z-maps: /ptmp/hmueller2/2025_ibc_latent/outputs/glm/contrast_maps_fsLR/sub-09/res_task-EmoMem_space-fsLR_dir-ffx/z_score_maps/*.dscalar.nii
      Found 6 z-maps
    Processing task 'EmoReco':
      Task dir: /ptmp/hmueller2/2025_ibc_latent/outputs/glm/contrast_maps_fsLR/sub-09/res_task-EmoReco_space-fsLR_dir-ffx
      Z-map dir: /ptmp/hmueller2/2025_ibc_latent/outputs/glm/contrast_maps_fsLR/sub-09/res_task-EmoReco_space-fsLR_dir-ffx/z_score_maps
      Z-map dir exists: True
      Glob pattern for z-maps: /ptmp/hmueller2/2025_ibc_latent/outputs/glm/contrast_maps_fsLR/sub-09/res_task-EmoReco_space-fsLR_dir-ffx/z_score_maps/*.dscalar.nii
      Found 10 z-maps
    Processing task 'EmotionalPain':
      Task dir: /ptmp/hmueller2/2025_ibc_latent/outputs/glm/contrast_maps_fsLR/sub-09/res_task-EmotionalPain_space-fsLR_dir-ffx
      Z-map dir: /ptmp/hmueller2/2025_ibc_latent/outputs/glm/contrast_maps_fsLR/sub-09/res_task-EmotionalPain_space-fsLR_dir-ffx/z_score_maps
      Z-map dir exists: True
      Glob pattern for z-maps: /ptmp/hmueller2/2025_ibc_latent/outputs/glm/contrast_maps_fsLR/sub-09/res_task-EmotionalPain_space-fsLR_dir-ffx/z_score_maps/*.dscalar.nii
      Found 3 z-maps
    Processing task 'Enumeration':
      Task dir: /ptmp/hmueller2/2025_ibc_latent/outputs/glm/contrast_maps_fsLR/sub-09/res_task-Enumeration_space-fsLR_dir-ffx
      Z-map dir: /ptmp/hmueller2/2025_ibc_latent/outputs/glm/contrast_maps_fsLR/sub-09/res_task-Enumeration_space-fsLR_dir-ffx/z_score_maps
      Z-map dir exists: True
      Glob pattern for z-maps: /ptmp/hmueller2/2025_ibc_latent/outputs/glm/contrast_maps_fsLR/sub-09/res_task-Enumeration_space-fsLR_dir-ffx/z_score_maps/*.dscalar.nii
      Found 3 z-maps
    Processing task 'FaceBody':
      Task dir: /ptmp/hmueller2/2025_ibc_latent/outputs/glm/contrast_maps_fsLR/sub-09/res_task-FaceBody_space-fsLR_dir-ffx
      Z-map dir: /ptmp/hmueller2/2025_ibc_latent/outputs/glm/contrast_maps_fsLR/sub-09/res_task-FaceBody_space-fsLR_dir-ffx/z_score_maps
      Z-map dir exists: True
      Glob pattern for z-maps: /ptmp/hmueller2/2025_ibc_latent/outputs/glm/contrast_maps_fsLR/sub-09/res_task-FaceBody_space-fsLR_dir-ffx/z_score_maps/*.dscalar.nii
      Found 15 z-maps
    Processing task 'FingerTap':
      Task dir: /ptmp/hmueller2/2025_ibc_latent/outputs/glm/contrast_maps_fsLR/sub-09/res_task-FingerTap_space-fsLR_dir-ffx
      Z-map dir: /ptmp/hmueller2/2025_ibc_latent/outputs/glm/contrast_maps_fsLR/sub-09/res_task-FingerTap_space-fsLR_dir-ffx/z_score_maps
      Z-map dir exists: True
      Glob pattern for z-maps: /ptmp/hmueller2/2025_ibc_latent/outputs/glm/contrast_maps_fsLR/sub-09/res_task-FingerTap_space-fsLR_dir-ffx/z_score_maps/*.dscalar.nii
      Found 3 z-maps
    Processing task 'HcpEmotion':
      Task dir: /ptmp/hmueller2/2025_ibc_latent/outputs/glm/contrast_maps_fsLR/sub-09/res_task-HcpEmotion_space-fsLR_dir-ffx
      Z-map dir: /ptmp/hmueller2/2025_ibc_latent/outputs/glm/contrast_maps_fsLR/sub-09/res_task-HcpEmotion_space-fsLR_dir-ffx/z_score_maps
      Z-map dir exists: True
      Glob pattern for z-maps: /ptmp/hmueller2/2025_ibc_latent/outputs/glm/contrast_maps_fsLR/sub-09/res_task-HcpEmotion_space-fsLR_dir-ffx/z_score_maps/*.dscalar.nii
      Found 4 z-maps
    Processing task 'HcpGambling':
      Task dir: /ptmp/hmueller2/2025_ibc_latent/outputs/glm/contrast_maps_fsLR/sub-09/res_task-HcpGambling_space-fsLR_dir-ffx
      Z-map dir: /ptmp/hmueller2/2025_ibc_latent/outputs/glm/contrast_maps_fsLR/sub-09/res_task-HcpGambling_space-fsLR_dir-ffx/z_score_maps
      Z-map dir exists: True
      Glob pattern for z-maps: /ptmp/hmueller2/2025_ibc_latent/outputs/glm/contrast_maps_fsLR/sub-09/res_task-HcpGambling_space-fsLR_dir-ffx/z_score_maps/*.dscalar.nii
      Found 4 z-maps
    Processing task 'HcpLanguage':
      Task dir: /ptmp/hmueller2/2025_ibc_latent/outputs/glm/contrast_maps_fsLR/sub-09/res_task-HcpLanguage_space-fsLR_dir-ffx
      Z-map dir: /ptmp/hmueller2/2025_ibc_latent/outputs/glm/contrast_maps_fsLR/sub-09/res_task-HcpLanguage_space-fsLR_dir-ffx/z_score_maps
      Z-map dir exists: True
      Glob pattern for z-maps: /ptmp/hmueller2/2025_ibc_latent/outputs/glm/contrast_maps_fsLR/sub-09/res_task-HcpLanguage_space-fsLR_dir-ffx/z_score_maps/*.dscalar.nii
      Found 4 z-maps
    Processing task 'HcpMotor':
      Task dir: /ptmp/hmueller2/2025_ibc_latent/outputs/glm/contrast_maps_fsLR/sub-09/res_task-HcpMotor_space-fsLR_dir-ffx
      Z-map dir: /ptmp/hmueller2/2025_ibc_latent/outputs/glm/contrast_maps_fsLR/sub-09/res_task-HcpMotor_space-fsLR_dir-ffx/z_score_maps
      Z-map dir exists: True
      Glob pattern for z-maps: /ptmp/hmueller2/2025_ibc_latent/outputs/glm/contrast_maps_fsLR/sub-09/res_task-HcpMotor_space-fsLR_dir-ffx/z_score_maps/*.dscalar.nii
      Found 11 z-maps
    Processing task 'HcpRelational':
      Task dir: /ptmp/hmueller2/2025_ibc_latent/outputs/glm/contrast_maps_fsLR/sub-09/res_task-HcpRelational_space-fsLR_dir-ffx
      Z-map dir: /ptmp/hmueller2/2025_ibc_latent/outputs/glm/contrast_maps_fsLR/sub-09/res_task-HcpRelational_space-fsLR_dir-ffx/z_score_maps
      Z-map dir exists: True
      Glob pattern for z-maps: /ptmp/hmueller2/2025_ibc_latent/outputs/glm/contrast_maps_fsLR/sub-09/res_task-HcpRelational_space-fsLR_dir-ffx/z_score_maps/*.dscalar.nii
      Found 3 z-maps
    Processing task 'HcpSocial':
      Task dir: /ptmp/hmueller2/2025_ibc_latent/outputs/glm/contrast_maps_fsLR/sub-09/res_task-HcpSocial_space-fsLR_dir-ffx
      Z-map dir: /ptmp/hmueller2/2025_ibc_latent/outputs/glm/contrast_maps_fsLR/sub-09/res_task-HcpSocial_space-fsLR_dir-ffx/z_score_maps
      Z-map dir exists: True
      Glob pattern for z-maps: /ptmp/hmueller2/2025_ibc_latent/outputs/glm/contrast_maps_fsLR/sub-09/res_task-HcpSocial_space-fsLR_dir-ffx/z_score_maps/*.dscalar.nii
      Found 3 z-maps
    Processing task 'HcpWm':
      Task dir: /ptmp/hmueller2/2025_ibc_latent/outputs/glm/contrast_maps_fsLR/sub-09/res_task-HcpWm_space-fsLR_dir-ffx
      Z-map dir: /ptmp/hmueller2/2025_ibc_latent/outputs/glm/contrast_maps_fsLR/sub-09/res_task-HcpWm_space-fsLR_dir-ffx/z_score_maps
      Z-map dir exists: True
      Glob pattern for z-maps: /ptmp/hmueller2/2025_ibc_latent/outputs/glm/contrast_maps_fsLR/sub-09/res_task-HcpWm_space-fsLR_dir-ffx/z_score_maps/*.dscalar.nii
      Found 14 z-maps
    Processing task 'ItemRecognition':
      Task dir: /ptmp/hmueller2/2025_ibc_latent/outputs/glm/contrast_maps_fsLR/sub-09/res_task-ItemRecognition_space-fsLR_dir-ffx
      Z-map dir: /ptmp/hmueller2/2025_ibc_latent/outputs/glm/contrast_maps_fsLR/sub-09/res_task-ItemRecognition_space-fsLR_dir-ffx/z_score_maps
      Z-map dir exists: True
      Glob pattern for z-maps: /ptmp/hmueller2/2025_ibc_latent/outputs/glm/contrast_maps_fsLR/sub-09/res_task-ItemRecognition_space-fsLR_dir-ffx/z_score_maps/*.dscalar.nii
      Found 17 z-maps
    Processing task 'Lec1':
      Task dir: /ptmp/hmueller2/2025_ibc_latent/outputs/glm/contrast_maps_fsLR/sub-09/res_task-Lec1_space-fsLR_dir-ffx
      Z-map dir: /ptmp/hmueller2/2025_ibc_latent/outputs/glm/contrast_maps_fsLR/sub-09/res_task-Lec1_space-fsLR_dir-ffx/z_score_maps
      Z-map dir exists: True
      Glob pattern for z-maps: /ptmp/hmueller2/2025_ibc_latent/outputs/glm/contrast_maps_fsLR/sub-09/res_task-Lec1_space-fsLR_dir-ffx/z_score_maps/*.dscalar.nii
      Found 6 z-maps
    Processing task 'Lec2':
      Task dir: /ptmp/hmueller2/2025_ibc_latent/outputs/glm/contrast_maps_fsLR/sub-09/res_task-Lec2_space-fsLR_dir-ffx
      Z-map dir: /ptmp/hmueller2/2025_ibc_latent/outputs/glm/contrast_maps_fsLR/sub-09/res_task-Lec2_space-fsLR_dir-ffx/z_score_maps
      Z-map dir exists: True
      Glob pattern for z-maps: /ptmp/hmueller2/2025_ibc_latent/outputs/glm/contrast_maps_fsLR/sub-09/res_task-Lec2_space-fsLR_dir-ffx/z_score_maps/*.dscalar.nii
      Found 3 z-maps
    Processing task 'MCSE':
      Task dir: /ptmp/hmueller2/2025_ibc_latent/outputs/glm/contrast_maps_fsLR/sub-09/res_task-MCSE_space-fsLR_dir-ffx
      Z-map dir: /ptmp/hmueller2/2025_ibc_latent/outputs/glm/contrast_maps_fsLR/sub-09/res_task-MCSE_space-fsLR_dir-ffx/z_score_maps
      Z-map dir exists: True
      Glob pattern for z-maps: /ptmp/hmueller2/2025_ibc_latent/outputs/glm/contrast_maps_fsLR/sub-09/res_task-MCSE_space-fsLR_dir-ffx/z_score_maps/*.dscalar.nii
      Found 9 z-maps
    Processing task 'MTTNS':
      Task dir: /ptmp/hmueller2/2025_ibc_latent/outputs/glm/contrast_maps_fsLR/sub-09/res_task-MTTNS_space-fsLR_dir-ffx
      Z-map dir: /ptmp/hmueller2/2025_ibc_latent/outputs/glm/contrast_maps_fsLR/sub-09/res_task-MTTNS_space-fsLR_dir-ffx/z_score_maps
      Z-map dir exists: True
      Glob pattern for z-maps: /ptmp/hmueller2/2025_ibc_latent/outputs/glm/contrast_maps_fsLR/sub-09/res_task-MTTNS_space-fsLR_dir-ffx/z_score_maps/*.dscalar.nii
      Found 19 z-maps
    Processing task 'MTTWE':
      Task dir: /ptmp/hmueller2/2025_ibc_latent/outputs/glm/contrast_maps_fsLR/sub-09/res_task-MTTWE_space-fsLR_dir-ffx
      Z-map dir: /ptmp/hmueller2/2025_ibc_latent/outputs/glm/contrast_maps_fsLR/sub-09/res_task-MTTWE_space-fsLR_dir-ffx/z_score_maps
      Z-map dir exists: True
      Glob pattern for z-maps: /ptmp/hmueller2/2025_ibc_latent/outputs/glm/contrast_maps_fsLR/sub-09/res_task-MTTWE_space-fsLR_dir-ffx/z_score_maps/*.dscalar.nii
      Found 19 z-maps
    Processing task 'MVEB':
      Task dir: /ptmp/hmueller2/2025_ibc_latent/outputs/glm/contrast_maps_fsLR/sub-09/res_task-MVEB_space-fsLR_dir-ffx
      Z-map dir: /ptmp/hmueller2/2025_ibc_latent/outputs/glm/contrast_maps_fsLR/sub-09/res_task-MVEB_space-fsLR_dir-ffx/z_score_maps
      Z-map dir exists: True
      Glob pattern for z-maps: /ptmp/hmueller2/2025_ibc_latent/outputs/glm/contrast_maps_fsLR/sub-09/res_task-MVEB_space-fsLR_dir-ffx/z_score_maps/*.dscalar.nii
      Found 11 z-maps
    Processing task 'MVIS':
      Task dir: /ptmp/hmueller2/2025_ibc_latent/outputs/glm/contrast_maps_fsLR/sub-09/res_task-MVIS_space-fsLR_dir-ffx
      Z-map dir: /ptmp/hmueller2/2025_ibc_latent/outputs/glm/contrast_maps_fsLR/sub-09/res_task-MVIS_space-fsLR_dir-ffx/z_score_maps
      Z-map dir exists: True
      Glob pattern for z-maps: /ptmp/hmueller2/2025_ibc_latent/outputs/glm/contrast_maps_fsLR/sub-09/res_task-MVIS_space-fsLR_dir-ffx/z_score_maps/*.dscalar.nii
      Found 12 z-maps
    Processing task 'MathLanguage':
      Task dir: /ptmp/hmueller2/2025_ibc_latent/outputs/glm/contrast_maps_fsLR/sub-09/res_task-MathLanguage_space-fsLR_dir-ffx
      Z-map dir: /ptmp/hmueller2/2025_ibc_latent/outputs/glm/contrast_maps_fsLR/sub-09/res_task-MathLanguage_space-fsLR_dir-ffx/z_score_maps
      Z-map dir exists: True
      Glob pattern for z-maps: /ptmp/hmueller2/2025_ibc_latent/outputs/glm/contrast_maps_fsLR/sub-09/res_task-MathLanguage_space-fsLR_dir-ffx/z_score_maps/*.dscalar.nii
      Found 30 z-maps
    Processing task 'Motion':
      Task dir: /ptmp/hmueller2/2025_ibc_latent/outputs/glm/contrast_maps_fsLR/sub-09/res_task-Motion_space-fsLR_dir-ffx
      Z-map dir: /ptmp/hmueller2/2025_ibc_latent/outputs/glm/contrast_maps_fsLR/sub-09/res_task-Motion_space-fsLR_dir-ffx/z_score_maps
      Z-map dir exists: True
      Glob pattern for z-maps: /ptmp/hmueller2/2025_ibc_latent/outputs/glm/contrast_maps_fsLR/sub-09/res_task-Motion_space-fsLR_dir-ffx/z_score_maps/*.dscalar.nii
      Found 11 z-maps
    Processing task 'Moto':
      Task dir: /ptmp/hmueller2/2025_ibc_latent/outputs/glm/contrast_maps_fsLR/sub-09/res_task-Moto_space-fsLR_dir-ffx
      Z-map dir: /ptmp/hmueller2/2025_ibc_latent/outputs/glm/contrast_maps_fsLR/sub-09/res_task-Moto_space-fsLR_dir-ffx/z_score_maps
      Z-map dir exists: True
      Glob pattern for z-maps: /ptmp/hmueller2/2025_ibc_latent/outputs/glm/contrast_maps_fsLR/sub-09/res_task-Moto_space-fsLR_dir-ffx/z_score_maps/*.dscalar.nii
      Found 9 z-maps
    Processing task 'NARPS':
      Task dir: /ptmp/hmueller2/2025_ibc_latent/outputs/glm/contrast_maps_fsLR/sub-09/res_task-NARPS_space-fsLR_dir-ffx
      Z-map dir: /ptmp/hmueller2/2025_ibc_latent/outputs/glm/contrast_maps_fsLR/sub-09/res_task-NARPS_space-fsLR_dir-ffx/z_score_maps
      Z-map dir exists: True
      Glob pattern for z-maps: /ptmp/hmueller2/2025_ibc_latent/outputs/glm/contrast_maps_fsLR/sub-09/res_task-NARPS_space-fsLR_dir-ffx/z_score_maps/*.dscalar.nii
      Found 8 z-maps
    Processing task 'PainMovie':
      Task dir: /ptmp/hmueller2/2025_ibc_latent/outputs/glm/contrast_maps_fsLR/sub-09/res_task-PainMovie_space-fsLR_dir-ffx
      Z-map dir: /ptmp/hmueller2/2025_ibc_latent/outputs/glm/contrast_maps_fsLR/sub-09/res_task-PainMovie_space-fsLR_dir-ffx/z_score_maps
      Z-map dir exists: True
      Glob pattern for z-maps: /ptmp/hmueller2/2025_ibc_latent/outputs/glm/contrast_maps_fsLR/sub-09/res_task-PainMovie_space-fsLR_dir-ffx/z_score_maps/*.dscalar.nii
      Found 3 z-maps
    Processing task 'PreferenceFaces':
      Task dir: /ptmp/hmueller2/2025_ibc_latent/outputs/glm/contrast_maps_fsLR/sub-09/res_task-PreferenceFaces_space-fsLR_dir-ffx
      Z-map dir: /ptmp/hmueller2/2025_ibc_latent/outputs/glm/contrast_maps_fsLR/sub-09/res_task-PreferenceFaces_space-fsLR_dir-ffx/z_score_maps
      Z-map dir exists: True
      Glob pattern for z-maps: /ptmp/hmueller2/2025_ibc_latent/outputs/glm/contrast_maps_fsLR/sub-09/res_task-PreferenceFaces_space-fsLR_dir-ffx/z_score_maps/*.dscalar.nii
      Found 3 z-maps
    Processing task 'PreferenceFood':
      Task dir: /ptmp/hmueller2/2025_ibc_latent/outputs/glm/contrast_maps_fsLR/sub-09/res_task-PreferenceFood_space-fsLR_dir-ffx
      Z-map dir: /ptmp/hmueller2/2025_ibc_latent/outputs/glm/contrast_maps_fsLR/sub-09/res_task-PreferenceFood_space-fsLR_dir-ffx/z_score_maps
      Z-map dir exists: True
      Glob pattern for z-maps: /ptmp/hmueller2/2025_ibc_latent/outputs/glm/contrast_maps_fsLR/sub-09/res_task-PreferenceFood_space-fsLR_dir-ffx/z_score_maps/*.dscalar.nii
      Found 3 z-maps
    Processing task 'PreferenceHouses':
      Task dir: /ptmp/hmueller2/2025_ibc_latent/outputs/glm/contrast_maps_fsLR/sub-09/res_task-PreferenceHouses_space-fsLR_dir-ffx
      Z-map dir: /ptmp/hmueller2/2025_ibc_latent/outputs/glm/contrast_maps_fsLR/sub-09/res_task-PreferenceHouses_space-fsLR_dir-ffx/z_score_maps
      Z-map dir exists: True
      Glob pattern for z-maps: /ptmp/hmueller2/2025_ibc_latent/outputs/glm/contrast_maps_fsLR/sub-09/res_task-PreferenceHouses_space-fsLR_dir-ffx/z_score_maps/*.dscalar.nii
      Found 3 z-maps
    Processing task 'PreferencePaintings':
      Task dir: /ptmp/hmueller2/2025_ibc_latent/outputs/glm/contrast_maps_fsLR/sub-09/res_task-PreferencePaintings_space-fsLR_dir-ffx
      Z-map dir: /ptmp/hmueller2/2025_ibc_latent/outputs/glm/contrast_maps_fsLR/sub-09/res_task-PreferencePaintings_space-fsLR_dir-ffx/z_score_maps
      Z-map dir exists: True
      Glob pattern for z-maps: /ptmp/hmueller2/2025_ibc_latent/outputs/glm/contrast_maps_fsLR/sub-09/res_task-PreferencePaintings_space-fsLR_dir-ffx/z_score_maps/*.dscalar.nii
      Found 3 z-maps
    Processing task 'RSVPLanguage':
      Task dir: /ptmp/hmueller2/2025_ibc_latent/outputs/glm/contrast_maps_fsLR/sub-09/res_task-RSVPLanguage_space-fsLR_dir-ffx
      Z-map dir: /ptmp/hmueller2/2025_ibc_latent/outputs/glm/contrast_maps_fsLR/sub-09/res_task-RSVPLanguage_space-fsLR_dir-ffx/z_score_maps
      Z-map dir exists: True
      Glob pattern for z-maps: /ptmp/hmueller2/2025_ibc_latent/outputs/glm/contrast_maps_fsLR/sub-09/res_task-RSVPLanguage_space-fsLR_dir-ffx/z_score_maps/*.dscalar.nii
      Found 19 z-maps
    Processing task 'RewProc':
      Task dir: /ptmp/hmueller2/2025_ibc_latent/outputs/glm/contrast_maps_fsLR/sub-09/res_task-RewProc_space-fsLR_dir-ffx
      Z-map dir: /ptmp/hmueller2/2025_ibc_latent/outputs/glm/contrast_maps_fsLR/sub-09/res_task-RewProc_space-fsLR_dir-ffx/z_score_maps
      Z-map dir exists: True
      Glob pattern for z-maps: /ptmp/hmueller2/2025_ibc_latent/outputs/glm/contrast_maps_fsLR/sub-09/res_task-RewProc_space-fsLR_dir-ffx/z_score_maps/*.dscalar.nii
      Found 17 z-maps
    Processing task 'Scene':
      Task dir: /ptmp/hmueller2/2025_ibc_latent/outputs/glm/contrast_maps_fsLR/sub-09/res_task-Scene_space-fsLR_dir-ffx
      Z-map dir: /ptmp/hmueller2/2025_ibc_latent/outputs/glm/contrast_maps_fsLR/sub-09/res_task-Scene_space-fsLR_dir-ffx/z_score_maps
      Z-map dir exists: True
      Glob pattern for z-maps: /ptmp/hmueller2/2025_ibc_latent/outputs/glm/contrast_maps_fsLR/sub-09/res_task-Scene_space-fsLR_dir-ffx/z_score_maps/*.dscalar.nii
      Found 11 z-maps
    Processing task 'SelectiveStopSignal':
      Task dir: /ptmp/hmueller2/2025_ibc_latent/outputs/glm/contrast_maps_fsLR/sub-09/res_task-SelectiveStopSignal_space-fsLR_dir-ffx
      Z-map dir: /ptmp/hmueller2/2025_ibc_latent/outputs/glm/contrast_maps_fsLR/sub-09/res_task-SelectiveStopSignal_space-fsLR_dir-ffx/z_score_maps
      Z-map dir exists: True
      Glob pattern for z-maps: /ptmp/hmueller2/2025_ibc_latent/outputs/glm/contrast_maps_fsLR/sub-09/res_task-SelectiveStopSignal_space-fsLR_dir-ffx/z_score_maps/*.dscalar.nii
      Found 8 z-maps
    Processing task 'Self':
      Task dir: /ptmp/hmueller2/2025_ibc_latent/outputs/glm/contrast_maps_fsLR/sub-09/res_task-Self_space-fsLR_dir-ffx
      Z-map dir: /ptmp/hmueller2/2025_ibc_latent/outputs/glm/contrast_maps_fsLR/sub-09/res_task-Self_space-fsLR_dir-ffx/z_score_maps
      Z-map dir exists: True
      Glob pattern for z-maps: /ptmp/hmueller2/2025_ibc_latent/outputs/glm/contrast_maps_fsLR/sub-09/res_task-Self_space-fsLR_dir-ffx/z_score_maps/*.dscalar.nii
      Found 11 z-maps
    Processing task 'SpatialNavigation':
      Task dir: /ptmp/hmueller2/2025_ibc_latent/outputs/glm/contrast_maps_fsLR/sub-09/res_task-SpatialNavigation_space-fsLR_dir-ffx
      Z-map dir: /ptmp/hmueller2/2025_ibc_latent/outputs/glm/contrast_maps_fsLR/sub-09/res_task-SpatialNavigation_space-fsLR_dir-ffx/z_score_maps
      Z-map dir exists: True
      Glob pattern for z-maps: /ptmp/hmueller2/2025_ibc_latent/outputs/glm/contrast_maps_fsLR/sub-09/res_task-SpatialNavigation_space-fsLR_dir-ffx/z_score_maps/*.dscalar.nii
      Found 9 z-maps
    Processing task 'StopNogo':
      Task dir: /ptmp/hmueller2/2025_ibc_latent/outputs/glm/contrast_maps_fsLR/sub-09/res_task-StopNogo_space-fsLR_dir-ffx
      Z-map dir: /ptmp/hmueller2/2025_ibc_latent/outputs/glm/contrast_maps_fsLR/sub-09/res_task-StopNogo_space-fsLR_dir-ffx/z_score_maps
      Z-map dir exists: True
      Glob pattern for z-maps: /ptmp/hmueller2/2025_ibc_latent/outputs/glm/contrast_maps_fsLR/sub-09/res_task-StopNogo_space-fsLR_dir-ffx/z_score_maps/*.dscalar.nii
      Found 7 z-maps
    Processing task 'StopSignal':
      Task dir: /ptmp/hmueller2/2025_ibc_latent/outputs/glm/contrast_maps_fsLR/sub-09/res_task-StopSignal_space-fsLR_dir-ffx
      Z-map dir: /ptmp/hmueller2/2025_ibc_latent/outputs/glm/contrast_maps_fsLR/sub-09/res_task-StopSignal_space-fsLR_dir-ffx/z_score_maps
      Z-map dir exists: True
      Glob pattern for z-maps: /ptmp/hmueller2/2025_ibc_latent/outputs/glm/contrast_maps_fsLR/sub-09/res_task-StopSignal_space-fsLR_dir-ffx/z_score_maps/*.dscalar.nii
      Found 3 z-maps
    Processing task 'Stroop':
      Task dir: /ptmp/hmueller2/2025_ibc_latent/outputs/glm/contrast_maps_fsLR/sub-09/res_task-Stroop_space-fsLR_dir-ffx
      Z-map dir: /ptmp/hmueller2/2025_ibc_latent/outputs/glm/contrast_maps_fsLR/sub-09/res_task-Stroop_space-fsLR_dir-ffx/z_score_maps
      Z-map dir exists: True
      Glob pattern for z-maps: /ptmp/hmueller2/2025_ibc_latent/outputs/glm/contrast_maps_fsLR/sub-09/res_task-Stroop_space-fsLR_dir-ffx/z_score_maps/*.dscalar.nii
      Found 3 z-maps
    Processing task 'TheoryOfMind':
      Task dir: /ptmp/hmueller2/2025_ibc_latent/outputs/glm/contrast_maps_fsLR/sub-09/res_task-TheoryOfMind_space-fsLR_dir-ffx
      Z-map dir: /ptmp/hmueller2/2025_ibc_latent/outputs/glm/contrast_maps_fsLR/sub-09/res_task-TheoryOfMind_space-fsLR_dir-ffx/z_score_maps
      Z-map dir exists: True
      Glob pattern for z-maps: /ptmp/hmueller2/2025_ibc_latent/outputs/glm/contrast_maps_fsLR/sub-09/res_task-TheoryOfMind_space-fsLR_dir-ffx/z_score_maps/*.dscalar.nii
      Found 3 z-maps
    Processing task 'TwoByTwo':
      Task dir: /ptmp/hmueller2/2025_ibc_latent/outputs/glm/contrast_maps_fsLR/sub-09/res_task-TwoByTwo_space-fsLR_dir-ffx
      Z-map dir: /ptmp/hmueller2/2025_ibc_latent/outputs/glm/contrast_maps_fsLR/sub-09/res_task-TwoByTwo_space-fsLR_dir-ffx/z_score_maps
      Z-map dir exists: True
      Glob pattern for z-maps: /ptmp/hmueller2/2025_ibc_latent/outputs/glm/contrast_maps_fsLR/sub-09/res_task-TwoByTwo_space-fsLR_dir-ffx/z_score_maps/*.dscalar.nii
      Found 10 z-maps
    Processing task 'VSTMC':
      Task dir: /ptmp/hmueller2/2025_ibc_latent/outputs/glm/contrast_maps_fsLR/sub-09/res_task-VSTMC_space-fsLR_dir-ffx
      Z-map dir: /ptmp/hmueller2/2025_ibc_latent/outputs/glm/contrast_maps_fsLR/sub-09/res_task-VSTMC_space-fsLR_dir-ffx/z_score_maps
      Z-map dir exists: True
      Glob pattern for z-maps: /ptmp/hmueller2/2025_ibc_latent/outputs/glm/contrast_maps_fsLR/sub-09/res_task-VSTMC_space-fsLR_dir-ffx/z_score_maps/*.dscalar.nii
      Found 10 z-maps
    Processing task 'VSTM':
      Task dir: /ptmp/hmueller2/2025_ibc_latent/outputs/glm/contrast_maps_fsLR/sub-09/res_task-VSTM_space-fsLR_dir-ffx
      Z-map dir: /ptmp/hmueller2/2025_ibc_latent/outputs/glm/contrast_maps_fsLR/sub-09/res_task-VSTM_space-fsLR_dir-ffx/z_score_maps
      Z-map dir exists: True
      Glob pattern for z-maps: /ptmp/hmueller2/2025_ibc_latent/outputs/glm/contrast_maps_fsLR/sub-09/res_task-VSTM_space-fsLR_dir-ffx/z_score_maps/*.dscalar.nii
      Found 3 z-maps
    Processing task 'Visu':
      Task dir: /ptmp/hmueller2/2025_ibc_latent/outputs/glm/contrast_maps_fsLR/sub-09/res_task-Visu_space-fsLR_dir-ffx
      Z-map dir: /ptmp/hmueller2/2025_ibc_latent/outputs/glm/contrast_maps_fsLR/sub-09/res_task-Visu_space-fsLR_dir-ffx/z_score_maps
      Z-map dir exists: True
      Glob pattern for z-maps: /ptmp/hmueller2/2025_ibc_latent/outputs/glm/contrast_maps_fsLR/sub-09/res_task-Visu_space-fsLR_dir-ffx/z_score_maps/*.dscalar.nii
      Found 16 z-maps
    Processing task 'VisualSearch':
      Task dir: /ptmp/hmueller2/2025_ibc_latent/outputs/glm/contrast_maps_fsLR/sub-09/res_task-VisualSearch_space-fsLR_dir-ffx
      Z-map dir: /ptmp/hmueller2/2025_ibc_latent/outputs/glm/contrast_maps_fsLR/sub-09/res_task-VisualSearch_space-fsLR_dir-ffx/z_score_maps
      Z-map dir exists: True
      Glob pattern for z-maps: /ptmp/hmueller2/2025_ibc_latent/outputs/glm/contrast_maps_fsLR/sub-09/res_task-VisualSearch_space-fsLR_dir-ffx/z_score_maps/*.dscalar.nii
      Found 22 z-maps
    Processing task 'WardAndAllport':
      Task dir: /ptmp/hmueller2/2025_ibc_latent/outputs/glm/contrast_maps_fsLR/sub-09/res_task-WardAndAllport_space-fsLR_dir-ffx
      Z-map dir: /ptmp/hmueller2/2025_ibc_latent/outputs/glm/contrast_maps_fsLR/sub-09/res_task-WardAndAllport_space-fsLR_dir-ffx/z_score_maps
      Z-map dir exists: True
      Glob pattern for z-maps: /ptmp/hmueller2/2025_ibc_latent/outputs/glm/contrast_maps_fsLR/sub-09/res_task-WardAndAllport_space-fsLR_dir-ffx/z_score_maps/*.dscalar.nii
      Found 10 z-maps
    Processing task 'WedgeAnti':
      Task dir: /ptmp/hmueller2/2025_ibc_latent/outputs/glm/contrast_maps_fsLR/sub-09/res_task-WedgeAnti_space-fsLR_dir-ffx
      Z-map dir: /ptmp/hmueller2/2025_ibc_latent/outputs/glm/contrast_maps_fsLR/sub-09/res_task-WedgeAnti_space-fsLR_dir-ffx/z_score_maps
      Z-map dir exists: True
      Glob pattern for z-maps: /ptmp/hmueller2/2025_ibc_latent/outputs/glm/contrast_maps_fsLR/sub-09/res_task-WedgeAnti_space-fsLR_dir-ffx/z_score_maps/*.dscalar.nii
      Found 8 z-maps
    Processing task 'WedgeClock':
      Task dir: /ptmp/hmueller2/2025_ibc_latent/outputs/glm/contrast_maps_fsLR/sub-09/res_task-WedgeClock_space-fsLR_dir-ffx
      Z-map dir: /ptmp/hmueller2/2025_ibc_latent/outputs/glm/contrast_maps_fsLR/sub-09/res_task-WedgeClock_space-fsLR_dir-ffx/z_score_maps
      Z-map dir exists: True
      Glob pattern for z-maps: /ptmp/hmueller2/2025_ibc_latent/outputs/glm/contrast_maps_fsLR/sub-09/res_task-WedgeClock_space-fsLR_dir-ffx/z_score_maps/*.dscalar.nii
      Found 8 z-maps
  ! Workbench smoothing failed for HcpWm/2back-0back, using unsmoothed map: Missing required file(s) for Workbench smoothing: ['/home/hmueller2/workbench/bin_linux64/wb_command']
  ✓ Loaded: HcpWm/2back-0back
  ! Workbench smoothing failed for ItemRecognition/encode5-encode1, using unsmoothed map: Missing required file(s) for Workbench smoothing: ['/home/hmueller2/workbench/bin_linux64/wb_command']
  ✓ Loaded: ItemRecognition/encode5-encode1
  - Not available: MDTB/2back_hard-easy
  - Not available: MDTB/search_hard-easy
  - Not available: MDTB/semantic_hard-easy
  - Not available: MDTB/finger_complex-simple
  - Not available: GoodBadUgly/dot_hard-easy
  ! Workbench smoothing failed for Stroop/incongruent-congruent, using unsmoothed map: Missing required file(s) for Workbench smoothing: ['/home/hmueller2/workbench/bin_linux64/wb_command']
  ✓ Loaded: Stroop/incongruent-congruent
  ! Workbench smoothing failed for Catell/hard-easy, using unsmoothed map: Missing required file(s) for Workbench smoothing: ['/home/hmueller2/workbench/bin_linux64/wb_command']
  ✓ Loaded: Catell/hard-easy

Applied Workbench CIFTI smoothing to input contrasts (FWHM=4.0mm)

Combined 4 MD contrasts
Mean z-score: 0.002 ± 0.536
Max z-score: 2.198

✓ Saved mean MD map: /ptmp/hmueller2/2025_ibc_latent/outputs/md_system/vertex_wise/sub-09/sub-09_MD_mean.dscalar.nii
✓ Saved std MD map: /ptmp/hmueller2/2025_ibc_latent/outputs/md_system/vertex_wise/sub-09/sub-09_MD_std.dscalar.nii
✓ Saved contrast info: /ptmp/hmueller2/2025_ibc_latent/outputs/md_system/vertex_wise/sub-09/sub-09_MD_contrasts.txt

============================================================
Processing subject 11
============================================================
  Looking for contrasts in: /ptmp/hmueller2/2025_ibc_latent/outputs/glm/contrast_maps_fsLR/sub-11
  Subject directory contents (89 items): ['res_task-ArchiEmotional_space-fsLR_dir-ffx', 'res_task-ArchiSocial_space-fsLR_dir-ffx', 'res_task-ArchiSpatial_space-fsLR_dir-ffx', 'res_task-ArchiStandard_space-fsLR_dir-ffx', 'res_task-Attention_space-fsLR_dir-ffx', 'res_task-Audi_space-fsLR_dir-ffx', 'res_task-BiologicalMotion1_space-fsLR_dir-ffx', 'res_task-BiologicalMotion2_space-fsLR_dir-ffx', 'res_task-BreathHolding_space-fsLR_dir-ffx', 'res_task-Catell_space-fsLR_dir-ffx', 'res_task-Checkerboard_space-fsLR_dir-ffx', 'res_task-Color_space-fsLR_dir-ffx', 'res_task-ColumbiaCards_space-fsLR_dir-ffx', 'res_task-Discount_space-fsLR_dir-ffx', 'res_task-DotPatterns_space-fsLR_dir-ffx', 'res_task-EmoMem_space-fsLR_dir-ffx', 'res_task-EmoReco_space-fsLR_dir-ffx', 'res_task-EmotionalPain_space-fsLR_dir-ffx', 'res_task-Enumeration_space-fsLR_dir-ffx', 'res_task-FaceBody_space-fsLR_dir-ffx', 'res_task-FingerTap_space-fsLR_dir-ffx', 'res_task-HcpEmotion_space-fsLR_dir-ffx', 'res_task-HcpGambling_space-fsLR_dir-ffx', 'res_task-HcpLanguage_space-fsLR_dir-ffx', 'res_task-HcpMotor_space-fsLR_dir-ffx', 'res_task-HcpRelational_space-fsLR_dir-ffx', 'res_task-HcpSocial_space-fsLR_dir-ffx', 'res_task-HcpWm_space-fsLR_dir-ffx', 'res_task-ItemRecognition_space-fsLR_dir-ffx', 'res_task-Lec1_space-fsLR_dir-ffx', 'res_task-Lec2_space-fsLR_dir-ffx', 'res_task-MCSE_space-fsLR_dir-ffx', 'res_task-MTTNS_space-fsLR_dir-ffx', 'res_task-MTTWE_space-fsLR_dir-ffx', 'res_task-MVEB_space-fsLR_dir-ffx', 'res_task-MVIS_space-fsLR_dir-ffx', 'res_task-MathLanguage_space-fsLR_dir-ffx', 'res_task-Motion_space-fsLR_dir-ffx', 'res_task-Moto_space-fsLR_dir-ffx', 'res_task-NARPS_space-fsLR_dir-ffx', 'res_task-PainMovie_space-fsLR_dir-ffx', 'res_task-PreferenceFaces_space-fsLR_dir-ffx', 'res_task-PreferenceFood_space-fsLR_dir-ffx', 'res_task-PreferenceHouses_space-fsLR_dir-ffx', 'res_task-RSVPLanguage_space-fsLR_dir-ffx', 'res_task-RewProc_space-fsLR_dir-ffx', 'res_task-Scene_space-fsLR_dir-ffx', 'res_task-SelectiveStopSignal_space-fsLR_dir-ffx', 'res_task-Self_space-fsLR_dir-ffx', 'res_task-SpatialNavigation_space-fsLR_dir-ffx', 'res_task-StopNogo_space-fsLR_dir-ffx', 'res_task-StopSignal_space-fsLR_dir-ffx', 'res_task-Stroop_space-fsLR_dir-ffx', 'res_task-TheoryOfMind_space-fsLR_dir-ffx', 'res_task-TwoByTwo_space-fsLR_dir-ffx', 'res_task-VSTMC_space-fsLR_dir-ffx', 'res_task-VSTM_space-fsLR_dir-ffx', 'res_task-Visu_space-fsLR_dir-ffx', 'res_task-VisualSearch_space-fsLR_dir-ffx', 'res_task-WardAndAllport_space-fsLR_dir-ffx', 'res_task-WedgeAnti_space-fsLR_dir-ffx', 'res_task-WedgeClock_space-fsLR_dir-ffx', 'ses-00', 'ses-01', 'ses-02', 'ses-03', 'ses-05', 'ses-08', 'ses-11', 'ses-12', 'ses-16', 'ses-18', 'ses-19', 'ses-20', 'ses-21', 'ses-22', 'ses-25', 'ses-26', 'ses-27', 'ses-30', 'ses-32', 'ses-36', 'ses-37', 'ses-38', 'ses-39', 'ses-40', 'ses-41', 'ses-42', 'ses-44']
  Glob pattern: /ptmp/hmueller2/2025_ibc_latent/outputs/glm/contrast_maps_fsLR/sub-11/res_task-*_space-fsLR_dir-ffx
  Found 62 task directories: ['/ptmp/hmueller2/2025_ibc_latent/outputs/glm/contrast_maps_fsLR/sub-11/res_task-ArchiEmotional_space-fsLR_dir-ffx', '/ptmp/hmueller2/2025_ibc_latent/outputs/glm/contrast_maps_fsLR/sub-11/res_task-ArchiSocial_space-fsLR_dir-ffx', '/ptmp/hmueller2/2025_ibc_latent/outputs/glm/contrast_maps_fsLR/sub-11/res_task-ArchiSpatial_space-fsLR_dir-ffx', '/ptmp/hmueller2/2025_ibc_latent/outputs/glm/contrast_maps_fsLR/sub-11/res_task-ArchiStandard_space-fsLR_dir-ffx', '/ptmp/hmueller2/2025_ibc_latent/outputs/glm/contrast_maps_fsLR/sub-11/res_task-Attention_space-fsLR_dir-ffx', '/ptmp/hmueller2/2025_ibc_latent/outputs/glm/contrast_maps_fsLR/sub-11/res_task-Audi_space-fsLR_dir-ffx', '/ptmp/hmueller2/2025_ibc_latent/outputs/glm/contrast_maps_fsLR/sub-11/res_task-BiologicalMotion1_space-fsLR_dir-ffx', '/ptmp/hmueller2/2025_ibc_latent/outputs/glm/contrast_maps_fsLR/sub-11/res_task-BiologicalMotion2_space-fsLR_dir-ffx', '/ptmp/hmueller2/2025_ibc_latent/outputs/glm/contrast_maps_fsLR/sub-11/res_task-BreathHolding_space-fsLR_dir-ffx', '/ptmp/hmueller2/2025_ibc_latent/outputs/glm/contrast_maps_fsLR/sub-11/res_task-Catell_space-fsLR_dir-ffx', '/ptmp/hmueller2/2025_ibc_latent/outputs/glm/contrast_maps_fsLR/sub-11/res_task-Checkerboard_space-fsLR_dir-ffx', '/ptmp/hmueller2/2025_ibc_latent/outputs/glm/contrast_maps_fsLR/sub-11/res_task-Color_space-fsLR_dir-ffx', '/ptmp/hmueller2/2025_ibc_latent/outputs/glm/contrast_maps_fsLR/sub-11/res_task-ColumbiaCards_space-fsLR_dir-ffx', '/ptmp/hmueller2/2025_ibc_latent/outputs/glm/contrast_maps_fsLR/sub-11/res_task-Discount_space-fsLR_dir-ffx', '/ptmp/hmueller2/2025_ibc_latent/outputs/glm/contrast_maps_fsLR/sub-11/res_task-DotPatterns_space-fsLR_dir-ffx', '/ptmp/hmueller2/2025_ibc_latent/outputs/glm/contrast_maps_fsLR/sub-11/res_task-EmoMem_space-fsLR_dir-ffx', '/ptmp/hmueller2/2025_ibc_latent/outputs/glm/contrast_maps_fsLR/sub-11/res_task-EmoReco_space-fsLR_dir-ffx', '/ptmp/hmueller2/2025_ibc_latent/outputs/glm/contrast_maps_fsLR/sub-11/res_task-EmotionalPain_space-fsLR_dir-ffx', '/ptmp/hmueller2/2025_ibc_latent/outputs/glm/contrast_maps_fsLR/sub-11/res_task-Enumeration_space-fsLR_dir-ffx', '/ptmp/hmueller2/2025_ibc_latent/outputs/glm/contrast_maps_fsLR/sub-11/res_task-FaceBody_space-fsLR_dir-ffx', '/ptmp/hmueller2/2025_ibc_latent/outputs/glm/contrast_maps_fsLR/sub-11/res_task-FingerTap_space-fsLR_dir-ffx', '/ptmp/hmueller2/2025_ibc_latent/outputs/glm/contrast_maps_fsLR/sub-11/res_task-HcpEmotion_space-fsLR_dir-ffx', '/ptmp/hmueller2/2025_ibc_latent/outputs/glm/contrast_maps_fsLR/sub-11/res_task-HcpGambling_space-fsLR_dir-ffx', '/ptmp/hmueller2/2025_ibc_latent/outputs/glm/contrast_maps_fsLR/sub-11/res_task-HcpLanguage_space-fsLR_dir-ffx', '/ptmp/hmueller2/2025_ibc_latent/outputs/glm/contrast_maps_fsLR/sub-11/res_task-HcpMotor_space-fsLR_dir-ffx', '/ptmp/hmueller2/2025_ibc_latent/outputs/glm/contrast_maps_fsLR/sub-11/res_task-HcpRelational_space-fsLR_dir-ffx', '/ptmp/hmueller2/2025_ibc_latent/outputs/glm/contrast_maps_fsLR/sub-11/res_task-HcpSocial_space-fsLR_dir-ffx', '/ptmp/hmueller2/2025_ibc_latent/outputs/glm/contrast_maps_fsLR/sub-11/res_task-HcpWm_space-fsLR_dir-ffx', '/ptmp/hmueller2/2025_ibc_latent/outputs/glm/contrast_maps_fsLR/sub-11/res_task-ItemRecognition_space-fsLR_dir-ffx', '/ptmp/hmueller2/2025_ibc_latent/outputs/glm/contrast_maps_fsLR/sub-11/res_task-Lec1_space-fsLR_dir-ffx', '/ptmp/hmueller2/2025_ibc_latent/outputs/glm/contrast_maps_fsLR/sub-11/res_task-Lec2_space-fsLR_dir-ffx', '/ptmp/hmueller2/2025_ibc_latent/outputs/glm/contrast_maps_fsLR/sub-11/res_task-MCSE_space-fsLR_dir-ffx', '/ptmp/hmueller2/2025_ibc_latent/outputs/glm/contrast_maps_fsLR/sub-11/res_task-MTTNS_space-fsLR_dir-ffx', '/ptmp/hmueller2/2025_ibc_latent/outputs/glm/contrast_maps_fsLR/sub-11/res_task-MTTWE_space-fsLR_dir-ffx', '/ptmp/hmueller2/2025_ibc_latent/outputs/glm/contrast_maps_fsLR/sub-11/res_task-MVEB_space-fsLR_dir-ffx', '/ptmp/hmueller2/2025_ibc_latent/outputs/glm/contrast_maps_fsLR/sub-11/res_task-MVIS_space-fsLR_dir-ffx', '/ptmp/hmueller2/2025_ibc_latent/outputs/glm/contrast_maps_fsLR/sub-11/res_task-MathLanguage_space-fsLR_dir-ffx', '/ptmp/hmueller2/2025_ibc_latent/outputs/glm/contrast_maps_fsLR/sub-11/res_task-Motion_space-fsLR_dir-ffx', '/ptmp/hmueller2/2025_ibc_latent/outputs/glm/contrast_maps_fsLR/sub-11/res_task-Moto_space-fsLR_dir-ffx', '/ptmp/hmueller2/2025_ibc_latent/outputs/glm/contrast_maps_fsLR/sub-11/res_task-NARPS_space-fsLR_dir-ffx', '/ptmp/hmueller2/2025_ibc_latent/outputs/glm/contrast_maps_fsLR/sub-11/res_task-PainMovie_space-fsLR_dir-ffx', '/ptmp/hmueller2/2025_ibc_latent/outputs/glm/contrast_maps_fsLR/sub-11/res_task-PreferenceFaces_space-fsLR_dir-ffx', '/ptmp/hmueller2/2025_ibc_latent/outputs/glm/contrast_maps_fsLR/sub-11/res_task-PreferenceFood_space-fsLR_dir-ffx', '/ptmp/hmueller2/2025_ibc_latent/outputs/glm/contrast_maps_fsLR/sub-11/res_task-PreferenceHouses_space-fsLR_dir-ffx', '/ptmp/hmueller2/2025_ibc_latent/outputs/glm/contrast_maps_fsLR/sub-11/res_task-RSVPLanguage_space-fsLR_dir-ffx', '/ptmp/hmueller2/2025_ibc_latent/outputs/glm/contrast_maps_fsLR/sub-11/res_task-RewProc_space-fsLR_dir-ffx', '/ptmp/hmueller2/2025_ibc_latent/outputs/glm/contrast_maps_fsLR/sub-11/res_task-Scene_space-fsLR_dir-ffx', '/ptmp/hmueller2/2025_ibc_latent/outputs/glm/contrast_maps_fsLR/sub-11/res_task-SelectiveStopSignal_space-fsLR_dir-ffx', '/ptmp/hmueller2/2025_ibc_latent/outputs/glm/contrast_maps_fsLR/sub-11/res_task-Self_space-fsLR_dir-ffx', '/ptmp/hmueller2/2025_ibc_latent/outputs/glm/contrast_maps_fsLR/sub-11/res_task-SpatialNavigation_space-fsLR_dir-ffx', '/ptmp/hmueller2/2025_ibc_latent/outputs/glm/contrast_maps_fsLR/sub-11/res_task-StopNogo_space-fsLR_dir-ffx', '/ptmp/hmueller2/2025_ibc_latent/outputs/glm/contrast_maps_fsLR/sub-11/res_task-StopSignal_space-fsLR_dir-ffx', '/ptmp/hmueller2/2025_ibc_latent/outputs/glm/contrast_maps_fsLR/sub-11/res_task-Stroop_space-fsLR_dir-ffx', '/ptmp/hmueller2/2025_ibc_latent/outputs/glm/contrast_maps_fsLR/sub-11/res_task-TheoryOfMind_space-fsLR_dir-ffx', '/ptmp/hmueller2/2025_ibc_latent/outputs/glm/contrast_maps_fsLR/sub-11/res_task-TwoByTwo_space-fsLR_dir-ffx', '/ptmp/hmueller2/2025_ibc_latent/outputs/glm/contrast_maps_fsLR/sub-11/res_task-VSTMC_space-fsLR_dir-ffx', '/ptmp/hmueller2/2025_ibc_latent/outputs/glm/contrast_maps_fsLR/sub-11/res_task-VSTM_space-fsLR_dir-ffx', '/ptmp/hmueller2/2025_ibc_latent/outputs/glm/contrast_maps_fsLR/sub-11/res_task-Visu_space-fsLR_dir-ffx', '/ptmp/hmueller2/2025_ibc_latent/outputs/glm/contrast_maps_fsLR/sub-11/res_task-VisualSearch_space-fsLR_dir-ffx', '/ptmp/hmueller2/2025_ibc_latent/outputs/glm/contrast_maps_fsLR/sub-11/res_task-WardAndAllport_space-fsLR_dir-ffx', '/ptmp/hmueller2/2025_ibc_latent/outputs/glm/contrast_maps_fsLR/sub-11/res_task-WedgeAnti_space-fsLR_dir-ffx', '/ptmp/hmueller2/2025_ibc_latent/outputs/glm/contrast_maps_fsLR/sub-11/res_task-WedgeClock_space-fsLR_dir-ffx']
    Processing task 'ArchiEmotional':
      Task dir: /ptmp/hmueller2/2025_ibc_latent/outputs/glm/contrast_maps_fsLR/sub-11/res_task-ArchiEmotional_space-fsLR_dir-ffx
      Z-map dir: /ptmp/hmueller2/2025_ibc_latent/outputs/glm/contrast_maps_fsLR/sub-11/res_task-ArchiEmotional_space-fsLR_dir-ffx/z_score_maps
      Z-map dir exists: True
      Glob pattern for z-maps: /ptmp/hmueller2/2025_ibc_latent/outputs/glm/contrast_maps_fsLR/sub-11/res_task-ArchiEmotional_space-fsLR_dir-ffx/z_score_maps/*.dscalar.nii
      Found 14 z-maps
    Processing task 'ArchiSocial':
      Task dir: /ptmp/hmueller2/2025_ibc_latent/outputs/glm/contrast_maps_fsLR/sub-11/res_task-ArchiSocial_space-fsLR_dir-ffx
      Z-map dir: /ptmp/hmueller2/2025_ibc_latent/outputs/glm/contrast_maps_fsLR/sub-11/res_task-ArchiSocial_space-fsLR_dir-ffx/z_score_maps
      Z-map dir exists: True
      Glob pattern for z-maps: /ptmp/hmueller2/2025_ibc_latent/outputs/glm/contrast_maps_fsLR/sub-11/res_task-ArchiSocial_space-fsLR_dir-ffx/z_score_maps/*.dscalar.nii
      Found 13 z-maps
    Processing task 'ArchiSpatial':
      Task dir: /ptmp/hmueller2/2025_ibc_latent/outputs/glm/contrast_maps_fsLR/sub-11/res_task-ArchiSpatial_space-fsLR_dir-ffx
      Z-map dir: /ptmp/hmueller2/2025_ibc_latent/outputs/glm/contrast_maps_fsLR/sub-11/res_task-ArchiSpatial_space-fsLR_dir-ffx/z_score_maps
      Z-map dir exists: True
      Glob pattern for z-maps: /ptmp/hmueller2/2025_ibc_latent/outputs/glm/contrast_maps_fsLR/sub-11/res_task-ArchiSpatial_space-fsLR_dir-ffx/z_score_maps/*.dscalar.nii
      Found 7 z-maps
    Processing task 'ArchiStandard':
      Task dir: /ptmp/hmueller2/2025_ibc_latent/outputs/glm/contrast_maps_fsLR/sub-11/res_task-ArchiStandard_space-fsLR_dir-ffx
      Z-map dir: /ptmp/hmueller2/2025_ibc_latent/outputs/glm/contrast_maps_fsLR/sub-11/res_task-ArchiStandard_space-fsLR_dir-ffx/z_score_maps
      Z-map dir exists: True
      Glob pattern for z-maps: /ptmp/hmueller2/2025_ibc_latent/outputs/glm/contrast_maps_fsLR/sub-11/res_task-ArchiStandard_space-fsLR_dir-ffx/z_score_maps/*.dscalar.nii
      Found 23 z-maps
    Processing task 'Attention':
      Task dir: /ptmp/hmueller2/2025_ibc_latent/outputs/glm/contrast_maps_fsLR/sub-11/res_task-Attention_space-fsLR_dir-ffx
      Z-map dir: /ptmp/hmueller2/2025_ibc_latent/outputs/glm/contrast_maps_fsLR/sub-11/res_task-Attention_space-fsLR_dir-ffx/z_score_maps
      Z-map dir exists: True
      Glob pattern for z-maps: /ptmp/hmueller2/2025_ibc_latent/outputs/glm/contrast_maps_fsLR/sub-11/res_task-Attention_space-fsLR_dir-ffx/z_score_maps/*.dscalar.nii
      Found 10 z-maps
    Processing task 'Audi':
      Task dir: /ptmp/hmueller2/2025_ibc_latent/outputs/glm/contrast_maps_fsLR/sub-11/res_task-Audi_space-fsLR_dir-ffx
      Z-map dir: /ptmp/hmueller2/2025_ibc_latent/outputs/glm/contrast_maps_fsLR/sub-11/res_task-Audi_space-fsLR_dir-ffx/z_score_maps
      Z-map dir exists: True
      Glob pattern for z-maps: /ptmp/hmueller2/2025_ibc_latent/outputs/glm/contrast_maps_fsLR/sub-11/res_task-Audi_space-fsLR_dir-ffx/z_score_maps/*.dscalar.nii
      Found 25 z-maps
    Processing task 'BiologicalMotion1':
      Task dir: /ptmp/hmueller2/2025_ibc_latent/outputs/glm/contrast_maps_fsLR/sub-11/res_task-BiologicalMotion1_space-fsLR_dir-ffx
      Z-map dir: /ptmp/hmueller2/2025_ibc_latent/outputs/glm/contrast_maps_fsLR/sub-11/res_task-BiologicalMotion1_space-fsLR_dir-ffx/z_score_maps
      Z-map dir exists: True
      Glob pattern for z-maps: /ptmp/hmueller2/2025_ibc_latent/outputs/glm/contrast_maps_fsLR/sub-11/res_task-BiologicalMotion1_space-fsLR_dir-ffx/z_score_maps/*.dscalar.nii
      Found 10 z-maps
    Processing task 'BiologicalMotion2':
      Task dir: /ptmp/hmueller2/2025_ibc_latent/outputs/glm/contrast_maps_fsLR/sub-11/res_task-BiologicalMotion2_space-fsLR_dir-ffx
      Z-map dir: /ptmp/hmueller2/2025_ibc_latent/outputs/glm/contrast_maps_fsLR/sub-11/res_task-BiologicalMotion2_space-fsLR_dir-ffx/z_score_maps
      Z-map dir exists: True
      Glob pattern for z-maps: /ptmp/hmueller2/2025_ibc_latent/outputs/glm/contrast_maps_fsLR/sub-11/res_task-BiologicalMotion2_space-fsLR_dir-ffx/z_score_maps/*.dscalar.nii
      Found 10 z-maps
    Processing task 'BreathHolding':
      Task dir: /ptmp/hmueller2/2025_ibc_latent/outputs/glm/contrast_maps_fsLR/sub-11/res_task-BreathHolding_space-fsLR_dir-ffx
      Z-map dir: /ptmp/hmueller2/2025_ibc_latent/outputs/glm/contrast_maps_fsLR/sub-11/res_task-BreathHolding_space-fsLR_dir-ffx/z_score_maps
      Z-map dir exists: True
      Glob pattern for z-maps: /ptmp/hmueller2/2025_ibc_latent/outputs/glm/contrast_maps_fsLR/sub-11/res_task-BreathHolding_space-fsLR_dir-ffx/z_score_maps/*.dscalar.nii
      Found 4 z-maps
    Processing task 'Catell':
      Task dir: /ptmp/hmueller2/2025_ibc_latent/outputs/glm/contrast_maps_fsLR/sub-11/res_task-Catell_space-fsLR_dir-ffx
      Z-map dir: /ptmp/hmueller2/2025_ibc_latent/outputs/glm/contrast_maps_fsLR/sub-11/res_task-Catell_space-fsLR_dir-ffx/z_score_maps
      Z-map dir exists: True
      Glob pattern for z-maps: /ptmp/hmueller2/2025_ibc_latent/outputs/glm/contrast_maps_fsLR/sub-11/res_task-Catell_space-fsLR_dir-ffx/z_score_maps/*.dscalar.nii
      Found 3 z-maps
    Processing task 'Checkerboard':
      Task dir: /ptmp/hmueller2/2025_ibc_latent/outputs/glm/contrast_maps_fsLR/sub-11/res_task-Checkerboard_space-fsLR_dir-ffx
      Z-map dir: /ptmp/hmueller2/2025_ibc_latent/outputs/glm/contrast_maps_fsLR/sub-11/res_task-Checkerboard_space-fsLR_dir-ffx/z_score_maps
      Z-map dir exists: True
      Glob pattern for z-maps: /ptmp/hmueller2/2025_ibc_latent/outputs/glm/contrast_maps_fsLR/sub-11/res_task-Checkerboard_space-fsLR_dir-ffx/z_score_maps/*.dscalar.nii
      Found 3 z-maps
    Processing task 'Color':
      Task dir: /ptmp/hmueller2/2025_ibc_latent/outputs/glm/contrast_maps_fsLR/sub-11/res_task-Color_space-fsLR_dir-ffx
      Z-map dir: /ptmp/hmueller2/2025_ibc_latent/outputs/glm/contrast_maps_fsLR/sub-11/res_task-Color_space-fsLR_dir-ffx/z_score_maps
      Z-map dir exists: True
      Glob pattern for z-maps: /ptmp/hmueller2/2025_ibc_latent/outputs/glm/contrast_maps_fsLR/sub-11/res_task-Color_space-fsLR_dir-ffx/z_score_maps/*.dscalar.nii
      Found 4 z-maps
    Processing task 'ColumbiaCards':
      Task dir: /ptmp/hmueller2/2025_ibc_latent/outputs/glm/contrast_maps_fsLR/sub-11/res_task-ColumbiaCards_space-fsLR_dir-ffx
      Z-map dir: /ptmp/hmueller2/2025_ibc_latent/outputs/glm/contrast_maps_fsLR/sub-11/res_task-ColumbiaCards_space-fsLR_dir-ffx/z_score_maps
      Z-map dir exists: True
      Glob pattern for z-maps: /ptmp/hmueller2/2025_ibc_latent/outputs/glm/contrast_maps_fsLR/sub-11/res_task-ColumbiaCards_space-fsLR_dir-ffx/z_score_maps/*.dscalar.nii
      Found 3 z-maps
    Processing task 'Discount':
      Task dir: /ptmp/hmueller2/2025_ibc_latent/outputs/glm/contrast_maps_fsLR/sub-11/res_task-Discount_space-fsLR_dir-ffx
      Z-map dir: /ptmp/hmueller2/2025_ibc_latent/outputs/glm/contrast_maps_fsLR/sub-11/res_task-Discount_space-fsLR_dir-ffx/z_score_maps
      Z-map dir exists: True
      Glob pattern for z-maps: /ptmp/hmueller2/2025_ibc_latent/outputs/glm/contrast_maps_fsLR/sub-11/res_task-Discount_space-fsLR_dir-ffx/z_score_maps/*.dscalar.nii
      Found 2 z-maps
    Processing task 'DotPatterns':
      Task dir: /ptmp/hmueller2/2025_ibc_latent/outputs/glm/contrast_maps_fsLR/sub-11/res_task-DotPatterns_space-fsLR_dir-ffx
      Z-map dir: /ptmp/hmueller2/2025_ibc_latent/outputs/glm/contrast_maps_fsLR/sub-11/res_task-DotPatterns_space-fsLR_dir-ffx/z_score_maps
      Z-map dir exists: True
      Glob pattern for z-maps: /ptmp/hmueller2/2025_ibc_latent/outputs/glm/contrast_maps_fsLR/sub-11/res_task-DotPatterns_space-fsLR_dir-ffx/z_score_maps/*.dscalar.nii
      Found 11 z-maps
    Processing task 'EmoMem':
      Task dir: /ptmp/hmueller2/2025_ibc_latent/outputs/glm/contrast_maps_fsLR/sub-11/res_task-EmoMem_space-fsLR_dir-ffx
      Z-map dir: /ptmp/hmueller2/2025_ibc_latent/outputs/glm/contrast_maps_fsLR/sub-11/res_task-EmoMem_space-fsLR_dir-ffx/z_score_maps
      Z-map dir exists: True
      Glob pattern for z-maps: /ptmp/hmueller2/2025_ibc_latent/outputs/glm/contrast_maps_fsLR/sub-11/res_task-EmoMem_space-fsLR_dir-ffx/z_score_maps/*.dscalar.nii
      Found 6 z-maps
    Processing task 'EmoReco':
      Task dir: /ptmp/hmueller2/2025_ibc_latent/outputs/glm/contrast_maps_fsLR/sub-11/res_task-EmoReco_space-fsLR_dir-ffx
      Z-map dir: /ptmp/hmueller2/2025_ibc_latent/outputs/glm/contrast_maps_fsLR/sub-11/res_task-EmoReco_space-fsLR_dir-ffx/z_score_maps
      Z-map dir exists: True
      Glob pattern for z-maps: /ptmp/hmueller2/2025_ibc_latent/outputs/glm/contrast_maps_fsLR/sub-11/res_task-EmoReco_space-fsLR_dir-ffx/z_score_maps/*.dscalar.nii
      Found 10 z-maps
    Processing task 'EmotionalPain':
      Task dir: /ptmp/hmueller2/2025_ibc_latent/outputs/glm/contrast_maps_fsLR/sub-11/res_task-EmotionalPain_space-fsLR_dir-ffx
      Z-map dir: /ptmp/hmueller2/2025_ibc_latent/outputs/glm/contrast_maps_fsLR/sub-11/res_task-EmotionalPain_space-fsLR_dir-ffx/z_score_maps
      Z-map dir exists: True
      Glob pattern for z-maps: /ptmp/hmueller2/2025_ibc_latent/outputs/glm/contrast_maps_fsLR/sub-11/res_task-EmotionalPain_space-fsLR_dir-ffx/z_score_maps/*.dscalar.nii
      Found 3 z-maps
    Processing task 'Enumeration':
      Task dir: /ptmp/hmueller2/2025_ibc_latent/outputs/glm/contrast_maps_fsLR/sub-11/res_task-Enumeration_space-fsLR_dir-ffx
      Z-map dir: /ptmp/hmueller2/2025_ibc_latent/outputs/glm/contrast_maps_fsLR/sub-11/res_task-Enumeration_space-fsLR_dir-ffx/z_score_maps
      Z-map dir exists: True
      Glob pattern for z-maps: /ptmp/hmueller2/2025_ibc_latent/outputs/glm/contrast_maps_fsLR/sub-11/res_task-Enumeration_space-fsLR_dir-ffx/z_score_maps/*.dscalar.nii
      Found 3 z-maps
    Processing task 'FaceBody':
      Task dir: /ptmp/hmueller2/2025_ibc_latent/outputs/glm/contrast_maps_fsLR/sub-11/res_task-FaceBody_space-fsLR_dir-ffx
      Z-map dir: /ptmp/hmueller2/2025_ibc_latent/outputs/glm/contrast_maps_fsLR/sub-11/res_task-FaceBody_space-fsLR_dir-ffx/z_score_maps
      Z-map dir exists: True
      Glob pattern for z-maps: /ptmp/hmueller2/2025_ibc_latent/outputs/glm/contrast_maps_fsLR/sub-11/res_task-FaceBody_space-fsLR_dir-ffx/z_score_maps/*.dscalar.nii
      Found 15 z-maps
    Processing task 'FingerTap':
      Task dir: /ptmp/hmueller2/2025_ibc_latent/outputs/glm/contrast_maps_fsLR/sub-11/res_task-FingerTap_space-fsLR_dir-ffx
      Z-map dir: /ptmp/hmueller2/2025_ibc_latent/outputs/glm/contrast_maps_fsLR/sub-11/res_task-FingerTap_space-fsLR_dir-ffx/z_score_maps
      Z-map dir exists: True
      Glob pattern for z-maps: /ptmp/hmueller2/2025_ibc_latent/outputs/glm/contrast_maps_fsLR/sub-11/res_task-FingerTap_space-fsLR_dir-ffx/z_score_maps/*.dscalar.nii
      Found 3 z-maps
    Processing task 'HcpEmotion':
      Task dir: /ptmp/hmueller2/2025_ibc_latent/outputs/glm/contrast_maps_fsLR/sub-11/res_task-HcpEmotion_space-fsLR_dir-ffx
      Z-map dir: /ptmp/hmueller2/2025_ibc_latent/outputs/glm/contrast_maps_fsLR/sub-11/res_task-HcpEmotion_space-fsLR_dir-ffx/z_score_maps
      Z-map dir exists: True
      Glob pattern for z-maps: /ptmp/hmueller2/2025_ibc_latent/outputs/glm/contrast_maps_fsLR/sub-11/res_task-HcpEmotion_space-fsLR_dir-ffx/z_score_maps/*.dscalar.nii
      Found 4 z-maps
    Processing task 'HcpGambling':
      Task dir: /ptmp/hmueller2/2025_ibc_latent/outputs/glm/contrast_maps_fsLR/sub-11/res_task-HcpGambling_space-fsLR_dir-ffx
      Z-map dir: /ptmp/hmueller2/2025_ibc_latent/outputs/glm/contrast_maps_fsLR/sub-11/res_task-HcpGambling_space-fsLR_dir-ffx/z_score_maps
      Z-map dir exists: True
      Glob pattern for z-maps: /ptmp/hmueller2/2025_ibc_latent/outputs/glm/contrast_maps_fsLR/sub-11/res_task-HcpGambling_space-fsLR_dir-ffx/z_score_maps/*.dscalar.nii
      Found 4 z-maps
    Processing task 'HcpLanguage':
      Task dir: /ptmp/hmueller2/2025_ibc_latent/outputs/glm/contrast_maps_fsLR/sub-11/res_task-HcpLanguage_space-fsLR_dir-ffx
      Z-map dir: /ptmp/hmueller2/2025_ibc_latent/outputs/glm/contrast_maps_fsLR/sub-11/res_task-HcpLanguage_space-fsLR_dir-ffx/z_score_maps
      Z-map dir exists: True
      Glob pattern for z-maps: /ptmp/hmueller2/2025_ibc_latent/outputs/glm/contrast_maps_fsLR/sub-11/res_task-HcpLanguage_space-fsLR_dir-ffx/z_score_maps/*.dscalar.nii
      Found 4 z-maps
    Processing task 'HcpMotor':
      Task dir: /ptmp/hmueller2/2025_ibc_latent/outputs/glm/contrast_maps_fsLR/sub-11/res_task-HcpMotor_space-fsLR_dir-ffx
      Z-map dir: /ptmp/hmueller2/2025_ibc_latent/outputs/glm/contrast_maps_fsLR/sub-11/res_task-HcpMotor_space-fsLR_dir-ffx/z_score_maps
      Z-map dir exists: True
      Glob pattern for z-maps: /ptmp/hmueller2/2025_ibc_latent/outputs/glm/contrast_maps_fsLR/sub-11/res_task-HcpMotor_space-fsLR_dir-ffx/z_score_maps/*.dscalar.nii
      Found 11 z-maps
    Processing task 'HcpRelational':
      Task dir: /ptmp/hmueller2/2025_ibc_latent/outputs/glm/contrast_maps_fsLR/sub-11/res_task-HcpRelational_space-fsLR_dir-ffx
      Z-map dir: /ptmp/hmueller2/2025_ibc_latent/outputs/glm/contrast_maps_fsLR/sub-11/res_task-HcpRelational_space-fsLR_dir-ffx/z_score_maps
      Z-map dir exists: True
      Glob pattern for z-maps: /ptmp/hmueller2/2025_ibc_latent/outputs/glm/contrast_maps_fsLR/sub-11/res_task-HcpRelational_space-fsLR_dir-ffx/z_score_maps/*.dscalar.nii
      Found 3 z-maps
    Processing task 'HcpSocial':
      Task dir: /ptmp/hmueller2/2025_ibc_latent/outputs/glm/contrast_maps_fsLR/sub-11/res_task-HcpSocial_space-fsLR_dir-ffx
      Z-map dir: /ptmp/hmueller2/2025_ibc_latent/outputs/glm/contrast_maps_fsLR/sub-11/res_task-HcpSocial_space-fsLR_dir-ffx/z_score_maps
      Z-map dir exists: True
      Glob pattern for z-maps: /ptmp/hmueller2/2025_ibc_latent/outputs/glm/contrast_maps_fsLR/sub-11/res_task-HcpSocial_space-fsLR_dir-ffx/z_score_maps/*.dscalar.nii
      Found 3 z-maps
    Processing task 'HcpWm':
      Task dir: /ptmp/hmueller2/2025_ibc_latent/outputs/glm/contrast_maps_fsLR/sub-11/res_task-HcpWm_space-fsLR_dir-ffx
      Z-map dir: /ptmp/hmueller2/2025_ibc_latent/outputs/glm/contrast_maps_fsLR/sub-11/res_task-HcpWm_space-fsLR_dir-ffx/z_score_maps
      Z-map dir exists: True
      Glob pattern for z-maps: /ptmp/hmueller2/2025_ibc_latent/outputs/glm/contrast_maps_fsLR/sub-11/res_task-HcpWm_space-fsLR_dir-ffx/z_score_maps/*.dscalar.nii
      Found 14 z-maps
    Processing task 'ItemRecognition':
      Task dir: /ptmp/hmueller2/2025_ibc_latent/outputs/glm/contrast_maps_fsLR/sub-11/res_task-ItemRecognition_space-fsLR_dir-ffx
      Z-map dir: /ptmp/hmueller2/2025_ibc_latent/outputs/glm/contrast_maps_fsLR/sub-11/res_task-ItemRecognition_space-fsLR_dir-ffx/z_score_maps
      Z-map dir exists: True
      Glob pattern for z-maps: /ptmp/hmueller2/2025_ibc_latent/outputs/glm/contrast_maps_fsLR/sub-11/res_task-ItemRecognition_space-fsLR_dir-ffx/z_score_maps/*.dscalar.nii
      Found 17 z-maps
    Processing task 'Lec1':
      Task dir: /ptmp/hmueller2/2025_ibc_latent/outputs/glm/contrast_maps_fsLR/sub-11/res_task-Lec1_space-fsLR_dir-ffx
      Z-map dir: /ptmp/hmueller2/2025_ibc_latent/outputs/glm/contrast_maps_fsLR/sub-11/res_task-Lec1_space-fsLR_dir-ffx/z_score_maps
      Z-map dir exists: True
      Glob pattern for z-maps: /ptmp/hmueller2/2025_ibc_latent/outputs/glm/contrast_maps_fsLR/sub-11/res_task-Lec1_space-fsLR_dir-ffx/z_score_maps/*.dscalar.nii
      Found 6 z-maps
    Processing task 'Lec2':
      Task dir: /ptmp/hmueller2/2025_ibc_latent/outputs/glm/contrast_maps_fsLR/sub-11/res_task-Lec2_space-fsLR_dir-ffx
      Z-map dir: /ptmp/hmueller2/2025_ibc_latent/outputs/glm/contrast_maps_fsLR/sub-11/res_task-Lec2_space-fsLR_dir-ffx/z_score_maps
      Z-map dir exists: True
      Glob pattern for z-maps: /ptmp/hmueller2/2025_ibc_latent/outputs/glm/contrast_maps_fsLR/sub-11/res_task-Lec2_space-fsLR_dir-ffx/z_score_maps/*.dscalar.nii
      Found 3 z-maps
    Processing task 'MCSE':
      Task dir: /ptmp/hmueller2/2025_ibc_latent/outputs/glm/contrast_maps_fsLR/sub-11/res_task-MCSE_space-fsLR_dir-ffx
      Z-map dir: /ptmp/hmueller2/2025_ibc_latent/outputs/glm/contrast_maps_fsLR/sub-11/res_task-MCSE_space-fsLR_dir-ffx/z_score_maps
      Z-map dir exists: True
      Glob pattern for z-maps: /ptmp/hmueller2/2025_ibc_latent/outputs/glm/contrast_maps_fsLR/sub-11/res_task-MCSE_space-fsLR_dir-ffx/z_score_maps/*.dscalar.nii
      Found 9 z-maps
    Processing task 'MTTNS':
      Task dir: /ptmp/hmueller2/2025_ibc_latent/outputs/glm/contrast_maps_fsLR/sub-11/res_task-MTTNS_space-fsLR_dir-ffx
      Z-map dir: /ptmp/hmueller2/2025_ibc_latent/outputs/glm/contrast_maps_fsLR/sub-11/res_task-MTTNS_space-fsLR_dir-ffx/z_score_maps
      Z-map dir exists: True
      Glob pattern for z-maps: /ptmp/hmueller2/2025_ibc_latent/outputs/glm/contrast_maps_fsLR/sub-11/res_task-MTTNS_space-fsLR_dir-ffx/z_score_maps/*.dscalar.nii
      Found 19 z-maps
    Processing task 'MTTWE':
      Task dir: /ptmp/hmueller2/2025_ibc_latent/outputs/glm/contrast_maps_fsLR/sub-11/res_task-MTTWE_space-fsLR_dir-ffx
      Z-map dir: /ptmp/hmueller2/2025_ibc_latent/outputs/glm/contrast_maps_fsLR/sub-11/res_task-MTTWE_space-fsLR_dir-ffx/z_score_maps
      Z-map dir exists: True
      Glob pattern for z-maps: /ptmp/hmueller2/2025_ibc_latent/outputs/glm/contrast_maps_fsLR/sub-11/res_task-MTTWE_space-fsLR_dir-ffx/z_score_maps/*.dscalar.nii
      Found 19 z-maps
    Processing task 'MVEB':
      Task dir: /ptmp/hmueller2/2025_ibc_latent/outputs/glm/contrast_maps_fsLR/sub-11/res_task-MVEB_space-fsLR_dir-ffx
      Z-map dir: /ptmp/hmueller2/2025_ibc_latent/outputs/glm/contrast_maps_fsLR/sub-11/res_task-MVEB_space-fsLR_dir-ffx/z_score_maps
      Z-map dir exists: True
      Glob pattern for z-maps: /ptmp/hmueller2/2025_ibc_latent/outputs/glm/contrast_maps_fsLR/sub-11/res_task-MVEB_space-fsLR_dir-ffx/z_score_maps/*.dscalar.nii
      Found 11 z-maps
    Processing task 'MVIS':
      Task dir: /ptmp/hmueller2/2025_ibc_latent/outputs/glm/contrast_maps_fsLR/sub-11/res_task-MVIS_space-fsLR_dir-ffx
      Z-map dir: /ptmp/hmueller2/2025_ibc_latent/outputs/glm/contrast_maps_fsLR/sub-11/res_task-MVIS_space-fsLR_dir-ffx/z_score_maps
      Z-map dir exists: True
      Glob pattern for z-maps: /ptmp/hmueller2/2025_ibc_latent/outputs/glm/contrast_maps_fsLR/sub-11/res_task-MVIS_space-fsLR_dir-ffx/z_score_maps/*.dscalar.nii
      Found 12 z-maps
    Processing task 'MathLanguage':
      Task dir: /ptmp/hmueller2/2025_ibc_latent/outputs/glm/contrast_maps_fsLR/sub-11/res_task-MathLanguage_space-fsLR_dir-ffx
      Z-map dir: /ptmp/hmueller2/2025_ibc_latent/outputs/glm/contrast_maps_fsLR/sub-11/res_task-MathLanguage_space-fsLR_dir-ffx/z_score_maps
      Z-map dir exists: True
      Glob pattern for z-maps: /ptmp/hmueller2/2025_ibc_latent/outputs/glm/contrast_maps_fsLR/sub-11/res_task-MathLanguage_space-fsLR_dir-ffx/z_score_maps/*.dscalar.nii
      Found 30 z-maps
    Processing task 'Motion':
      Task dir: /ptmp/hmueller2/2025_ibc_latent/outputs/glm/contrast_maps_fsLR/sub-11/res_task-Motion_space-fsLR_dir-ffx
      Z-map dir: /ptmp/hmueller2/2025_ibc_latent/outputs/glm/contrast_maps_fsLR/sub-11/res_task-Motion_space-fsLR_dir-ffx/z_score_maps
      Z-map dir exists: True
      Glob pattern for z-maps: /ptmp/hmueller2/2025_ibc_latent/outputs/glm/contrast_maps_fsLR/sub-11/res_task-Motion_space-fsLR_dir-ffx/z_score_maps/*.dscalar.nii
      Found 11 z-maps
    Processing task 'Moto':
      Task dir: /ptmp/hmueller2/2025_ibc_latent/outputs/glm/contrast_maps_fsLR/sub-11/res_task-Moto_space-fsLR_dir-ffx
      Z-map dir: /ptmp/hmueller2/2025_ibc_latent/outputs/glm/contrast_maps_fsLR/sub-11/res_task-Moto_space-fsLR_dir-ffx/z_score_maps
      Z-map dir exists: True
      Glob pattern for z-maps: /ptmp/hmueller2/2025_ibc_latent/outputs/glm/contrast_maps_fsLR/sub-11/res_task-Moto_space-fsLR_dir-ffx/z_score_maps/*.dscalar.nii
      Found 9 z-maps
    Processing task 'NARPS':
      Task dir: /ptmp/hmueller2/2025_ibc_latent/outputs/glm/contrast_maps_fsLR/sub-11/res_task-NARPS_space-fsLR_dir-ffx
      Z-map dir: /ptmp/hmueller2/2025_ibc_latent/outputs/glm/contrast_maps_fsLR/sub-11/res_task-NARPS_space-fsLR_dir-ffx/z_score_maps
      Z-map dir exists: True
      Glob pattern for z-maps: /ptmp/hmueller2/2025_ibc_latent/outputs/glm/contrast_maps_fsLR/sub-11/res_task-NARPS_space-fsLR_dir-ffx/z_score_maps/*.dscalar.nii
      Found 8 z-maps
    Processing task 'PainMovie':
      Task dir: /ptmp/hmueller2/2025_ibc_latent/outputs/glm/contrast_maps_fsLR/sub-11/res_task-PainMovie_space-fsLR_dir-ffx
      Z-map dir: /ptmp/hmueller2/2025_ibc_latent/outputs/glm/contrast_maps_fsLR/sub-11/res_task-PainMovie_space-fsLR_dir-ffx/z_score_maps
      Z-map dir exists: True
      Glob pattern for z-maps: /ptmp/hmueller2/2025_ibc_latent/outputs/glm/contrast_maps_fsLR/sub-11/res_task-PainMovie_space-fsLR_dir-ffx/z_score_maps/*.dscalar.nii
      Found 3 z-maps
    Processing task 'PreferenceFaces':
      Task dir: /ptmp/hmueller2/2025_ibc_latent/outputs/glm/contrast_maps_fsLR/sub-11/res_task-PreferenceFaces_space-fsLR_dir-ffx
      Z-map dir: /ptmp/hmueller2/2025_ibc_latent/outputs/glm/contrast_maps_fsLR/sub-11/res_task-PreferenceFaces_space-fsLR_dir-ffx/z_score_maps
      Z-map dir exists: True
      Glob pattern for z-maps: /ptmp/hmueller2/2025_ibc_latent/outputs/glm/contrast_maps_fsLR/sub-11/res_task-PreferenceFaces_space-fsLR_dir-ffx/z_score_maps/*.dscalar.nii
      Found 3 z-maps
    Processing task 'PreferenceFood':
      Task dir: /ptmp/hmueller2/2025_ibc_latent/outputs/glm/contrast_maps_fsLR/sub-11/res_task-PreferenceFood_space-fsLR_dir-ffx
      Z-map dir: /ptmp/hmueller2/2025_ibc_latent/outputs/glm/contrast_maps_fsLR/sub-11/res_task-PreferenceFood_space-fsLR_dir-ffx/z_score_maps
      Z-map dir exists: True
      Glob pattern for z-maps: /ptmp/hmueller2/2025_ibc_latent/outputs/glm/contrast_maps_fsLR/sub-11/res_task-PreferenceFood_space-fsLR_dir-ffx/z_score_maps/*.dscalar.nii
      Found 3 z-maps
    Processing task 'PreferenceHouses':
      Task dir: /ptmp/hmueller2/2025_ibc_latent/outputs/glm/contrast_maps_fsLR/sub-11/res_task-PreferenceHouses_space-fsLR_dir-ffx
      Z-map dir: /ptmp/hmueller2/2025_ibc_latent/outputs/glm/contrast_maps_fsLR/sub-11/res_task-PreferenceHouses_space-fsLR_dir-ffx/z_score_maps
      Z-map dir exists: True
      Glob pattern for z-maps: /ptmp/hmueller2/2025_ibc_latent/outputs/glm/contrast_maps_fsLR/sub-11/res_task-PreferenceHouses_space-fsLR_dir-ffx/z_score_maps/*.dscalar.nii
      Found 3 z-maps
    Processing task 'RSVPLanguage':
      Task dir: /ptmp/hmueller2/2025_ibc_latent/outputs/glm/contrast_maps_fsLR/sub-11/res_task-RSVPLanguage_space-fsLR_dir-ffx
      Z-map dir: /ptmp/hmueller2/2025_ibc_latent/outputs/glm/contrast_maps_fsLR/sub-11/res_task-RSVPLanguage_space-fsLR_dir-ffx/z_score_maps
      Z-map dir exists: True
      Glob pattern for z-maps: /ptmp/hmueller2/2025_ibc_latent/outputs/glm/contrast_maps_fsLR/sub-11/res_task-RSVPLanguage_space-fsLR_dir-ffx/z_score_maps/*.dscalar.nii
      Found 19 z-maps
    Processing task 'RewProc':
      Task dir: /ptmp/hmueller2/2025_ibc_latent/outputs/glm/contrast_maps_fsLR/sub-11/res_task-RewProc_space-fsLR_dir-ffx
      Z-map dir: /ptmp/hmueller2/2025_ibc_latent/outputs/glm/contrast_maps_fsLR/sub-11/res_task-RewProc_space-fsLR_dir-ffx/z_score_maps
      Z-map dir exists: True
      Glob pattern for z-maps: /ptmp/hmueller2/2025_ibc_latent/outputs/glm/contrast_maps_fsLR/sub-11/res_task-RewProc_space-fsLR_dir-ffx/z_score_maps/*.dscalar.nii
      Found 17 z-maps
    Processing task 'Scene':
      Task dir: /ptmp/hmueller2/2025_ibc_latent/outputs/glm/contrast_maps_fsLR/sub-11/res_task-Scene_space-fsLR_dir-ffx
      Z-map dir: /ptmp/hmueller2/2025_ibc_latent/outputs/glm/contrast_maps_fsLR/sub-11/res_task-Scene_space-fsLR_dir-ffx/z_score_maps
      Z-map dir exists: True
      Glob pattern for z-maps: /ptmp/hmueller2/2025_ibc_latent/outputs/glm/contrast_maps_fsLR/sub-11/res_task-Scene_space-fsLR_dir-ffx/z_score_maps/*.dscalar.nii
      Found 11 z-maps
    Processing task 'SelectiveStopSignal':
      Task dir: /ptmp/hmueller2/2025_ibc_latent/outputs/glm/contrast_maps_fsLR/sub-11/res_task-SelectiveStopSignal_space-fsLR_dir-ffx
      Z-map dir: /ptmp/hmueller2/2025_ibc_latent/outputs/glm/contrast_maps_fsLR/sub-11/res_task-SelectiveStopSignal_space-fsLR_dir-ffx/z_score_maps
      Z-map dir exists: True
      Glob pattern for z-maps: /ptmp/hmueller2/2025_ibc_latent/outputs/glm/contrast_maps_fsLR/sub-11/res_task-SelectiveStopSignal_space-fsLR_dir-ffx/z_score_maps/*.dscalar.nii
      Found 8 z-maps
    Processing task 'Self':
      Task dir: /ptmp/hmueller2/2025_ibc_latent/outputs/glm/contrast_maps_fsLR/sub-11/res_task-Self_space-fsLR_dir-ffx
      Z-map dir: /ptmp/hmueller2/2025_ibc_latent/outputs/glm/contrast_maps_fsLR/sub-11/res_task-Self_space-fsLR_dir-ffx/z_score_maps
      Z-map dir exists: True
      Glob pattern for z-maps: /ptmp/hmueller2/2025_ibc_latent/outputs/glm/contrast_maps_fsLR/sub-11/res_task-Self_space-fsLR_dir-ffx/z_score_maps/*.dscalar.nii
      Found 11 z-maps
    Processing task 'SpatialNavigation':
      Task dir: /ptmp/hmueller2/2025_ibc_latent/outputs/glm/contrast_maps_fsLR/sub-11/res_task-SpatialNavigation_space-fsLR_dir-ffx
      Z-map dir: /ptmp/hmueller2/2025_ibc_latent/outputs/glm/contrast_maps_fsLR/sub-11/res_task-SpatialNavigation_space-fsLR_dir-ffx/z_score_maps
      Z-map dir exists: True
      Glob pattern for z-maps: /ptmp/hmueller2/2025_ibc_latent/outputs/glm/contrast_maps_fsLR/sub-11/res_task-SpatialNavigation_space-fsLR_dir-ffx/z_score_maps/*.dscalar.nii
      Found 9 z-maps
    Processing task 'StopNogo':
      Task dir: /ptmp/hmueller2/2025_ibc_latent/outputs/glm/contrast_maps_fsLR/sub-11/res_task-StopNogo_space-fsLR_dir-ffx
      Z-map dir: /ptmp/hmueller2/2025_ibc_latent/outputs/glm/contrast_maps_fsLR/sub-11/res_task-StopNogo_space-fsLR_dir-ffx/z_score_maps
      Z-map dir exists: True
      Glob pattern for z-maps: /ptmp/hmueller2/2025_ibc_latent/outputs/glm/contrast_maps_fsLR/sub-11/res_task-StopNogo_space-fsLR_dir-ffx/z_score_maps/*.dscalar.nii
      Found 7 z-maps
    Processing task 'StopSignal':
      Task dir: /ptmp/hmueller2/2025_ibc_latent/outputs/glm/contrast_maps_fsLR/sub-11/res_task-StopSignal_space-fsLR_dir-ffx
      Z-map dir: /ptmp/hmueller2/2025_ibc_latent/outputs/glm/contrast_maps_fsLR/sub-11/res_task-StopSignal_space-fsLR_dir-ffx/z_score_maps
      Z-map dir exists: True
      Glob pattern for z-maps: /ptmp/hmueller2/2025_ibc_latent/outputs/glm/contrast_maps_fsLR/sub-11/res_task-StopSignal_space-fsLR_dir-ffx/z_score_maps/*.dscalar.nii
      Found 3 z-maps
    Processing task 'Stroop':
      Task dir: /ptmp/hmueller2/2025_ibc_latent/outputs/glm/contrast_maps_fsLR/sub-11/res_task-Stroop_space-fsLR_dir-ffx
      Z-map dir: /ptmp/hmueller2/2025_ibc_latent/outputs/glm/contrast_maps_fsLR/sub-11/res_task-Stroop_space-fsLR_dir-ffx/z_score_maps
      Z-map dir exists: True
      Glob pattern for z-maps: /ptmp/hmueller2/2025_ibc_latent/outputs/glm/contrast_maps_fsLR/sub-11/res_task-Stroop_space-fsLR_dir-ffx/z_score_maps/*.dscalar.nii
      Found 3 z-maps
    Processing task 'TheoryOfMind':
      Task dir: /ptmp/hmueller2/2025_ibc_latent/outputs/glm/contrast_maps_fsLR/sub-11/res_task-TheoryOfMind_space-fsLR_dir-ffx
      Z-map dir: /ptmp/hmueller2/2025_ibc_latent/outputs/glm/contrast_maps_fsLR/sub-11/res_task-TheoryOfMind_space-fsLR_dir-ffx/z_score_maps
      Z-map dir exists: True
      Glob pattern for z-maps: /ptmp/hmueller2/2025_ibc_latent/outputs/glm/contrast_maps_fsLR/sub-11/res_task-TheoryOfMind_space-fsLR_dir-ffx/z_score_maps/*.dscalar.nii
      Found 3 z-maps
    Processing task 'TwoByTwo':
      Task dir: /ptmp/hmueller2/2025_ibc_latent/outputs/glm/contrast_maps_fsLR/sub-11/res_task-TwoByTwo_space-fsLR_dir-ffx
      Z-map dir: /ptmp/hmueller2/2025_ibc_latent/outputs/glm/contrast_maps_fsLR/sub-11/res_task-TwoByTwo_space-fsLR_dir-ffx/z_score_maps
      Z-map dir exists: True
      Glob pattern for z-maps: /ptmp/hmueller2/2025_ibc_latent/outputs/glm/contrast_maps_fsLR/sub-11/res_task-TwoByTwo_space-fsLR_dir-ffx/z_score_maps/*.dscalar.nii
      Found 10 z-maps
    Processing task 'VSTMC':
      Task dir: /ptmp/hmueller2/2025_ibc_latent/outputs/glm/contrast_maps_fsLR/sub-11/res_task-VSTMC_space-fsLR_dir-ffx
      Z-map dir: /ptmp/hmueller2/2025_ibc_latent/outputs/glm/contrast_maps_fsLR/sub-11/res_task-VSTMC_space-fsLR_dir-ffx/z_score_maps
      Z-map dir exists: True
      Glob pattern for z-maps: /ptmp/hmueller2/2025_ibc_latent/outputs/glm/contrast_maps_fsLR/sub-11/res_task-VSTMC_space-fsLR_dir-ffx/z_score_maps/*.dscalar.nii
      Found 10 z-maps
    Processing task 'VSTM':
      Task dir: /ptmp/hmueller2/2025_ibc_latent/outputs/glm/contrast_maps_fsLR/sub-11/res_task-VSTM_space-fsLR_dir-ffx
      Z-map dir: /ptmp/hmueller2/2025_ibc_latent/outputs/glm/contrast_maps_fsLR/sub-11/res_task-VSTM_space-fsLR_dir-ffx/z_score_maps
      Z-map dir exists: True
      Glob pattern for z-maps: /ptmp/hmueller2/2025_ibc_latent/outputs/glm/contrast_maps_fsLR/sub-11/res_task-VSTM_space-fsLR_dir-ffx/z_score_maps/*.dscalar.nii
      Found 3 z-maps
    Processing task 'Visu':
      Task dir: /ptmp/hmueller2/2025_ibc_latent/outputs/glm/contrast_maps_fsLR/sub-11/res_task-Visu_space-fsLR_dir-ffx
      Z-map dir: /ptmp/hmueller2/2025_ibc_latent/outputs/glm/contrast_maps_fsLR/sub-11/res_task-Visu_space-fsLR_dir-ffx/z_score_maps
      Z-map dir exists: True
      Glob pattern for z-maps: /ptmp/hmueller2/2025_ibc_latent/outputs/glm/contrast_maps_fsLR/sub-11/res_task-Visu_space-fsLR_dir-ffx/z_score_maps/*.dscalar.nii
      Found 16 z-maps
    Processing task 'VisualSearch':
      Task dir: /ptmp/hmueller2/2025_ibc_latent/outputs/glm/contrast_maps_fsLR/sub-11/res_task-VisualSearch_space-fsLR_dir-ffx
      Z-map dir: /ptmp/hmueller2/2025_ibc_latent/outputs/glm/contrast_maps_fsLR/sub-11/res_task-VisualSearch_space-fsLR_dir-ffx/z_score_maps
      Z-map dir exists: True
      Glob pattern for z-maps: /ptmp/hmueller2/2025_ibc_latent/outputs/glm/contrast_maps_fsLR/sub-11/res_task-VisualSearch_space-fsLR_dir-ffx/z_score_maps/*.dscalar.nii
      Found 22 z-maps
    Processing task 'WardAndAllport':
      Task dir: /ptmp/hmueller2/2025_ibc_latent/outputs/glm/contrast_maps_fsLR/sub-11/res_task-WardAndAllport_space-fsLR_dir-ffx
      Z-map dir: /ptmp/hmueller2/2025_ibc_latent/outputs/glm/contrast_maps_fsLR/sub-11/res_task-WardAndAllport_space-fsLR_dir-ffx/z_score_maps
      Z-map dir exists: True
      Glob pattern for z-maps: /ptmp/hmueller2/2025_ibc_latent/outputs/glm/contrast_maps_fsLR/sub-11/res_task-WardAndAllport_space-fsLR_dir-ffx/z_score_maps/*.dscalar.nii
      Found 10 z-maps
    Processing task 'WedgeAnti':
      Task dir: /ptmp/hmueller2/2025_ibc_latent/outputs/glm/contrast_maps_fsLR/sub-11/res_task-WedgeAnti_space-fsLR_dir-ffx
      Z-map dir: /ptmp/hmueller2/2025_ibc_latent/outputs/glm/contrast_maps_fsLR/sub-11/res_task-WedgeAnti_space-fsLR_dir-ffx/z_score_maps
      Z-map dir exists: True
      Glob pattern for z-maps: /ptmp/hmueller2/2025_ibc_latent/outputs/glm/contrast_maps_fsLR/sub-11/res_task-WedgeAnti_space-fsLR_dir-ffx/z_score_maps/*.dscalar.nii
      Found 8 z-maps
    Processing task 'WedgeClock':
      Task dir: /ptmp/hmueller2/2025_ibc_latent/outputs/glm/contrast_maps_fsLR/sub-11/res_task-WedgeClock_space-fsLR_dir-ffx
      Z-map dir: /ptmp/hmueller2/2025_ibc_latent/outputs/glm/contrast_maps_fsLR/sub-11/res_task-WedgeClock_space-fsLR_dir-ffx/z_score_maps
      Z-map dir exists: True
      Glob pattern for z-maps: /ptmp/hmueller2/2025_ibc_latent/outputs/glm/contrast_maps_fsLR/sub-11/res_task-WedgeClock_space-fsLR_dir-ffx/z_score_maps/*.dscalar.nii
      Found 8 z-maps
  ! Workbench smoothing failed for HcpWm/2back-0back, using unsmoothed map: Missing required file(s) for Workbench smoothing: ['/home/hmueller2/workbench/bin_linux64/wb_command']
  ✓ Loaded: HcpWm/2back-0back
  ! Workbench smoothing failed for ItemRecognition/encode5-encode1, using unsmoothed map: Missing required file(s) for Workbench smoothing: ['/home/hmueller2/workbench/bin_linux64/wb_command']
  ✓ Loaded: ItemRecognition/encode5-encode1
  - Not available: MDTB/2back_hard-easy
  - Not available: MDTB/search_hard-easy
  - Not available: MDTB/semantic_hard-easy
  - Not available: MDTB/finger_complex-simple
  - Not available: GoodBadUgly/dot_hard-easy
  ! Workbench smoothing failed for Stroop/incongruent-congruent, using unsmoothed map: Missing required file(s) for Workbench smoothing: ['/home/hmueller2/workbench/bin_linux64/wb_command']
  ✓ Loaded: Stroop/incongruent-congruent
  ! Workbench smoothing failed for Catell/hard-easy, using unsmoothed map: Missing required file(s) for Workbench smoothing: ['/home/hmueller2/workbench/bin_linux64/wb_command']
  ✓ Loaded: Catell/hard-easy

Applied Workbench CIFTI smoothing to input contrasts (FWHM=4.0mm)

Combined 4 MD contrasts
Mean z-score: -0.003 ± 0.547
Max z-score: 2.775

✓ Saved mean MD map: /ptmp/hmueller2/2025_ibc_latent/outputs/md_system/vertex_wise/sub-11/sub-11_MD_mean.dscalar.nii
✓ Saved std MD map: /ptmp/hmueller2/2025_ibc_latent/outputs/md_system/vertex_wise/sub-11/sub-11_MD_std.dscalar.nii
✓ Saved contrast info: /ptmp/hmueller2/2025_ibc_latent/outputs/md_system/vertex_wise/sub-11/sub-11_MD_contrasts.txt

============================================================
Processing subject 13
============================================================
  Looking for contrasts in: /ptmp/hmueller2/2025_ibc_latent/outputs/glm/contrast_maps_fsLR/sub-13
  Subject directory contents (78 items): ['res_task-ArchiEmotional_space-fsLR_dir-ffx', 'res_task-ArchiSocial_space-fsLR_dir-ffx', 'res_task-ArchiSpatial_space-fsLR_dir-ffx', 'res_task-ArchiStandard_space-fsLR_dir-ffx', 'res_task-Attention_space-fsLR_dir-ffx', 'res_task-Audi_space-fsLR_dir-ffx', 'res_task-BiologicalMotion1_space-fsLR_dir-ffx', 'res_task-BiologicalMotion2_space-fsLR_dir-ffx', 'res_task-BreathHolding_space-fsLR_dir-ffx', 'res_task-Catell_space-fsLR_dir-ffx', 'res_task-Checkerboard_space-fsLR_dir-ffx', 'res_task-ColumbiaCards_space-fsLR_dir-ffx', 'res_task-Discount_space-fsLR_dir-ffx', 'res_task-DotPatterns_space-fsLR_dir-ffx', 'res_task-EmoMem_space-fsLR_dir-ffx', 'res_task-EmoReco_space-fsLR_dir-ffx', 'res_task-EmotionalPain_space-fsLR_dir-ffx', 'res_task-Enumeration_space-fsLR_dir-ffx', 'res_task-FingerTap_space-fsLR_dir-ffx', 'res_task-HcpEmotion_space-fsLR_dir-ffx', 'res_task-HcpGambling_space-fsLR_dir-ffx', 'res_task-HcpLanguage_space-fsLR_dir-ffx', 'res_task-HcpMotor_space-fsLR_dir-ffx', 'res_task-HcpRelational_space-fsLR_dir-ffx', 'res_task-HcpSocial_space-fsLR_dir-ffx', 'res_task-HcpWm_space-fsLR_dir-ffx', 'res_task-ItemRecognition_space-fsLR_dir-ffx', 'res_task-Lec1_space-fsLR_dir-ffx', 'res_task-Lec2_space-fsLR_dir-ffx', 'res_task-MCSE_space-fsLR_dir-ffx', 'res_task-MTTNS_space-fsLR_dir-ffx', 'res_task-MTTWE_space-fsLR_dir-ffx', 'res_task-MVEB_space-fsLR_dir-ffx', 'res_task-MVIS_space-fsLR_dir-ffx', 'res_task-MathLanguage_space-fsLR_dir-ffx', 'res_task-Moto_space-fsLR_dir-ffx', 'res_task-PainMovie_space-fsLR_dir-ffx', 'res_task-PreferenceFaces_space-fsLR_dir-ffx', 'res_task-PreferenceHouses_space-fsLR_dir-ffx', 'res_task-PreferencePaintings_space-fsLR_dir-ffx', 'res_task-RSVPLanguage_space-fsLR_dir-ffx', 'res_task-SelectiveStopSignal_space-fsLR_dir-ffx', 'res_task-Self_space-fsLR_dir-ffx', 'res_task-SpatialNavigation_space-fsLR_dir-ffx', 'res_task-StopNogo_space-fsLR_dir-ffx', 'res_task-StopSignal_space-fsLR_dir-ffx', 'res_task-Stroop_space-fsLR_dir-ffx', 'res_task-TheoryOfMind_space-fsLR_dir-ffx', 'res_task-TwoByTwo_space-fsLR_dir-ffx', 'res_task-VSTMC_space-fsLR_dir-ffx', 'res_task-VSTM_space-fsLR_dir-ffx', 'res_task-Visu_space-fsLR_dir-ffx', 'res_task-WardAndAllport_space-fsLR_dir-ffx', 'res_task-WedgeAnti_space-fsLR_dir-ffx', 'res_task-WedgeClock_space-fsLR_dir-ffx', 'ses-00', 'ses-01', 'ses-02', 'ses-03', 'ses-04', 'ses-08', 'ses-11', 'ses-12', 'ses-15', 'ses-16', 'ses-17', 'ses-18', 'ses-19', 'ses-21', 'ses-24', 'ses-25', 'ses-26', 'ses-29', 'ses-30', 'ses-31', 'ses-35', 'ses-36', 'ses-37']
  Glob pattern: /ptmp/hmueller2/2025_ibc_latent/outputs/glm/contrast_maps_fsLR/sub-13/res_task-*_space-fsLR_dir-ffx
  Found 55 task directories: ['/ptmp/hmueller2/2025_ibc_latent/outputs/glm/contrast_maps_fsLR/sub-13/res_task-ArchiEmotional_space-fsLR_dir-ffx', '/ptmp/hmueller2/2025_ibc_latent/outputs/glm/contrast_maps_fsLR/sub-13/res_task-ArchiSocial_space-fsLR_dir-ffx', '/ptmp/hmueller2/2025_ibc_latent/outputs/glm/contrast_maps_fsLR/sub-13/res_task-ArchiSpatial_space-fsLR_dir-ffx', '/ptmp/hmueller2/2025_ibc_latent/outputs/glm/contrast_maps_fsLR/sub-13/res_task-ArchiStandard_space-fsLR_dir-ffx', '/ptmp/hmueller2/2025_ibc_latent/outputs/glm/contrast_maps_fsLR/sub-13/res_task-Attention_space-fsLR_dir-ffx', '/ptmp/hmueller2/2025_ibc_latent/outputs/glm/contrast_maps_fsLR/sub-13/res_task-Audi_space-fsLR_dir-ffx', '/ptmp/hmueller2/2025_ibc_latent/outputs/glm/contrast_maps_fsLR/sub-13/res_task-BiologicalMotion1_space-fsLR_dir-ffx', '/ptmp/hmueller2/2025_ibc_latent/outputs/glm/contrast_maps_fsLR/sub-13/res_task-BiologicalMotion2_space-fsLR_dir-ffx', '/ptmp/hmueller2/2025_ibc_latent/outputs/glm/contrast_maps_fsLR/sub-13/res_task-BreathHolding_space-fsLR_dir-ffx', '/ptmp/hmueller2/2025_ibc_latent/outputs/glm/contrast_maps_fsLR/sub-13/res_task-Catell_space-fsLR_dir-ffx', '/ptmp/hmueller2/2025_ibc_latent/outputs/glm/contrast_maps_fsLR/sub-13/res_task-Checkerboard_space-fsLR_dir-ffx', '/ptmp/hmueller2/2025_ibc_latent/outputs/glm/contrast_maps_fsLR/sub-13/res_task-ColumbiaCards_space-fsLR_dir-ffx', '/ptmp/hmueller2/2025_ibc_latent/outputs/glm/contrast_maps_fsLR/sub-13/res_task-Discount_space-fsLR_dir-ffx', '/ptmp/hmueller2/2025_ibc_latent/outputs/glm/contrast_maps_fsLR/sub-13/res_task-DotPatterns_space-fsLR_dir-ffx', '/ptmp/hmueller2/2025_ibc_latent/outputs/glm/contrast_maps_fsLR/sub-13/res_task-EmoMem_space-fsLR_dir-ffx', '/ptmp/hmueller2/2025_ibc_latent/outputs/glm/contrast_maps_fsLR/sub-13/res_task-EmoReco_space-fsLR_dir-ffx', '/ptmp/hmueller2/2025_ibc_latent/outputs/glm/contrast_maps_fsLR/sub-13/res_task-EmotionalPain_space-fsLR_dir-ffx', '/ptmp/hmueller2/2025_ibc_latent/outputs/glm/contrast_maps_fsLR/sub-13/res_task-Enumeration_space-fsLR_dir-ffx', '/ptmp/hmueller2/2025_ibc_latent/outputs/glm/contrast_maps_fsLR/sub-13/res_task-FingerTap_space-fsLR_dir-ffx', '/ptmp/hmueller2/2025_ibc_latent/outputs/glm/contrast_maps_fsLR/sub-13/res_task-HcpEmotion_space-fsLR_dir-ffx', '/ptmp/hmueller2/2025_ibc_latent/outputs/glm/contrast_maps_fsLR/sub-13/res_task-HcpGambling_space-fsLR_dir-ffx', '/ptmp/hmueller2/2025_ibc_latent/outputs/glm/contrast_maps_fsLR/sub-13/res_task-HcpLanguage_space-fsLR_dir-ffx', '/ptmp/hmueller2/2025_ibc_latent/outputs/glm/contrast_maps_fsLR/sub-13/res_task-HcpMotor_space-fsLR_dir-ffx', '/ptmp/hmueller2/2025_ibc_latent/outputs/glm/contrast_maps_fsLR/sub-13/res_task-HcpRelational_space-fsLR_dir-ffx', '/ptmp/hmueller2/2025_ibc_latent/outputs/glm/contrast_maps_fsLR/sub-13/res_task-HcpSocial_space-fsLR_dir-ffx', '/ptmp/hmueller2/2025_ibc_latent/outputs/glm/contrast_maps_fsLR/sub-13/res_task-HcpWm_space-fsLR_dir-ffx', '/ptmp/hmueller2/2025_ibc_latent/outputs/glm/contrast_maps_fsLR/sub-13/res_task-ItemRecognition_space-fsLR_dir-ffx', '/ptmp/hmueller2/2025_ibc_latent/outputs/glm/contrast_maps_fsLR/sub-13/res_task-Lec1_space-fsLR_dir-ffx', '/ptmp/hmueller2/2025_ibc_latent/outputs/glm/contrast_maps_fsLR/sub-13/res_task-Lec2_space-fsLR_dir-ffx', '/ptmp/hmueller2/2025_ibc_latent/outputs/glm/contrast_maps_fsLR/sub-13/res_task-MCSE_space-fsLR_dir-ffx', '/ptmp/hmueller2/2025_ibc_latent/outputs/glm/contrast_maps_fsLR/sub-13/res_task-MTTNS_space-fsLR_dir-ffx', '/ptmp/hmueller2/2025_ibc_latent/outputs/glm/contrast_maps_fsLR/sub-13/res_task-MTTWE_space-fsLR_dir-ffx', '/ptmp/hmueller2/2025_ibc_latent/outputs/glm/contrast_maps_fsLR/sub-13/res_task-MVEB_space-fsLR_dir-ffx', '/ptmp/hmueller2/2025_ibc_latent/outputs/glm/contrast_maps_fsLR/sub-13/res_task-MVIS_space-fsLR_dir-ffx', '/ptmp/hmueller2/2025_ibc_latent/outputs/glm/contrast_maps_fsLR/sub-13/res_task-MathLanguage_space-fsLR_dir-ffx', '/ptmp/hmueller2/2025_ibc_latent/outputs/glm/contrast_maps_fsLR/sub-13/res_task-Moto_space-fsLR_dir-ffx', '/ptmp/hmueller2/2025_ibc_latent/outputs/glm/contrast_maps_fsLR/sub-13/res_task-PainMovie_space-fsLR_dir-ffx', '/ptmp/hmueller2/2025_ibc_latent/outputs/glm/contrast_maps_fsLR/sub-13/res_task-PreferenceFaces_space-fsLR_dir-ffx', '/ptmp/hmueller2/2025_ibc_latent/outputs/glm/contrast_maps_fsLR/sub-13/res_task-PreferenceHouses_space-fsLR_dir-ffx', '/ptmp/hmueller2/2025_ibc_latent/outputs/glm/contrast_maps_fsLR/sub-13/res_task-PreferencePaintings_space-fsLR_dir-ffx', '/ptmp/hmueller2/2025_ibc_latent/outputs/glm/contrast_maps_fsLR/sub-13/res_task-RSVPLanguage_space-fsLR_dir-ffx', '/ptmp/hmueller2/2025_ibc_latent/outputs/glm/contrast_maps_fsLR/sub-13/res_task-SelectiveStopSignal_space-fsLR_dir-ffx', '/ptmp/hmueller2/2025_ibc_latent/outputs/glm/contrast_maps_fsLR/sub-13/res_task-Self_space-fsLR_dir-ffx', '/ptmp/hmueller2/2025_ibc_latent/outputs/glm/contrast_maps_fsLR/sub-13/res_task-SpatialNavigation_space-fsLR_dir-ffx', '/ptmp/hmueller2/2025_ibc_latent/outputs/glm/contrast_maps_fsLR/sub-13/res_task-StopNogo_space-fsLR_dir-ffx', '/ptmp/hmueller2/2025_ibc_latent/outputs/glm/contrast_maps_fsLR/sub-13/res_task-StopSignal_space-fsLR_dir-ffx', '/ptmp/hmueller2/2025_ibc_latent/outputs/glm/contrast_maps_fsLR/sub-13/res_task-Stroop_space-fsLR_dir-ffx', '/ptmp/hmueller2/2025_ibc_latent/outputs/glm/contrast_maps_fsLR/sub-13/res_task-TheoryOfMind_space-fsLR_dir-ffx', '/ptmp/hmueller2/2025_ibc_latent/outputs/glm/contrast_maps_fsLR/sub-13/res_task-TwoByTwo_space-fsLR_dir-ffx', '/ptmp/hmueller2/2025_ibc_latent/outputs/glm/contrast_maps_fsLR/sub-13/res_task-VSTMC_space-fsLR_dir-ffx', '/ptmp/hmueller2/2025_ibc_latent/outputs/glm/contrast_maps_fsLR/sub-13/res_task-VSTM_space-fsLR_dir-ffx', '/ptmp/hmueller2/2025_ibc_latent/outputs/glm/contrast_maps_fsLR/sub-13/res_task-Visu_space-fsLR_dir-ffx', '/ptmp/hmueller2/2025_ibc_latent/outputs/glm/contrast_maps_fsLR/sub-13/res_task-WardAndAllport_space-fsLR_dir-ffx', '/ptmp/hmueller2/2025_ibc_latent/outputs/glm/contrast_maps_fsLR/sub-13/res_task-WedgeAnti_space-fsLR_dir-ffx', '/ptmp/hmueller2/2025_ibc_latent/outputs/glm/contrast_maps_fsLR/sub-13/res_task-WedgeClock_space-fsLR_dir-ffx']
    Processing task 'ArchiEmotional':
      Task dir: /ptmp/hmueller2/2025_ibc_latent/outputs/glm/contrast_maps_fsLR/sub-13/res_task-ArchiEmotional_space-fsLR_dir-ffx
      Z-map dir: /ptmp/hmueller2/2025_ibc_latent/outputs/glm/contrast_maps_fsLR/sub-13/res_task-ArchiEmotional_space-fsLR_dir-ffx/z_score_maps
      Z-map dir exists: True
      Glob pattern for z-maps: /ptmp/hmueller2/2025_ibc_latent/outputs/glm/contrast_maps_fsLR/sub-13/res_task-ArchiEmotional_space-fsLR_dir-ffx/z_score_maps/*.dscalar.nii
      Found 14 z-maps
    Processing task 'ArchiSocial':
      Task dir: /ptmp/hmueller2/2025_ibc_latent/outputs/glm/contrast_maps_fsLR/sub-13/res_task-ArchiSocial_space-fsLR_dir-ffx
      Z-map dir: /ptmp/hmueller2/2025_ibc_latent/outputs/glm/contrast_maps_fsLR/sub-13/res_task-ArchiSocial_space-fsLR_dir-ffx/z_score_maps
      Z-map dir exists: True
      Glob pattern for z-maps: /ptmp/hmueller2/2025_ibc_latent/outputs/glm/contrast_maps_fsLR/sub-13/res_task-ArchiSocial_space-fsLR_dir-ffx/z_score_maps/*.dscalar.nii
      Found 13 z-maps
    Processing task 'ArchiSpatial':
      Task dir: /ptmp/hmueller2/2025_ibc_latent/outputs/glm/contrast_maps_fsLR/sub-13/res_task-ArchiSpatial_space-fsLR_dir-ffx
      Z-map dir: /ptmp/hmueller2/2025_ibc_latent/outputs/glm/contrast_maps_fsLR/sub-13/res_task-ArchiSpatial_space-fsLR_dir-ffx/z_score_maps
      Z-map dir exists: True
      Glob pattern for z-maps: /ptmp/hmueller2/2025_ibc_latent/outputs/glm/contrast_maps_fsLR/sub-13/res_task-ArchiSpatial_space-fsLR_dir-ffx/z_score_maps/*.dscalar.nii
      Found 7 z-maps
    Processing task 'ArchiStandard':
      Task dir: /ptmp/hmueller2/2025_ibc_latent/outputs/glm/contrast_maps_fsLR/sub-13/res_task-ArchiStandard_space-fsLR_dir-ffx
      Z-map dir: /ptmp/hmueller2/2025_ibc_latent/outputs/glm/contrast_maps_fsLR/sub-13/res_task-ArchiStandard_space-fsLR_dir-ffx/z_score_maps
      Z-map dir exists: True
      Glob pattern for z-maps: /ptmp/hmueller2/2025_ibc_latent/outputs/glm/contrast_maps_fsLR/sub-13/res_task-ArchiStandard_space-fsLR_dir-ffx/z_score_maps/*.dscalar.nii
      Found 23 z-maps
    Processing task 'Attention':
      Task dir: /ptmp/hmueller2/2025_ibc_latent/outputs/glm/contrast_maps_fsLR/sub-13/res_task-Attention_space-fsLR_dir-ffx
      Z-map dir: /ptmp/hmueller2/2025_ibc_latent/outputs/glm/contrast_maps_fsLR/sub-13/res_task-Attention_space-fsLR_dir-ffx/z_score_maps
      Z-map dir exists: True
      Glob pattern for z-maps: /ptmp/hmueller2/2025_ibc_latent/outputs/glm/contrast_maps_fsLR/sub-13/res_task-Attention_space-fsLR_dir-ffx/z_score_maps/*.dscalar.nii
      Found 10 z-maps
    Processing task 'Audi':
      Task dir: /ptmp/hmueller2/2025_ibc_latent/outputs/glm/contrast_maps_fsLR/sub-13/res_task-Audi_space-fsLR_dir-ffx
      Z-map dir: /ptmp/hmueller2/2025_ibc_latent/outputs/glm/contrast_maps_fsLR/sub-13/res_task-Audi_space-fsLR_dir-ffx/z_score_maps
      Z-map dir exists: True
      Glob pattern for z-maps: /ptmp/hmueller2/2025_ibc_latent/outputs/glm/contrast_maps_fsLR/sub-13/res_task-Audi_space-fsLR_dir-ffx/z_score_maps/*.dscalar.nii
      Found 25 z-maps
    Processing task 'BiologicalMotion1':
      Task dir: /ptmp/hmueller2/2025_ibc_latent/outputs/glm/contrast_maps_fsLR/sub-13/res_task-BiologicalMotion1_space-fsLR_dir-ffx
      Z-map dir: /ptmp/hmueller2/2025_ibc_latent/outputs/glm/contrast_maps_fsLR/sub-13/res_task-BiologicalMotion1_space-fsLR_dir-ffx/z_score_maps
      Z-map dir exists: True
      Glob pattern for z-maps: /ptmp/hmueller2/2025_ibc_latent/outputs/glm/contrast_maps_fsLR/sub-13/res_task-BiologicalMotion1_space-fsLR_dir-ffx/z_score_maps/*.dscalar.nii
      Found 10 z-maps
    Processing task 'BiologicalMotion2':
      Task dir: /ptmp/hmueller2/2025_ibc_latent/outputs/glm/contrast_maps_fsLR/sub-13/res_task-BiologicalMotion2_space-fsLR_dir-ffx
      Z-map dir: /ptmp/hmueller2/2025_ibc_latent/outputs/glm/contrast_maps_fsLR/sub-13/res_task-BiologicalMotion2_space-fsLR_dir-ffx/z_score_maps
      Z-map dir exists: True
      Glob pattern for z-maps: /ptmp/hmueller2/2025_ibc_latent/outputs/glm/contrast_maps_fsLR/sub-13/res_task-BiologicalMotion2_space-fsLR_dir-ffx/z_score_maps/*.dscalar.nii
      Found 10 z-maps
    Processing task 'BreathHolding':
      Task dir: /ptmp/hmueller2/2025_ibc_latent/outputs/glm/contrast_maps_fsLR/sub-13/res_task-BreathHolding_space-fsLR_dir-ffx
      Z-map dir: /ptmp/hmueller2/2025_ibc_latent/outputs/glm/contrast_maps_fsLR/sub-13/res_task-BreathHolding_space-fsLR_dir-ffx/z_score_maps
      Z-map dir exists: True
      Glob pattern for z-maps: /ptmp/hmueller2/2025_ibc_latent/outputs/glm/contrast_maps_fsLR/sub-13/res_task-BreathHolding_space-fsLR_dir-ffx/z_score_maps/*.dscalar.nii
      Found 4 z-maps
    Processing task 'Catell':
      Task dir: /ptmp/hmueller2/2025_ibc_latent/outputs/glm/contrast_maps_fsLR/sub-13/res_task-Catell_space-fsLR_dir-ffx
      Z-map dir: /ptmp/hmueller2/2025_ibc_latent/outputs/glm/contrast_maps_fsLR/sub-13/res_task-Catell_space-fsLR_dir-ffx/z_score_maps
      Z-map dir exists: True
      Glob pattern for z-maps: /ptmp/hmueller2/2025_ibc_latent/outputs/glm/contrast_maps_fsLR/sub-13/res_task-Catell_space-fsLR_dir-ffx/z_score_maps/*.dscalar.nii
      Found 3 z-maps
    Processing task 'Checkerboard':
      Task dir: /ptmp/hmueller2/2025_ibc_latent/outputs/glm/contrast_maps_fsLR/sub-13/res_task-Checkerboard_space-fsLR_dir-ffx
      Z-map dir: /ptmp/hmueller2/2025_ibc_latent/outputs/glm/contrast_maps_fsLR/sub-13/res_task-Checkerboard_space-fsLR_dir-ffx/z_score_maps
      Z-map dir exists: True
      Glob pattern for z-maps: /ptmp/hmueller2/2025_ibc_latent/outputs/glm/contrast_maps_fsLR/sub-13/res_task-Checkerboard_space-fsLR_dir-ffx/z_score_maps/*.dscalar.nii
      Found 3 z-maps
    Processing task 'ColumbiaCards':
      Task dir: /ptmp/hmueller2/2025_ibc_latent/outputs/glm/contrast_maps_fsLR/sub-13/res_task-ColumbiaCards_space-fsLR_dir-ffx
      Z-map dir: /ptmp/hmueller2/2025_ibc_latent/outputs/glm/contrast_maps_fsLR/sub-13/res_task-ColumbiaCards_space-fsLR_dir-ffx/z_score_maps
      Z-map dir exists: True
      Glob pattern for z-maps: /ptmp/hmueller2/2025_ibc_latent/outputs/glm/contrast_maps_fsLR/sub-13/res_task-ColumbiaCards_space-fsLR_dir-ffx/z_score_maps/*.dscalar.nii
      Found 3 z-maps
    Processing task 'Discount':
      Task dir: /ptmp/hmueller2/2025_ibc_latent/outputs/glm/contrast_maps_fsLR/sub-13/res_task-Discount_space-fsLR_dir-ffx
      Z-map dir: /ptmp/hmueller2/2025_ibc_latent/outputs/glm/contrast_maps_fsLR/sub-13/res_task-Discount_space-fsLR_dir-ffx/z_score_maps
      Z-map dir exists: True
      Glob pattern for z-maps: /ptmp/hmueller2/2025_ibc_latent/outputs/glm/contrast_maps_fsLR/sub-13/res_task-Discount_space-fsLR_dir-ffx/z_score_maps/*.dscalar.nii
      Found 2 z-maps
    Processing task 'DotPatterns':
      Task dir: /ptmp/hmueller2/2025_ibc_latent/outputs/glm/contrast_maps_fsLR/sub-13/res_task-DotPatterns_space-fsLR_dir-ffx
      Z-map dir: /ptmp/hmueller2/2025_ibc_latent/outputs/glm/contrast_maps_fsLR/sub-13/res_task-DotPatterns_space-fsLR_dir-ffx/z_score_maps
      Z-map dir exists: True
      Glob pattern for z-maps: /ptmp/hmueller2/2025_ibc_latent/outputs/glm/contrast_maps_fsLR/sub-13/res_task-DotPatterns_space-fsLR_dir-ffx/z_score_maps/*.dscalar.nii
      Found 11 z-maps
    Processing task 'EmoMem':
      Task dir: /ptmp/hmueller2/2025_ibc_latent/outputs/glm/contrast_maps_fsLR/sub-13/res_task-EmoMem_space-fsLR_dir-ffx
      Z-map dir: /ptmp/hmueller2/2025_ibc_latent/outputs/glm/contrast_maps_fsLR/sub-13/res_task-EmoMem_space-fsLR_dir-ffx/z_score_maps
      Z-map dir exists: True
      Glob pattern for z-maps: /ptmp/hmueller2/2025_ibc_latent/outputs/glm/contrast_maps_fsLR/sub-13/res_task-EmoMem_space-fsLR_dir-ffx/z_score_maps/*.dscalar.nii
      Found 6 z-maps
    Processing task 'EmoReco':
      Task dir: /ptmp/hmueller2/2025_ibc_latent/outputs/glm/contrast_maps_fsLR/sub-13/res_task-EmoReco_space-fsLR_dir-ffx
      Z-map dir: /ptmp/hmueller2/2025_ibc_latent/outputs/glm/contrast_maps_fsLR/sub-13/res_task-EmoReco_space-fsLR_dir-ffx/z_score_maps
      Z-map dir exists: True
      Glob pattern for z-maps: /ptmp/hmueller2/2025_ibc_latent/outputs/glm/contrast_maps_fsLR/sub-13/res_task-EmoReco_space-fsLR_dir-ffx/z_score_maps/*.dscalar.nii
      Found 10 z-maps
    Processing task 'EmotionalPain':
      Task dir: /ptmp/hmueller2/2025_ibc_latent/outputs/glm/contrast_maps_fsLR/sub-13/res_task-EmotionalPain_space-fsLR_dir-ffx
      Z-map dir: /ptmp/hmueller2/2025_ibc_latent/outputs/glm/contrast_maps_fsLR/sub-13/res_task-EmotionalPain_space-fsLR_dir-ffx/z_score_maps
      Z-map dir exists: True
      Glob pattern for z-maps: /ptmp/hmueller2/2025_ibc_latent/outputs/glm/contrast_maps_fsLR/sub-13/res_task-EmotionalPain_space-fsLR_dir-ffx/z_score_maps/*.dscalar.nii
      Found 3 z-maps
    Processing task 'Enumeration':
      Task dir: /ptmp/hmueller2/2025_ibc_latent/outputs/glm/contrast_maps_fsLR/sub-13/res_task-Enumeration_space-fsLR_dir-ffx
      Z-map dir: /ptmp/hmueller2/2025_ibc_latent/outputs/glm/contrast_maps_fsLR/sub-13/res_task-Enumeration_space-fsLR_dir-ffx/z_score_maps
      Z-map dir exists: True
      Glob pattern for z-maps: /ptmp/hmueller2/2025_ibc_latent/outputs/glm/contrast_maps_fsLR/sub-13/res_task-Enumeration_space-fsLR_dir-ffx/z_score_maps/*.dscalar.nii
      Found 3 z-maps
    Processing task 'FingerTap':
      Task dir: /ptmp/hmueller2/2025_ibc_latent/outputs/glm/contrast_maps_fsLR/sub-13/res_task-FingerTap_space-fsLR_dir-ffx
      Z-map dir: /ptmp/hmueller2/2025_ibc_latent/outputs/glm/contrast_maps_fsLR/sub-13/res_task-FingerTap_space-fsLR_dir-ffx/z_score_maps
      Z-map dir exists: True
      Glob pattern for z-maps: /ptmp/hmueller2/2025_ibc_latent/outputs/glm/contrast_maps_fsLR/sub-13/res_task-FingerTap_space-fsLR_dir-ffx/z_score_maps/*.dscalar.nii
      Found 3 z-maps
    Processing task 'HcpEmotion':
      Task dir: /ptmp/hmueller2/2025_ibc_latent/outputs/glm/contrast_maps_fsLR/sub-13/res_task-HcpEmotion_space-fsLR_dir-ffx
      Z-map dir: /ptmp/hmueller2/2025_ibc_latent/outputs/glm/contrast_maps_fsLR/sub-13/res_task-HcpEmotion_space-fsLR_dir-ffx/z_score_maps
      Z-map dir exists: True
      Glob pattern for z-maps: /ptmp/hmueller2/2025_ibc_latent/outputs/glm/contrast_maps_fsLR/sub-13/res_task-HcpEmotion_space-fsLR_dir-ffx/z_score_maps/*.dscalar.nii
      Found 4 z-maps
    Processing task 'HcpGambling':
      Task dir: /ptmp/hmueller2/2025_ibc_latent/outputs/glm/contrast_maps_fsLR/sub-13/res_task-HcpGambling_space-fsLR_dir-ffx
      Z-map dir: /ptmp/hmueller2/2025_ibc_latent/outputs/glm/contrast_maps_fsLR/sub-13/res_task-HcpGambling_space-fsLR_dir-ffx/z_score_maps
      Z-map dir exists: True
      Glob pattern for z-maps: /ptmp/hmueller2/2025_ibc_latent/outputs/glm/contrast_maps_fsLR/sub-13/res_task-HcpGambling_space-fsLR_dir-ffx/z_score_maps/*.dscalar.nii
      Found 4 z-maps
    Processing task 'HcpLanguage':
      Task dir: /ptmp/hmueller2/2025_ibc_latent/outputs/glm/contrast_maps_fsLR/sub-13/res_task-HcpLanguage_space-fsLR_dir-ffx
      Z-map dir: /ptmp/hmueller2/2025_ibc_latent/outputs/glm/contrast_maps_fsLR/sub-13/res_task-HcpLanguage_space-fsLR_dir-ffx/z_score_maps
      Z-map dir exists: True
      Glob pattern for z-maps: /ptmp/hmueller2/2025_ibc_latent/outputs/glm/contrast_maps_fsLR/sub-13/res_task-HcpLanguage_space-fsLR_dir-ffx/z_score_maps/*.dscalar.nii
      Found 4 z-maps
    Processing task 'HcpMotor':
      Task dir: /ptmp/hmueller2/2025_ibc_latent/outputs/glm/contrast_maps_fsLR/sub-13/res_task-HcpMotor_space-fsLR_dir-ffx
      Z-map dir: /ptmp/hmueller2/2025_ibc_latent/outputs/glm/contrast_maps_fsLR/sub-13/res_task-HcpMotor_space-fsLR_dir-ffx/z_score_maps
      Z-map dir exists: True
      Glob pattern for z-maps: /ptmp/hmueller2/2025_ibc_latent/outputs/glm/contrast_maps_fsLR/sub-13/res_task-HcpMotor_space-fsLR_dir-ffx/z_score_maps/*.dscalar.nii
      Found 11 z-maps
    Processing task 'HcpRelational':
      Task dir: /ptmp/hmueller2/2025_ibc_latent/outputs/glm/contrast_maps_fsLR/sub-13/res_task-HcpRelational_space-fsLR_dir-ffx
      Z-map dir: /ptmp/hmueller2/2025_ibc_latent/outputs/glm/contrast_maps_fsLR/sub-13/res_task-HcpRelational_space-fsLR_dir-ffx/z_score_maps
      Z-map dir exists: True
      Glob pattern for z-maps: /ptmp/hmueller2/2025_ibc_latent/outputs/glm/contrast_maps_fsLR/sub-13/res_task-HcpRelational_space-fsLR_dir-ffx/z_score_maps/*.dscalar.nii
      Found 3 z-maps
    Processing task 'HcpSocial':
      Task dir: /ptmp/hmueller2/2025_ibc_latent/outputs/glm/contrast_maps_fsLR/sub-13/res_task-HcpSocial_space-fsLR_dir-ffx
      Z-map dir: /ptmp/hmueller2/2025_ibc_latent/outputs/glm/contrast_maps_fsLR/sub-13/res_task-HcpSocial_space-fsLR_dir-ffx/z_score_maps
      Z-map dir exists: True
      Glob pattern for z-maps: /ptmp/hmueller2/2025_ibc_latent/outputs/glm/contrast_maps_fsLR/sub-13/res_task-HcpSocial_space-fsLR_dir-ffx/z_score_maps/*.dscalar.nii
      Found 3 z-maps
    Processing task 'HcpWm':
      Task dir: /ptmp/hmueller2/2025_ibc_latent/outputs/glm/contrast_maps_fsLR/sub-13/res_task-HcpWm_space-fsLR_dir-ffx
      Z-map dir: /ptmp/hmueller2/2025_ibc_latent/outputs/glm/contrast_maps_fsLR/sub-13/res_task-HcpWm_space-fsLR_dir-ffx/z_score_maps
      Z-map dir exists: True
      Glob pattern for z-maps: /ptmp/hmueller2/2025_ibc_latent/outputs/glm/contrast_maps_fsLR/sub-13/res_task-HcpWm_space-fsLR_dir-ffx/z_score_maps/*.dscalar.nii
      Found 14 z-maps
    Processing task 'ItemRecognition':
      Task dir: /ptmp/hmueller2/2025_ibc_latent/outputs/glm/contrast_maps_fsLR/sub-13/res_task-ItemRecognition_space-fsLR_dir-ffx
      Z-map dir: /ptmp/hmueller2/2025_ibc_latent/outputs/glm/contrast_maps_fsLR/sub-13/res_task-ItemRecognition_space-fsLR_dir-ffx/z_score_maps
      Z-map dir exists: True
      Glob pattern for z-maps: /ptmp/hmueller2/2025_ibc_latent/outputs/glm/contrast_maps_fsLR/sub-13/res_task-ItemRecognition_space-fsLR_dir-ffx/z_score_maps/*.dscalar.nii
      Found 17 z-maps
    Processing task 'Lec1':
      Task dir: /ptmp/hmueller2/2025_ibc_latent/outputs/glm/contrast_maps_fsLR/sub-13/res_task-Lec1_space-fsLR_dir-ffx
      Z-map dir: /ptmp/hmueller2/2025_ibc_latent/outputs/glm/contrast_maps_fsLR/sub-13/res_task-Lec1_space-fsLR_dir-ffx/z_score_maps
      Z-map dir exists: True
      Glob pattern for z-maps: /ptmp/hmueller2/2025_ibc_latent/outputs/glm/contrast_maps_fsLR/sub-13/res_task-Lec1_space-fsLR_dir-ffx/z_score_maps/*.dscalar.nii
      Found 6 z-maps
    Processing task 'Lec2':
      Task dir: /ptmp/hmueller2/2025_ibc_latent/outputs/glm/contrast_maps_fsLR/sub-13/res_task-Lec2_space-fsLR_dir-ffx
      Z-map dir: /ptmp/hmueller2/2025_ibc_latent/outputs/glm/contrast_maps_fsLR/sub-13/res_task-Lec2_space-fsLR_dir-ffx/z_score_maps
      Z-map dir exists: True
      Glob pattern for z-maps: /ptmp/hmueller2/2025_ibc_latent/outputs/glm/contrast_maps_fsLR/sub-13/res_task-Lec2_space-fsLR_dir-ffx/z_score_maps/*.dscalar.nii
      Found 3 z-maps
    Processing task 'MCSE':
      Task dir: /ptmp/hmueller2/2025_ibc_latent/outputs/glm/contrast_maps_fsLR/sub-13/res_task-MCSE_space-fsLR_dir-ffx
      Z-map dir: /ptmp/hmueller2/2025_ibc_latent/outputs/glm/contrast_maps_fsLR/sub-13/res_task-MCSE_space-fsLR_dir-ffx/z_score_maps
      Z-map dir exists: True
      Glob pattern for z-maps: /ptmp/hmueller2/2025_ibc_latent/outputs/glm/contrast_maps_fsLR/sub-13/res_task-MCSE_space-fsLR_dir-ffx/z_score_maps/*.dscalar.nii
      Found 9 z-maps
    Processing task 'MTTNS':
      Task dir: /ptmp/hmueller2/2025_ibc_latent/outputs/glm/contrast_maps_fsLR/sub-13/res_task-MTTNS_space-fsLR_dir-ffx
      Z-map dir: /ptmp/hmueller2/2025_ibc_latent/outputs/glm/contrast_maps_fsLR/sub-13/res_task-MTTNS_space-fsLR_dir-ffx/z_score_maps
      Z-map dir exists: True
      Glob pattern for z-maps: /ptmp/hmueller2/2025_ibc_latent/outputs/glm/contrast_maps_fsLR/sub-13/res_task-MTTNS_space-fsLR_dir-ffx/z_score_maps/*.dscalar.nii
      Found 19 z-maps
    Processing task 'MTTWE':
      Task dir: /ptmp/hmueller2/2025_ibc_latent/outputs/glm/contrast_maps_fsLR/sub-13/res_task-MTTWE_space-fsLR_dir-ffx
      Z-map dir: /ptmp/hmueller2/2025_ibc_latent/outputs/glm/contrast_maps_fsLR/sub-13/res_task-MTTWE_space-fsLR_dir-ffx/z_score_maps
      Z-map dir exists: True
      Glob pattern for z-maps: /ptmp/hmueller2/2025_ibc_latent/outputs/glm/contrast_maps_fsLR/sub-13/res_task-MTTWE_space-fsLR_dir-ffx/z_score_maps/*.dscalar.nii
      Found 19 z-maps
    Processing task 'MVEB':
      Task dir: /ptmp/hmueller2/2025_ibc_latent/outputs/glm/contrast_maps_fsLR/sub-13/res_task-MVEB_space-fsLR_dir-ffx
      Z-map dir: /ptmp/hmueller2/2025_ibc_latent/outputs/glm/contrast_maps_fsLR/sub-13/res_task-MVEB_space-fsLR_dir-ffx/z_score_maps
      Z-map dir exists: True
      Glob pattern for z-maps: /ptmp/hmueller2/2025_ibc_latent/outputs/glm/contrast_maps_fsLR/sub-13/res_task-MVEB_space-fsLR_dir-ffx/z_score_maps/*.dscalar.nii
      Found 11 z-maps
    Processing task 'MVIS':
      Task dir: /ptmp/hmueller2/2025_ibc_latent/outputs/glm/contrast_maps_fsLR/sub-13/res_task-MVIS_space-fsLR_dir-ffx
      Z-map dir: /ptmp/hmueller2/2025_ibc_latent/outputs/glm/contrast_maps_fsLR/sub-13/res_task-MVIS_space-fsLR_dir-ffx/z_score_maps
      Z-map dir exists: True
      Glob pattern for z-maps: /ptmp/hmueller2/2025_ibc_latent/outputs/glm/contrast_maps_fsLR/sub-13/res_task-MVIS_space-fsLR_dir-ffx/z_score_maps/*.dscalar.nii
      Found 12 z-maps
    Processing task 'MathLanguage':
      Task dir: /ptmp/hmueller2/2025_ibc_latent/outputs/glm/contrast_maps_fsLR/sub-13/res_task-MathLanguage_space-fsLR_dir-ffx
      Z-map dir: /ptmp/hmueller2/2025_ibc_latent/outputs/glm/contrast_maps_fsLR/sub-13/res_task-MathLanguage_space-fsLR_dir-ffx/z_score_maps
      Z-map dir exists: True
      Glob pattern for z-maps: /ptmp/hmueller2/2025_ibc_latent/outputs/glm/contrast_maps_fsLR/sub-13/res_task-MathLanguage_space-fsLR_dir-ffx/z_score_maps/*.dscalar.nii
      Found 30 z-maps
    Processing task 'Moto':
      Task dir: /ptmp/hmueller2/2025_ibc_latent/outputs/glm/contrast_maps_fsLR/sub-13/res_task-Moto_space-fsLR_dir-ffx
      Z-map dir: /ptmp/hmueller2/2025_ibc_latent/outputs/glm/contrast_maps_fsLR/sub-13/res_task-Moto_space-fsLR_dir-ffx/z_score_maps
      Z-map dir exists: True
      Glob pattern for z-maps: /ptmp/hmueller2/2025_ibc_latent/outputs/glm/contrast_maps_fsLR/sub-13/res_task-Moto_space-fsLR_dir-ffx/z_score_maps/*.dscalar.nii
      Found 9 z-maps
    Processing task 'PainMovie':
      Task dir: /ptmp/hmueller2/2025_ibc_latent/outputs/glm/contrast_maps_fsLR/sub-13/res_task-PainMovie_space-fsLR_dir-ffx
      Z-map dir: /ptmp/hmueller2/2025_ibc_latent/outputs/glm/contrast_maps_fsLR/sub-13/res_task-PainMovie_space-fsLR_dir-ffx/z_score_maps
      Z-map dir exists: True
      Glob pattern for z-maps: /ptmp/hmueller2/2025_ibc_latent/outputs/glm/contrast_maps_fsLR/sub-13/res_task-PainMovie_space-fsLR_dir-ffx/z_score_maps/*.dscalar.nii
      Found 3 z-maps
    Processing task 'PreferenceFaces':
      Task dir: /ptmp/hmueller2/2025_ibc_latent/outputs/glm/contrast_maps_fsLR/sub-13/res_task-PreferenceFaces_space-fsLR_dir-ffx
      Z-map dir: /ptmp/hmueller2/2025_ibc_latent/outputs/glm/contrast_maps_fsLR/sub-13/res_task-PreferenceFaces_space-fsLR_dir-ffx/z_score_maps
      Z-map dir exists: True
      Glob pattern for z-maps: /ptmp/hmueller2/2025_ibc_latent/outputs/glm/contrast_maps_fsLR/sub-13/res_task-PreferenceFaces_space-fsLR_dir-ffx/z_score_maps/*.dscalar.nii
      Found 3 z-maps
    Processing task 'PreferenceHouses':
      Task dir: /ptmp/hmueller2/2025_ibc_latent/outputs/glm/contrast_maps_fsLR/sub-13/res_task-PreferenceHouses_space-fsLR_dir-ffx
      Z-map dir: /ptmp/hmueller2/2025_ibc_latent/outputs/glm/contrast_maps_fsLR/sub-13/res_task-PreferenceHouses_space-fsLR_dir-ffx/z_score_maps
      Z-map dir exists: True
      Glob pattern for z-maps: /ptmp/hmueller2/2025_ibc_latent/outputs/glm/contrast_maps_fsLR/sub-13/res_task-PreferenceHouses_space-fsLR_dir-ffx/z_score_maps/*.dscalar.nii
      Found 3 z-maps
    Processing task 'PreferencePaintings':
      Task dir: /ptmp/hmueller2/2025_ibc_latent/outputs/glm/contrast_maps_fsLR/sub-13/res_task-PreferencePaintings_space-fsLR_dir-ffx
      Z-map dir: /ptmp/hmueller2/2025_ibc_latent/outputs/glm/contrast_maps_fsLR/sub-13/res_task-PreferencePaintings_space-fsLR_dir-ffx/z_score_maps
      Z-map dir exists: True
      Glob pattern for z-maps: /ptmp/hmueller2/2025_ibc_latent/outputs/glm/contrast_maps_fsLR/sub-13/res_task-PreferencePaintings_space-fsLR_dir-ffx/z_score_maps/*.dscalar.nii
      Found 3 z-maps
    Processing task 'RSVPLanguage':
      Task dir: /ptmp/hmueller2/2025_ibc_latent/outputs/glm/contrast_maps_fsLR/sub-13/res_task-RSVPLanguage_space-fsLR_dir-ffx
      Z-map dir: /ptmp/hmueller2/2025_ibc_latent/outputs/glm/contrast_maps_fsLR/sub-13/res_task-RSVPLanguage_space-fsLR_dir-ffx/z_score_maps
      Z-map dir exists: True
      Glob pattern for z-maps: /ptmp/hmueller2/2025_ibc_latent/outputs/glm/contrast_maps_fsLR/sub-13/res_task-RSVPLanguage_space-fsLR_dir-ffx/z_score_maps/*.dscalar.nii
      Found 19 z-maps
    Processing task 'SelectiveStopSignal':
      Task dir: /ptmp/hmueller2/2025_ibc_latent/outputs/glm/contrast_maps_fsLR/sub-13/res_task-SelectiveStopSignal_space-fsLR_dir-ffx
      Z-map dir: /ptmp/hmueller2/2025_ibc_latent/outputs/glm/contrast_maps_fsLR/sub-13/res_task-SelectiveStopSignal_space-fsLR_dir-ffx/z_score_maps
      Z-map dir exists: True
      Glob pattern for z-maps: /ptmp/hmueller2/2025_ibc_latent/outputs/glm/contrast_maps_fsLR/sub-13/res_task-SelectiveStopSignal_space-fsLR_dir-ffx/z_score_maps/*.dscalar.nii
      Found 8 z-maps
    Processing task 'Self':
      Task dir: /ptmp/hmueller2/2025_ibc_latent/outputs/glm/contrast_maps_fsLR/sub-13/res_task-Self_space-fsLR_dir-ffx
      Z-map dir: /ptmp/hmueller2/2025_ibc_latent/outputs/glm/contrast_maps_fsLR/sub-13/res_task-Self_space-fsLR_dir-ffx/z_score_maps
      Z-map dir exists: True
      Glob pattern for z-maps: /ptmp/hmueller2/2025_ibc_latent/outputs/glm/contrast_maps_fsLR/sub-13/res_task-Self_space-fsLR_dir-ffx/z_score_maps/*.dscalar.nii
      Found 11 z-maps
    Processing task 'SpatialNavigation':
      Task dir: /ptmp/hmueller2/2025_ibc_latent/outputs/glm/contrast_maps_fsLR/sub-13/res_task-SpatialNavigation_space-fsLR_dir-ffx
      Z-map dir: /ptmp/hmueller2/2025_ibc_latent/outputs/glm/contrast_maps_fsLR/sub-13/res_task-SpatialNavigation_space-fsLR_dir-ffx/z_score_maps
      Z-map dir exists: True
      Glob pattern for z-maps: /ptmp/hmueller2/2025_ibc_latent/outputs/glm/contrast_maps_fsLR/sub-13/res_task-SpatialNavigation_space-fsLR_dir-ffx/z_score_maps/*.dscalar.nii
      Found 9 z-maps
    Processing task 'StopNogo':
      Task dir: /ptmp/hmueller2/2025_ibc_latent/outputs/glm/contrast_maps_fsLR/sub-13/res_task-StopNogo_space-fsLR_dir-ffx
      Z-map dir: /ptmp/hmueller2/2025_ibc_latent/outputs/glm/contrast_maps_fsLR/sub-13/res_task-StopNogo_space-fsLR_dir-ffx/z_score_maps
      Z-map dir exists: True
      Glob pattern for z-maps: /ptmp/hmueller2/2025_ibc_latent/outputs/glm/contrast_maps_fsLR/sub-13/res_task-StopNogo_space-fsLR_dir-ffx/z_score_maps/*.dscalar.nii
      Found 7 z-maps
    Processing task 'StopSignal':
      Task dir: /ptmp/hmueller2/2025_ibc_latent/outputs/glm/contrast_maps_fsLR/sub-13/res_task-StopSignal_space-fsLR_dir-ffx
      Z-map dir: /ptmp/hmueller2/2025_ibc_latent/outputs/glm/contrast_maps_fsLR/sub-13/res_task-StopSignal_space-fsLR_dir-ffx/z_score_maps
      Z-map dir exists: True
      Glob pattern for z-maps: /ptmp/hmueller2/2025_ibc_latent/outputs/glm/contrast_maps_fsLR/sub-13/res_task-StopSignal_space-fsLR_dir-ffx/z_score_maps/*.dscalar.nii
      Found 3 z-maps
    Processing task 'Stroop':
      Task dir: /ptmp/hmueller2/2025_ibc_latent/outputs/glm/contrast_maps_fsLR/sub-13/res_task-Stroop_space-fsLR_dir-ffx
      Z-map dir: /ptmp/hmueller2/2025_ibc_latent/outputs/glm/contrast_maps_fsLR/sub-13/res_task-Stroop_space-fsLR_dir-ffx/z_score_maps
      Z-map dir exists: True
      Glob pattern for z-maps: /ptmp/hmueller2/2025_ibc_latent/outputs/glm/contrast_maps_fsLR/sub-13/res_task-Stroop_space-fsLR_dir-ffx/z_score_maps/*.dscalar.nii
      Found 3 z-maps
    Processing task 'TheoryOfMind':
      Task dir: /ptmp/hmueller2/2025_ibc_latent/outputs/glm/contrast_maps_fsLR/sub-13/res_task-TheoryOfMind_space-fsLR_dir-ffx
      Z-map dir: /ptmp/hmueller2/2025_ibc_latent/outputs/glm/contrast_maps_fsLR/sub-13/res_task-TheoryOfMind_space-fsLR_dir-ffx/z_score_maps
      Z-map dir exists: True
      Glob pattern for z-maps: /ptmp/hmueller2/2025_ibc_latent/outputs/glm/contrast_maps_fsLR/sub-13/res_task-TheoryOfMind_space-fsLR_dir-ffx/z_score_maps/*.dscalar.nii
      Found 3 z-maps
    Processing task 'TwoByTwo':
      Task dir: /ptmp/hmueller2/2025_ibc_latent/outputs/glm/contrast_maps_fsLR/sub-13/res_task-TwoByTwo_space-fsLR_dir-ffx
      Z-map dir: /ptmp/hmueller2/2025_ibc_latent/outputs/glm/contrast_maps_fsLR/sub-13/res_task-TwoByTwo_space-fsLR_dir-ffx/z_score_maps
      Z-map dir exists: True
      Glob pattern for z-maps: /ptmp/hmueller2/2025_ibc_latent/outputs/glm/contrast_maps_fsLR/sub-13/res_task-TwoByTwo_space-fsLR_dir-ffx/z_score_maps/*.dscalar.nii
      Found 10 z-maps
    Processing task 'VSTMC':
      Task dir: /ptmp/hmueller2/2025_ibc_latent/outputs/glm/contrast_maps_fsLR/sub-13/res_task-VSTMC_space-fsLR_dir-ffx
      Z-map dir: /ptmp/hmueller2/2025_ibc_latent/outputs/glm/contrast_maps_fsLR/sub-13/res_task-VSTMC_space-fsLR_dir-ffx/z_score_maps
      Z-map dir exists: True
      Glob pattern for z-maps: /ptmp/hmueller2/2025_ibc_latent/outputs/glm/contrast_maps_fsLR/sub-13/res_task-VSTMC_space-fsLR_dir-ffx/z_score_maps/*.dscalar.nii
      Found 10 z-maps
    Processing task 'VSTM':
      Task dir: /ptmp/hmueller2/2025_ibc_latent/outputs/glm/contrast_maps_fsLR/sub-13/res_task-VSTM_space-fsLR_dir-ffx
      Z-map dir: /ptmp/hmueller2/2025_ibc_latent/outputs/glm/contrast_maps_fsLR/sub-13/res_task-VSTM_space-fsLR_dir-ffx/z_score_maps
      Z-map dir exists: True
      Glob pattern for z-maps: /ptmp/hmueller2/2025_ibc_latent/outputs/glm/contrast_maps_fsLR/sub-13/res_task-VSTM_space-fsLR_dir-ffx/z_score_maps/*.dscalar.nii
      Found 3 z-maps
    Processing task 'Visu':
      Task dir: /ptmp/hmueller2/2025_ibc_latent/outputs/glm/contrast_maps_fsLR/sub-13/res_task-Visu_space-fsLR_dir-ffx
      Z-map dir: /ptmp/hmueller2/2025_ibc_latent/outputs/glm/contrast_maps_fsLR/sub-13/res_task-Visu_space-fsLR_dir-ffx/z_score_maps
      Z-map dir exists: True
      Glob pattern for z-maps: /ptmp/hmueller2/2025_ibc_latent/outputs/glm/contrast_maps_fsLR/sub-13/res_task-Visu_space-fsLR_dir-ffx/z_score_maps/*.dscalar.nii
      Found 16 z-maps
    Processing task 'WardAndAllport':
      Task dir: /ptmp/hmueller2/2025_ibc_latent/outputs/glm/contrast_maps_fsLR/sub-13/res_task-WardAndAllport_space-fsLR_dir-ffx
      Z-map dir: /ptmp/hmueller2/2025_ibc_latent/outputs/glm/contrast_maps_fsLR/sub-13/res_task-WardAndAllport_space-fsLR_dir-ffx/z_score_maps
      Z-map dir exists: True
      Glob pattern for z-maps: /ptmp/hmueller2/2025_ibc_latent/outputs/glm/contrast_maps_fsLR/sub-13/res_task-WardAndAllport_space-fsLR_dir-ffx/z_score_maps/*.dscalar.nii
      Found 10 z-maps
    Processing task 'WedgeAnti':
      Task dir: /ptmp/hmueller2/2025_ibc_latent/outputs/glm/contrast_maps_fsLR/sub-13/res_task-WedgeAnti_space-fsLR_dir-ffx
      Z-map dir: /ptmp/hmueller2/2025_ibc_latent/outputs/glm/contrast_maps_fsLR/sub-13/res_task-WedgeAnti_space-fsLR_dir-ffx/z_score_maps
      Z-map dir exists: True
      Glob pattern for z-maps: /ptmp/hmueller2/2025_ibc_latent/outputs/glm/contrast_maps_fsLR/sub-13/res_task-WedgeAnti_space-fsLR_dir-ffx/z_score_maps/*.dscalar.nii
      Found 8 z-maps
    Processing task 'WedgeClock':
      Task dir: /ptmp/hmueller2/2025_ibc_latent/outputs/glm/contrast_maps_fsLR/sub-13/res_task-WedgeClock_space-fsLR_dir-ffx
      Z-map dir: /ptmp/hmueller2/2025_ibc_latent/outputs/glm/contrast_maps_fsLR/sub-13/res_task-WedgeClock_space-fsLR_dir-ffx/z_score_maps
      Z-map dir exists: True
      Glob pattern for z-maps: /ptmp/hmueller2/2025_ibc_latent/outputs/glm/contrast_maps_fsLR/sub-13/res_task-WedgeClock_space-fsLR_dir-ffx/z_score_maps/*.dscalar.nii
      Found 8 z-maps
  ! Workbench smoothing failed for HcpWm/2back-0back, using unsmoothed map: Missing required file(s) for Workbench smoothing: ['/home/hmueller2/workbench/bin_linux64/wb_command']
  ✓ Loaded: HcpWm/2back-0back
  ! Workbench smoothing failed for ItemRecognition/encode5-encode1, using unsmoothed map: Missing required file(s) for Workbench smoothing: ['/home/hmueller2/workbench/bin_linux64/wb_command']
  ✓ Loaded: ItemRecognition/encode5-encode1
  - Not available: MDTB/2back_hard-easy
  - Not available: MDTB/search_hard-easy
  - Not available: MDTB/semantic_hard-easy
  - Not available: MDTB/finger_complex-simple
  - Not available: GoodBadUgly/dot_hard-easy
  ! Workbench smoothing failed for Stroop/incongruent-congruent, using unsmoothed map: Missing required file(s) for Workbench smoothing: ['/home/hmueller2/workbench/bin_linux64/wb_command']
  ✓ Loaded: Stroop/incongruent-congruent
  ! Workbench smoothing failed for Catell/hard-easy, using unsmoothed map: Missing required file(s) for Workbench smoothing: ['/home/hmueller2/workbench/bin_linux64/wb_command']
  ✓ Loaded: Catell/hard-easy

Applied Workbench CIFTI smoothing to input contrasts (FWHM=4.0mm)

Combined 4 MD contrasts
Mean z-score: -0.002 ± 0.563
Max z-score: 2.411

✓ Saved mean MD map: /ptmp/hmueller2/2025_ibc_latent/outputs/md_system/vertex_wise/sub-13/sub-13_MD_mean.dscalar.nii
✓ Saved std MD map: /ptmp/hmueller2/2025_ibc_latent/outputs/md_system/vertex_wise/sub-13/sub-13_MD_std.dscalar.nii
✓ Saved contrast info: /ptmp/hmueller2/2025_ibc_latent/outputs/md_system/vertex_wise/sub-13/sub-13_MD_contrasts.txt

============================================================
Processing subject 14
============================================================
  Looking for contrasts in: /ptmp/hmueller2/2025_ibc_latent/outputs/glm/contrast_maps_fsLR/sub-14
  Subject directory contents (90 items): ['res_task-ArchiEmotional_space-fsLR_dir-ffx', 'res_task-ArchiSocial_space-fsLR_dir-ffx', 'res_task-ArchiSpatial_space-fsLR_dir-ffx', 'res_task-ArchiStandard_space-fsLR_dir-ffx', 'res_task-Attention_space-fsLR_dir-ffx', 'res_task-Audi_space-fsLR_dir-ffx', 'res_task-BiologicalMotion1_space-fsLR_dir-ffx', 'res_task-BiologicalMotion2_space-fsLR_dir-ffx', 'res_task-BreathHolding_space-fsLR_dir-ffx', 'res_task-Catell_space-fsLR_dir-ffx', 'res_task-Checkerboard_space-fsLR_dir-ffx', 'res_task-Color_space-fsLR_dir-ffx', 'res_task-ColumbiaCards_space-fsLR_dir-ffx', 'res_task-Discount_space-fsLR_dir-ffx', 'res_task-DotPatterns_space-fsLR_dir-ffx', 'res_task-EmoMem_space-fsLR_dir-ffx', 'res_task-EmoReco_space-fsLR_dir-ffx', 'res_task-EmotionalPain_space-fsLR_dir-ffx', 'res_task-Enumeration_space-fsLR_dir-ffx', 'res_task-FaceBody_space-fsLR_dir-ffx', 'res_task-FingerTap_space-fsLR_dir-ffx', 'res_task-HcpEmotion_space-fsLR_dir-ffx', 'res_task-HcpGambling_space-fsLR_dir-ffx', 'res_task-HcpLanguage_space-fsLR_dir-ffx', 'res_task-HcpMotor_space-fsLR_dir-ffx', 'res_task-HcpRelational_space-fsLR_dir-ffx', 'res_task-HcpSocial_space-fsLR_dir-ffx', 'res_task-HcpWm_space-fsLR_dir-ffx', 'res_task-ItemRecognition_space-fsLR_dir-ffx', 'res_task-Lec1_space-fsLR_dir-ffx', 'res_task-Lec2_space-fsLR_dir-ffx', 'res_task-MCSE_space-fsLR_dir-ffx', 'res_task-MTTNS_space-fsLR_dir-ffx', 'res_task-MTTWE_space-fsLR_dir-ffx', 'res_task-MVEB_space-fsLR_dir-ffx', 'res_task-MVIS_space-fsLR_dir-ffx', 'res_task-MathLanguage_space-fsLR_dir-ffx', 'res_task-Motion_space-fsLR_dir-ffx', 'res_task-Moto_space-fsLR_dir-ffx', 'res_task-NARPS_space-fsLR_dir-ffx', 'res_task-PainMovie_space-fsLR_dir-ffx', 'res_task-PreferenceFaces_space-fsLR_dir-ffx', 'res_task-PreferenceFood_space-fsLR_dir-ffx', 'res_task-PreferenceHouses_space-fsLR_dir-ffx', 'res_task-PreferencePaintings_space-fsLR_dir-ffx', 'res_task-RSVPLanguage_space-fsLR_dir-ffx', 'res_task-RewProc_space-fsLR_dir-ffx', 'res_task-Scene_space-fsLR_dir-ffx', 'res_task-SelectiveStopSignal_space-fsLR_dir-ffx', 'res_task-Self_space-fsLR_dir-ffx', 'res_task-SpatialNavigation_space-fsLR_dir-ffx', 'res_task-StopNogo_space-fsLR_dir-ffx', 'res_task-StopSignal_space-fsLR_dir-ffx', 'res_task-Stroop_space-fsLR_dir-ffx', 'res_task-TheoryOfMind_space-fsLR_dir-ffx', 'res_task-TwoByTwo_space-fsLR_dir-ffx', 'res_task-VSTMC_space-fsLR_dir-ffx', 'res_task-VSTM_space-fsLR_dir-ffx', 'res_task-Visu_space-fsLR_dir-ffx', 'res_task-VisualSearch_space-fsLR_dir-ffx', 'res_task-WardAndAllport_space-fsLR_dir-ffx', 'res_task-WedgeAnti_space-fsLR_dir-ffx', 'res_task-WedgeClock_space-fsLR_dir-ffx', 'ses-00', 'ses-01', 'ses-02', 'ses-03', 'ses-04', 'ses-10', 'ses-11', 'ses-12', 'ses-13', 'ses-16', 'ses-17', 'ses-18', 'ses-19', 'ses-21', 'ses-24', 'ses-25', 'ses-26', 'ses-29', 'ses-30', 'ses-34', 'ses-35', 'ses-36', 'ses-37', 'ses-38', 'ses-39', 'ses-40', 'ses-42']
  Glob pattern: /ptmp/hmueller2/2025_ibc_latent/outputs/glm/contrast_maps_fsLR/sub-14/res_task-*_space-fsLR_dir-ffx
  Found 63 task directories: ['/ptmp/hmueller2/2025_ibc_latent/outputs/glm/contrast_maps_fsLR/sub-14/res_task-ArchiEmotional_space-fsLR_dir-ffx', '/ptmp/hmueller2/2025_ibc_latent/outputs/glm/contrast_maps_fsLR/sub-14/res_task-ArchiSocial_space-fsLR_dir-ffx', '/ptmp/hmueller2/2025_ibc_latent/outputs/glm/contrast_maps_fsLR/sub-14/res_task-ArchiSpatial_space-fsLR_dir-ffx', '/ptmp/hmueller2/2025_ibc_latent/outputs/glm/contrast_maps_fsLR/sub-14/res_task-ArchiStandard_space-fsLR_dir-ffx', '/ptmp/hmueller2/2025_ibc_latent/outputs/glm/contrast_maps_fsLR/sub-14/res_task-Attention_space-fsLR_dir-ffx', '/ptmp/hmueller2/2025_ibc_latent/outputs/glm/contrast_maps_fsLR/sub-14/res_task-Audi_space-fsLR_dir-ffx', '/ptmp/hmueller2/2025_ibc_latent/outputs/glm/contrast_maps_fsLR/sub-14/res_task-BiologicalMotion1_space-fsLR_dir-ffx', '/ptmp/hmueller2/2025_ibc_latent/outputs/glm/contrast_maps_fsLR/sub-14/res_task-BiologicalMotion2_space-fsLR_dir-ffx', '/ptmp/hmueller2/2025_ibc_latent/outputs/glm/contrast_maps_fsLR/sub-14/res_task-BreathHolding_space-fsLR_dir-ffx', '/ptmp/hmueller2/2025_ibc_latent/outputs/glm/contrast_maps_fsLR/sub-14/res_task-Catell_space-fsLR_dir-ffx', '/ptmp/hmueller2/2025_ibc_latent/outputs/glm/contrast_maps_fsLR/sub-14/res_task-Checkerboard_space-fsLR_dir-ffx', '/ptmp/hmueller2/2025_ibc_latent/outputs/glm/contrast_maps_fsLR/sub-14/res_task-Color_space-fsLR_dir-ffx', '/ptmp/hmueller2/2025_ibc_latent/outputs/glm/contrast_maps_fsLR/sub-14/res_task-ColumbiaCards_space-fsLR_dir-ffx', '/ptmp/hmueller2/2025_ibc_latent/outputs/glm/contrast_maps_fsLR/sub-14/res_task-Discount_space-fsLR_dir-ffx', '/ptmp/hmueller2/2025_ibc_latent/outputs/glm/contrast_maps_fsLR/sub-14/res_task-DotPatterns_space-fsLR_dir-ffx', '/ptmp/hmueller2/2025_ibc_latent/outputs/glm/contrast_maps_fsLR/sub-14/res_task-EmoMem_space-fsLR_dir-ffx', '/ptmp/hmueller2/2025_ibc_latent/outputs/glm/contrast_maps_fsLR/sub-14/res_task-EmoReco_space-fsLR_dir-ffx', '/ptmp/hmueller2/2025_ibc_latent/outputs/glm/contrast_maps_fsLR/sub-14/res_task-EmotionalPain_space-fsLR_dir-ffx', '/ptmp/hmueller2/2025_ibc_latent/outputs/glm/contrast_maps_fsLR/sub-14/res_task-Enumeration_space-fsLR_dir-ffx', '/ptmp/hmueller2/2025_ibc_latent/outputs/glm/contrast_maps_fsLR/sub-14/res_task-FaceBody_space-fsLR_dir-ffx', '/ptmp/hmueller2/2025_ibc_latent/outputs/glm/contrast_maps_fsLR/sub-14/res_task-FingerTap_space-fsLR_dir-ffx', '/ptmp/hmueller2/2025_ibc_latent/outputs/glm/contrast_maps_fsLR/sub-14/res_task-HcpEmotion_space-fsLR_dir-ffx', '/ptmp/hmueller2/2025_ibc_latent/outputs/glm/contrast_maps_fsLR/sub-14/res_task-HcpGambling_space-fsLR_dir-ffx', '/ptmp/hmueller2/2025_ibc_latent/outputs/glm/contrast_maps_fsLR/sub-14/res_task-HcpLanguage_space-fsLR_dir-ffx', '/ptmp/hmueller2/2025_ibc_latent/outputs/glm/contrast_maps_fsLR/sub-14/res_task-HcpMotor_space-fsLR_dir-ffx', '/ptmp/hmueller2/2025_ibc_latent/outputs/glm/contrast_maps_fsLR/sub-14/res_task-HcpRelational_space-fsLR_dir-ffx', '/ptmp/hmueller2/2025_ibc_latent/outputs/glm/contrast_maps_fsLR/sub-14/res_task-HcpSocial_space-fsLR_dir-ffx', '/ptmp/hmueller2/2025_ibc_latent/outputs/glm/contrast_maps_fsLR/sub-14/res_task-HcpWm_space-fsLR_dir-ffx', '/ptmp/hmueller2/2025_ibc_latent/outputs/glm/contrast_maps_fsLR/sub-14/res_task-ItemRecognition_space-fsLR_dir-ffx', '/ptmp/hmueller2/2025_ibc_latent/outputs/glm/contrast_maps_fsLR/sub-14/res_task-Lec1_space-fsLR_dir-ffx', '/ptmp/hmueller2/2025_ibc_latent/outputs/glm/contrast_maps_fsLR/sub-14/res_task-Lec2_space-fsLR_dir-ffx', '/ptmp/hmueller2/2025_ibc_latent/outputs/glm/contrast_maps_fsLR/sub-14/res_task-MCSE_space-fsLR_dir-ffx', '/ptmp/hmueller2/2025_ibc_latent/outputs/glm/contrast_maps_fsLR/sub-14/res_task-MTTNS_space-fsLR_dir-ffx', '/ptmp/hmueller2/2025_ibc_latent/outputs/glm/contrast_maps_fsLR/sub-14/res_task-MTTWE_space-fsLR_dir-ffx', '/ptmp/hmueller2/2025_ibc_latent/outputs/glm/contrast_maps_fsLR/sub-14/res_task-MVEB_space-fsLR_dir-ffx', '/ptmp/hmueller2/2025_ibc_latent/outputs/glm/contrast_maps_fsLR/sub-14/res_task-MVIS_space-fsLR_dir-ffx', '/ptmp/hmueller2/2025_ibc_latent/outputs/glm/contrast_maps_fsLR/sub-14/res_task-MathLanguage_space-fsLR_dir-ffx', '/ptmp/hmueller2/2025_ibc_latent/outputs/glm/contrast_maps_fsLR/sub-14/res_task-Motion_space-fsLR_dir-ffx', '/ptmp/hmueller2/2025_ibc_latent/outputs/glm/contrast_maps_fsLR/sub-14/res_task-Moto_space-fsLR_dir-ffx', '/ptmp/hmueller2/2025_ibc_latent/outputs/glm/contrast_maps_fsLR/sub-14/res_task-NARPS_space-fsLR_dir-ffx', '/ptmp/hmueller2/2025_ibc_latent/outputs/glm/contrast_maps_fsLR/sub-14/res_task-PainMovie_space-fsLR_dir-ffx', '/ptmp/hmueller2/2025_ibc_latent/outputs/glm/contrast_maps_fsLR/sub-14/res_task-PreferenceFaces_space-fsLR_dir-ffx', '/ptmp/hmueller2/2025_ibc_latent/outputs/glm/contrast_maps_fsLR/sub-14/res_task-PreferenceFood_space-fsLR_dir-ffx', '/ptmp/hmueller2/2025_ibc_latent/outputs/glm/contrast_maps_fsLR/sub-14/res_task-PreferenceHouses_space-fsLR_dir-ffx', '/ptmp/hmueller2/2025_ibc_latent/outputs/glm/contrast_maps_fsLR/sub-14/res_task-PreferencePaintings_space-fsLR_dir-ffx', '/ptmp/hmueller2/2025_ibc_latent/outputs/glm/contrast_maps_fsLR/sub-14/res_task-RSVPLanguage_space-fsLR_dir-ffx', '/ptmp/hmueller2/2025_ibc_latent/outputs/glm/contrast_maps_fsLR/sub-14/res_task-RewProc_space-fsLR_dir-ffx', '/ptmp/hmueller2/2025_ibc_latent/outputs/glm/contrast_maps_fsLR/sub-14/res_task-Scene_space-fsLR_dir-ffx', '/ptmp/hmueller2/2025_ibc_latent/outputs/glm/contrast_maps_fsLR/sub-14/res_task-SelectiveStopSignal_space-fsLR_dir-ffx', '/ptmp/hmueller2/2025_ibc_latent/outputs/glm/contrast_maps_fsLR/sub-14/res_task-Self_space-fsLR_dir-ffx', '/ptmp/hmueller2/2025_ibc_latent/outputs/glm/contrast_maps_fsLR/sub-14/res_task-SpatialNavigation_space-fsLR_dir-ffx', '/ptmp/hmueller2/2025_ibc_latent/outputs/glm/contrast_maps_fsLR/sub-14/res_task-StopNogo_space-fsLR_dir-ffx', '/ptmp/hmueller2/2025_ibc_latent/outputs/glm/contrast_maps_fsLR/sub-14/res_task-StopSignal_space-fsLR_dir-ffx', '/ptmp/hmueller2/2025_ibc_latent/outputs/glm/contrast_maps_fsLR/sub-14/res_task-Stroop_space-fsLR_dir-ffx', '/ptmp/hmueller2/2025_ibc_latent/outputs/glm/contrast_maps_fsLR/sub-14/res_task-TheoryOfMind_space-fsLR_dir-ffx', '/ptmp/hmueller2/2025_ibc_latent/outputs/glm/contrast_maps_fsLR/sub-14/res_task-TwoByTwo_space-fsLR_dir-ffx', '/ptmp/hmueller2/2025_ibc_latent/outputs/glm/contrast_maps_fsLR/sub-14/res_task-VSTMC_space-fsLR_dir-ffx', '/ptmp/hmueller2/2025_ibc_latent/outputs/glm/contrast_maps_fsLR/sub-14/res_task-VSTM_space-fsLR_dir-ffx', '/ptmp/hmueller2/2025_ibc_latent/outputs/glm/contrast_maps_fsLR/sub-14/res_task-Visu_space-fsLR_dir-ffx', '/ptmp/hmueller2/2025_ibc_latent/outputs/glm/contrast_maps_fsLR/sub-14/res_task-VisualSearch_space-fsLR_dir-ffx', '/ptmp/hmueller2/2025_ibc_latent/outputs/glm/contrast_maps_fsLR/sub-14/res_task-WardAndAllport_space-fsLR_dir-ffx', '/ptmp/hmueller2/2025_ibc_latent/outputs/glm/contrast_maps_fsLR/sub-14/res_task-WedgeAnti_space-fsLR_dir-ffx', '/ptmp/hmueller2/2025_ibc_latent/outputs/glm/contrast_maps_fsLR/sub-14/res_task-WedgeClock_space-fsLR_dir-ffx']
    Processing task 'ArchiEmotional':
      Task dir: /ptmp/hmueller2/2025_ibc_latent/outputs/glm/contrast_maps_fsLR/sub-14/res_task-ArchiEmotional_space-fsLR_dir-ffx
      Z-map dir: /ptmp/hmueller2/2025_ibc_latent/outputs/glm/contrast_maps_fsLR/sub-14/res_task-ArchiEmotional_space-fsLR_dir-ffx/z_score_maps
      Z-map dir exists: True
      Glob pattern for z-maps: /ptmp/hmueller2/2025_ibc_latent/outputs/glm/contrast_maps_fsLR/sub-14/res_task-ArchiEmotional_space-fsLR_dir-ffx/z_score_maps/*.dscalar.nii
      Found 14 z-maps
    Processing task 'ArchiSocial':
      Task dir: /ptmp/hmueller2/2025_ibc_latent/outputs/glm/contrast_maps_fsLR/sub-14/res_task-ArchiSocial_space-fsLR_dir-ffx
      Z-map dir: /ptmp/hmueller2/2025_ibc_latent/outputs/glm/contrast_maps_fsLR/sub-14/res_task-ArchiSocial_space-fsLR_dir-ffx/z_score_maps
      Z-map dir exists: True
      Glob pattern for z-maps: /ptmp/hmueller2/2025_ibc_latent/outputs/glm/contrast_maps_fsLR/sub-14/res_task-ArchiSocial_space-fsLR_dir-ffx/z_score_maps/*.dscalar.nii
      Found 13 z-maps
    Processing task 'ArchiSpatial':
      Task dir: /ptmp/hmueller2/2025_ibc_latent/outputs/glm/contrast_maps_fsLR/sub-14/res_task-ArchiSpatial_space-fsLR_dir-ffx
      Z-map dir: /ptmp/hmueller2/2025_ibc_latent/outputs/glm/contrast_maps_fsLR/sub-14/res_task-ArchiSpatial_space-fsLR_dir-ffx/z_score_maps
      Z-map dir exists: True
      Glob pattern for z-maps: /ptmp/hmueller2/2025_ibc_latent/outputs/glm/contrast_maps_fsLR/sub-14/res_task-ArchiSpatial_space-fsLR_dir-ffx/z_score_maps/*.dscalar.nii
      Found 7 z-maps
    Processing task 'ArchiStandard':
      Task dir: /ptmp/hmueller2/2025_ibc_latent/outputs/glm/contrast_maps_fsLR/sub-14/res_task-ArchiStandard_space-fsLR_dir-ffx
      Z-map dir: /ptmp/hmueller2/2025_ibc_latent/outputs/glm/contrast_maps_fsLR/sub-14/res_task-ArchiStandard_space-fsLR_dir-ffx/z_score_maps
      Z-map dir exists: True
      Glob pattern for z-maps: /ptmp/hmueller2/2025_ibc_latent/outputs/glm/contrast_maps_fsLR/sub-14/res_task-ArchiStandard_space-fsLR_dir-ffx/z_score_maps/*.dscalar.nii
      Found 23 z-maps
    Processing task 'Attention':
      Task dir: /ptmp/hmueller2/2025_ibc_latent/outputs/glm/contrast_maps_fsLR/sub-14/res_task-Attention_space-fsLR_dir-ffx
      Z-map dir: /ptmp/hmueller2/2025_ibc_latent/outputs/glm/contrast_maps_fsLR/sub-14/res_task-Attention_space-fsLR_dir-ffx/z_score_maps
      Z-map dir exists: True
      Glob pattern for z-maps: /ptmp/hmueller2/2025_ibc_latent/outputs/glm/contrast_maps_fsLR/sub-14/res_task-Attention_space-fsLR_dir-ffx/z_score_maps/*.dscalar.nii
      Found 10 z-maps
    Processing task 'Audi':
      Task dir: /ptmp/hmueller2/2025_ibc_latent/outputs/glm/contrast_maps_fsLR/sub-14/res_task-Audi_space-fsLR_dir-ffx
      Z-map dir: /ptmp/hmueller2/2025_ibc_latent/outputs/glm/contrast_maps_fsLR/sub-14/res_task-Audi_space-fsLR_dir-ffx/z_score_maps
      Z-map dir exists: True
      Glob pattern for z-maps: /ptmp/hmueller2/2025_ibc_latent/outputs/glm/contrast_maps_fsLR/sub-14/res_task-Audi_space-fsLR_dir-ffx/z_score_maps/*.dscalar.nii
      Found 25 z-maps
    Processing task 'BiologicalMotion1':
      Task dir: /ptmp/hmueller2/2025_ibc_latent/outputs/glm/contrast_maps_fsLR/sub-14/res_task-BiologicalMotion1_space-fsLR_dir-ffx
      Z-map dir: /ptmp/hmueller2/2025_ibc_latent/outputs/glm/contrast_maps_fsLR/sub-14/res_task-BiologicalMotion1_space-fsLR_dir-ffx/z_score_maps
      Z-map dir exists: True
      Glob pattern for z-maps: /ptmp/hmueller2/2025_ibc_latent/outputs/glm/contrast_maps_fsLR/sub-14/res_task-BiologicalMotion1_space-fsLR_dir-ffx/z_score_maps/*.dscalar.nii
      Found 10 z-maps
    Processing task 'BiologicalMotion2':
      Task dir: /ptmp/hmueller2/2025_ibc_latent/outputs/glm/contrast_maps_fsLR/sub-14/res_task-BiologicalMotion2_space-fsLR_dir-ffx
      Z-map dir: /ptmp/hmueller2/2025_ibc_latent/outputs/glm/contrast_maps_fsLR/sub-14/res_task-BiologicalMotion2_space-fsLR_dir-ffx/z_score_maps
      Z-map dir exists: True
      Glob pattern for z-maps: /ptmp/hmueller2/2025_ibc_latent/outputs/glm/contrast_maps_fsLR/sub-14/res_task-BiologicalMotion2_space-fsLR_dir-ffx/z_score_maps/*.dscalar.nii
      Found 10 z-maps
    Processing task 'BreathHolding':
      Task dir: /ptmp/hmueller2/2025_ibc_latent/outputs/glm/contrast_maps_fsLR/sub-14/res_task-BreathHolding_space-fsLR_dir-ffx
      Z-map dir: /ptmp/hmueller2/2025_ibc_latent/outputs/glm/contrast_maps_fsLR/sub-14/res_task-BreathHolding_space-fsLR_dir-ffx/z_score_maps
      Z-map dir exists: True
      Glob pattern for z-maps: /ptmp/hmueller2/2025_ibc_latent/outputs/glm/contrast_maps_fsLR/sub-14/res_task-BreathHolding_space-fsLR_dir-ffx/z_score_maps/*.dscalar.nii
      Found 4 z-maps
    Processing task 'Catell':
      Task dir: /ptmp/hmueller2/2025_ibc_latent/outputs/glm/contrast_maps_fsLR/sub-14/res_task-Catell_space-fsLR_dir-ffx
      Z-map dir: /ptmp/hmueller2/2025_ibc_latent/outputs/glm/contrast_maps_fsLR/sub-14/res_task-Catell_space-fsLR_dir-ffx/z_score_maps
      Z-map dir exists: True
      Glob pattern for z-maps: /ptmp/hmueller2/2025_ibc_latent/outputs/glm/contrast_maps_fsLR/sub-14/res_task-Catell_space-fsLR_dir-ffx/z_score_maps/*.dscalar.nii
      Found 3 z-maps
    Processing task 'Checkerboard':
      Task dir: /ptmp/hmueller2/2025_ibc_latent/outputs/glm/contrast_maps_fsLR/sub-14/res_task-Checkerboard_space-fsLR_dir-ffx
      Z-map dir: /ptmp/hmueller2/2025_ibc_latent/outputs/glm/contrast_maps_fsLR/sub-14/res_task-Checkerboard_space-fsLR_dir-ffx/z_score_maps
      Z-map dir exists: True
      Glob pattern for z-maps: /ptmp/hmueller2/2025_ibc_latent/outputs/glm/contrast_maps_fsLR/sub-14/res_task-Checkerboard_space-fsLR_dir-ffx/z_score_maps/*.dscalar.nii
      Found 3 z-maps
    Processing task 'Color':
      Task dir: /ptmp/hmueller2/2025_ibc_latent/outputs/glm/contrast_maps_fsLR/sub-14/res_task-Color_space-fsLR_dir-ffx
      Z-map dir: /ptmp/hmueller2/2025_ibc_latent/outputs/glm/contrast_maps_fsLR/sub-14/res_task-Color_space-fsLR_dir-ffx/z_score_maps
      Z-map dir exists: True
      Glob pattern for z-maps: /ptmp/hmueller2/2025_ibc_latent/outputs/glm/contrast_maps_fsLR/sub-14/res_task-Color_space-fsLR_dir-ffx/z_score_maps/*.dscalar.nii
      Found 4 z-maps
    Processing task 'ColumbiaCards':
      Task dir: /ptmp/hmueller2/2025_ibc_latent/outputs/glm/contrast_maps_fsLR/sub-14/res_task-ColumbiaCards_space-fsLR_dir-ffx
      Z-map dir: /ptmp/hmueller2/2025_ibc_latent/outputs/glm/contrast_maps_fsLR/sub-14/res_task-ColumbiaCards_space-fsLR_dir-ffx/z_score_maps
      Z-map dir exists: True
      Glob pattern for z-maps: /ptmp/hmueller2/2025_ibc_latent/outputs/glm/contrast_maps_fsLR/sub-14/res_task-ColumbiaCards_space-fsLR_dir-ffx/z_score_maps/*.dscalar.nii
      Found 3 z-maps
    Processing task 'Discount':
      Task dir: /ptmp/hmueller2/2025_ibc_latent/outputs/glm/contrast_maps_fsLR/sub-14/res_task-Discount_space-fsLR_dir-ffx
      Z-map dir: /ptmp/hmueller2/2025_ibc_latent/outputs/glm/contrast_maps_fsLR/sub-14/res_task-Discount_space-fsLR_dir-ffx/z_score_maps
      Z-map dir exists: True
      Glob pattern for z-maps: /ptmp/hmueller2/2025_ibc_latent/outputs/glm/contrast_maps_fsLR/sub-14/res_task-Discount_space-fsLR_dir-ffx/z_score_maps/*.dscalar.nii
      Found 2 z-maps
    Processing task 'DotPatterns':
      Task dir: /ptmp/hmueller2/2025_ibc_latent/outputs/glm/contrast_maps_fsLR/sub-14/res_task-DotPatterns_space-fsLR_dir-ffx
      Z-map dir: /ptmp/hmueller2/2025_ibc_latent/outputs/glm/contrast_maps_fsLR/sub-14/res_task-DotPatterns_space-fsLR_dir-ffx/z_score_maps
      Z-map dir exists: True
      Glob pattern for z-maps: /ptmp/hmueller2/2025_ibc_latent/outputs/glm/contrast_maps_fsLR/sub-14/res_task-DotPatterns_space-fsLR_dir-ffx/z_score_maps/*.dscalar.nii
      Found 11 z-maps
    Processing task 'EmoMem':
      Task dir: /ptmp/hmueller2/2025_ibc_latent/outputs/glm/contrast_maps_fsLR/sub-14/res_task-EmoMem_space-fsLR_dir-ffx
      Z-map dir: /ptmp/hmueller2/2025_ibc_latent/outputs/glm/contrast_maps_fsLR/sub-14/res_task-EmoMem_space-fsLR_dir-ffx/z_score_maps
      Z-map dir exists: True
      Glob pattern for z-maps: /ptmp/hmueller2/2025_ibc_latent/outputs/glm/contrast_maps_fsLR/sub-14/res_task-EmoMem_space-fsLR_dir-ffx/z_score_maps/*.dscalar.nii
      Found 6 z-maps
    Processing task 'EmoReco':
      Task dir: /ptmp/hmueller2/2025_ibc_latent/outputs/glm/contrast_maps_fsLR/sub-14/res_task-EmoReco_space-fsLR_dir-ffx
      Z-map dir: /ptmp/hmueller2/2025_ibc_latent/outputs/glm/contrast_maps_fsLR/sub-14/res_task-EmoReco_space-fsLR_dir-ffx/z_score_maps
      Z-map dir exists: True
      Glob pattern for z-maps: /ptmp/hmueller2/2025_ibc_latent/outputs/glm/contrast_maps_fsLR/sub-14/res_task-EmoReco_space-fsLR_dir-ffx/z_score_maps/*.dscalar.nii
      Found 10 z-maps
    Processing task 'EmotionalPain':
      Task dir: /ptmp/hmueller2/2025_ibc_latent/outputs/glm/contrast_maps_fsLR/sub-14/res_task-EmotionalPain_space-fsLR_dir-ffx
      Z-map dir: /ptmp/hmueller2/2025_ibc_latent/outputs/glm/contrast_maps_fsLR/sub-14/res_task-EmotionalPain_space-fsLR_dir-ffx/z_score_maps
      Z-map dir exists: True
      Glob pattern for z-maps: /ptmp/hmueller2/2025_ibc_latent/outputs/glm/contrast_maps_fsLR/sub-14/res_task-EmotionalPain_space-fsLR_dir-ffx/z_score_maps/*.dscalar.nii
      Found 3 z-maps
    Processing task 'Enumeration':
      Task dir: /ptmp/hmueller2/2025_ibc_latent/outputs/glm/contrast_maps_fsLR/sub-14/res_task-Enumeration_space-fsLR_dir-ffx
      Z-map dir: /ptmp/hmueller2/2025_ibc_latent/outputs/glm/contrast_maps_fsLR/sub-14/res_task-Enumeration_space-fsLR_dir-ffx/z_score_maps
      Z-map dir exists: True
      Glob pattern for z-maps: /ptmp/hmueller2/2025_ibc_latent/outputs/glm/contrast_maps_fsLR/sub-14/res_task-Enumeration_space-fsLR_dir-ffx/z_score_maps/*.dscalar.nii
      Found 3 z-maps
    Processing task 'FaceBody':
      Task dir: /ptmp/hmueller2/2025_ibc_latent/outputs/glm/contrast_maps_fsLR/sub-14/res_task-FaceBody_space-fsLR_dir-ffx
      Z-map dir: /ptmp/hmueller2/2025_ibc_latent/outputs/glm/contrast_maps_fsLR/sub-14/res_task-FaceBody_space-fsLR_dir-ffx/z_score_maps
      Z-map dir exists: True
      Glob pattern for z-maps: /ptmp/hmueller2/2025_ibc_latent/outputs/glm/contrast_maps_fsLR/sub-14/res_task-FaceBody_space-fsLR_dir-ffx/z_score_maps/*.dscalar.nii
      Found 15 z-maps
    Processing task 'FingerTap':
      Task dir: /ptmp/hmueller2/2025_ibc_latent/outputs/glm/contrast_maps_fsLR/sub-14/res_task-FingerTap_space-fsLR_dir-ffx
      Z-map dir: /ptmp/hmueller2/2025_ibc_latent/outputs/glm/contrast_maps_fsLR/sub-14/res_task-FingerTap_space-fsLR_dir-ffx/z_score_maps
      Z-map dir exists: True
      Glob pattern for z-maps: /ptmp/hmueller2/2025_ibc_latent/outputs/glm/contrast_maps_fsLR/sub-14/res_task-FingerTap_space-fsLR_dir-ffx/z_score_maps/*.dscalar.nii
      Found 3 z-maps
    Processing task 'HcpEmotion':
      Task dir: /ptmp/hmueller2/2025_ibc_latent/outputs/glm/contrast_maps_fsLR/sub-14/res_task-HcpEmotion_space-fsLR_dir-ffx
      Z-map dir: /ptmp/hmueller2/2025_ibc_latent/outputs/glm/contrast_maps_fsLR/sub-14/res_task-HcpEmotion_space-fsLR_dir-ffx/z_score_maps
      Z-map dir exists: True
      Glob pattern for z-maps: /ptmp/hmueller2/2025_ibc_latent/outputs/glm/contrast_maps_fsLR/sub-14/res_task-HcpEmotion_space-fsLR_dir-ffx/z_score_maps/*.dscalar.nii
      Found 4 z-maps
    Processing task 'HcpGambling':
      Task dir: /ptmp/hmueller2/2025_ibc_latent/outputs/glm/contrast_maps_fsLR/sub-14/res_task-HcpGambling_space-fsLR_dir-ffx
      Z-map dir: /ptmp/hmueller2/2025_ibc_latent/outputs/glm/contrast_maps_fsLR/sub-14/res_task-HcpGambling_space-fsLR_dir-ffx/z_score_maps
      Z-map dir exists: True
      Glob pattern for z-maps: /ptmp/hmueller2/2025_ibc_latent/outputs/glm/contrast_maps_fsLR/sub-14/res_task-HcpGambling_space-fsLR_dir-ffx/z_score_maps/*.dscalar.nii
      Found 4 z-maps
    Processing task 'HcpLanguage':
      Task dir: /ptmp/hmueller2/2025_ibc_latent/outputs/glm/contrast_maps_fsLR/sub-14/res_task-HcpLanguage_space-fsLR_dir-ffx
      Z-map dir: /ptmp/hmueller2/2025_ibc_latent/outputs/glm/contrast_maps_fsLR/sub-14/res_task-HcpLanguage_space-fsLR_dir-ffx/z_score_maps
      Z-map dir exists: True
      Glob pattern for z-maps: /ptmp/hmueller2/2025_ibc_latent/outputs/glm/contrast_maps_fsLR/sub-14/res_task-HcpLanguage_space-fsLR_dir-ffx/z_score_maps/*.dscalar.nii
      Found 4 z-maps
    Processing task 'HcpMotor':
      Task dir: /ptmp/hmueller2/2025_ibc_latent/outputs/glm/contrast_maps_fsLR/sub-14/res_task-HcpMotor_space-fsLR_dir-ffx
      Z-map dir: /ptmp/hmueller2/2025_ibc_latent/outputs/glm/contrast_maps_fsLR/sub-14/res_task-HcpMotor_space-fsLR_dir-ffx/z_score_maps
      Z-map dir exists: True
      Glob pattern for z-maps: /ptmp/hmueller2/2025_ibc_latent/outputs/glm/contrast_maps_fsLR/sub-14/res_task-HcpMotor_space-fsLR_dir-ffx/z_score_maps/*.dscalar.nii
      Found 11 z-maps
    Processing task 'HcpRelational':
      Task dir: /ptmp/hmueller2/2025_ibc_latent/outputs/glm/contrast_maps_fsLR/sub-14/res_task-HcpRelational_space-fsLR_dir-ffx
      Z-map dir: /ptmp/hmueller2/2025_ibc_latent/outputs/glm/contrast_maps_fsLR/sub-14/res_task-HcpRelational_space-fsLR_dir-ffx/z_score_maps
      Z-map dir exists: True
      Glob pattern for z-maps: /ptmp/hmueller2/2025_ibc_latent/outputs/glm/contrast_maps_fsLR/sub-14/res_task-HcpRelational_space-fsLR_dir-ffx/z_score_maps/*.dscalar.nii
      Found 3 z-maps
    Processing task 'HcpSocial':
      Task dir: /ptmp/hmueller2/2025_ibc_latent/outputs/glm/contrast_maps_fsLR/sub-14/res_task-HcpSocial_space-fsLR_dir-ffx
      Z-map dir: /ptmp/hmueller2/2025_ibc_latent/outputs/glm/contrast_maps_fsLR/sub-14/res_task-HcpSocial_space-fsLR_dir-ffx/z_score_maps
      Z-map dir exists: True
      Glob pattern for z-maps: /ptmp/hmueller2/2025_ibc_latent/outputs/glm/contrast_maps_fsLR/sub-14/res_task-HcpSocial_space-fsLR_dir-ffx/z_score_maps/*.dscalar.nii
      Found 3 z-maps
    Processing task 'HcpWm':
      Task dir: /ptmp/hmueller2/2025_ibc_latent/outputs/glm/contrast_maps_fsLR/sub-14/res_task-HcpWm_space-fsLR_dir-ffx
      Z-map dir: /ptmp/hmueller2/2025_ibc_latent/outputs/glm/contrast_maps_fsLR/sub-14/res_task-HcpWm_space-fsLR_dir-ffx/z_score_maps
      Z-map dir exists: True
      Glob pattern for z-maps: /ptmp/hmueller2/2025_ibc_latent/outputs/glm/contrast_maps_fsLR/sub-14/res_task-HcpWm_space-fsLR_dir-ffx/z_score_maps/*.dscalar.nii
      Found 14 z-maps
    Processing task 'ItemRecognition':
      Task dir: /ptmp/hmueller2/2025_ibc_latent/outputs/glm/contrast_maps_fsLR/sub-14/res_task-ItemRecognition_space-fsLR_dir-ffx
      Z-map dir: /ptmp/hmueller2/2025_ibc_latent/outputs/glm/contrast_maps_fsLR/sub-14/res_task-ItemRecognition_space-fsLR_dir-ffx/z_score_maps
      Z-map dir exists: True
      Glob pattern for z-maps: /ptmp/hmueller2/2025_ibc_latent/outputs/glm/contrast_maps_fsLR/sub-14/res_task-ItemRecognition_space-fsLR_dir-ffx/z_score_maps/*.dscalar.nii
      Found 17 z-maps
    Processing task 'Lec1':
      Task dir: /ptmp/hmueller2/2025_ibc_latent/outputs/glm/contrast_maps_fsLR/sub-14/res_task-Lec1_space-fsLR_dir-ffx
      Z-map dir: /ptmp/hmueller2/2025_ibc_latent/outputs/glm/contrast_maps_fsLR/sub-14/res_task-Lec1_space-fsLR_dir-ffx/z_score_maps
      Z-map dir exists: True
      Glob pattern for z-maps: /ptmp/hmueller2/2025_ibc_latent/outputs/glm/contrast_maps_fsLR/sub-14/res_task-Lec1_space-fsLR_dir-ffx/z_score_maps/*.dscalar.nii
      Found 6 z-maps
    Processing task 'Lec2':
      Task dir: /ptmp/hmueller2/2025_ibc_latent/outputs/glm/contrast_maps_fsLR/sub-14/res_task-Lec2_space-fsLR_dir-ffx
      Z-map dir: /ptmp/hmueller2/2025_ibc_latent/outputs/glm/contrast_maps_fsLR/sub-14/res_task-Lec2_space-fsLR_dir-ffx/z_score_maps
      Z-map dir exists: True
      Glob pattern for z-maps: /ptmp/hmueller2/2025_ibc_latent/outputs/glm/contrast_maps_fsLR/sub-14/res_task-Lec2_space-fsLR_dir-ffx/z_score_maps/*.dscalar.nii
      Found 3 z-maps
    Processing task 'MCSE':
      Task dir: /ptmp/hmueller2/2025_ibc_latent/outputs/glm/contrast_maps_fsLR/sub-14/res_task-MCSE_space-fsLR_dir-ffx
      Z-map dir: /ptmp/hmueller2/2025_ibc_latent/outputs/glm/contrast_maps_fsLR/sub-14/res_task-MCSE_space-fsLR_dir-ffx/z_score_maps
      Z-map dir exists: True
      Glob pattern for z-maps: /ptmp/hmueller2/2025_ibc_latent/outputs/glm/contrast_maps_fsLR/sub-14/res_task-MCSE_space-fsLR_dir-ffx/z_score_maps/*.dscalar.nii
      Found 9 z-maps
    Processing task 'MTTNS':
      Task dir: /ptmp/hmueller2/2025_ibc_latent/outputs/glm/contrast_maps_fsLR/sub-14/res_task-MTTNS_space-fsLR_dir-ffx
      Z-map dir: /ptmp/hmueller2/2025_ibc_latent/outputs/glm/contrast_maps_fsLR/sub-14/res_task-MTTNS_space-fsLR_dir-ffx/z_score_maps
      Z-map dir exists: True
      Glob pattern for z-maps: /ptmp/hmueller2/2025_ibc_latent/outputs/glm/contrast_maps_fsLR/sub-14/res_task-MTTNS_space-fsLR_dir-ffx/z_score_maps/*.dscalar.nii
      Found 19 z-maps
    Processing task 'MTTWE':
      Task dir: /ptmp/hmueller2/2025_ibc_latent/outputs/glm/contrast_maps_fsLR/sub-14/res_task-MTTWE_space-fsLR_dir-ffx
      Z-map dir: /ptmp/hmueller2/2025_ibc_latent/outputs/glm/contrast_maps_fsLR/sub-14/res_task-MTTWE_space-fsLR_dir-ffx/z_score_maps
      Z-map dir exists: True
      Glob pattern for z-maps: /ptmp/hmueller2/2025_ibc_latent/outputs/glm/contrast_maps_fsLR/sub-14/res_task-MTTWE_space-fsLR_dir-ffx/z_score_maps/*.dscalar.nii
      Found 19 z-maps
    Processing task 'MVEB':
      Task dir: /ptmp/hmueller2/2025_ibc_latent/outputs/glm/contrast_maps_fsLR/sub-14/res_task-MVEB_space-fsLR_dir-ffx
      Z-map dir: /ptmp/hmueller2/2025_ibc_latent/outputs/glm/contrast_maps_fsLR/sub-14/res_task-MVEB_space-fsLR_dir-ffx/z_score_maps
      Z-map dir exists: True
      Glob pattern for z-maps: /ptmp/hmueller2/2025_ibc_latent/outputs/glm/contrast_maps_fsLR/sub-14/res_task-MVEB_space-fsLR_dir-ffx/z_score_maps/*.dscalar.nii
      Found 11 z-maps
    Processing task 'MVIS':
      Task dir: /ptmp/hmueller2/2025_ibc_latent/outputs/glm/contrast_maps_fsLR/sub-14/res_task-MVIS_space-fsLR_dir-ffx
      Z-map dir: /ptmp/hmueller2/2025_ibc_latent/outputs/glm/contrast_maps_fsLR/sub-14/res_task-MVIS_space-fsLR_dir-ffx/z_score_maps
      Z-map dir exists: True
      Glob pattern for z-maps: /ptmp/hmueller2/2025_ibc_latent/outputs/glm/contrast_maps_fsLR/sub-14/res_task-MVIS_space-fsLR_dir-ffx/z_score_maps/*.dscalar.nii
      Found 12 z-maps
    Processing task 'MathLanguage':
      Task dir: /ptmp/hmueller2/2025_ibc_latent/outputs/glm/contrast_maps_fsLR/sub-14/res_task-MathLanguage_space-fsLR_dir-ffx
      Z-map dir: /ptmp/hmueller2/2025_ibc_latent/outputs/glm/contrast_maps_fsLR/sub-14/res_task-MathLanguage_space-fsLR_dir-ffx/z_score_maps
      Z-map dir exists: True
      Glob pattern for z-maps: /ptmp/hmueller2/2025_ibc_latent/outputs/glm/contrast_maps_fsLR/sub-14/res_task-MathLanguage_space-fsLR_dir-ffx/z_score_maps/*.dscalar.nii
      Found 30 z-maps
    Processing task 'Motion':
      Task dir: /ptmp/hmueller2/2025_ibc_latent/outputs/glm/contrast_maps_fsLR/sub-14/res_task-Motion_space-fsLR_dir-ffx
      Z-map dir: /ptmp/hmueller2/2025_ibc_latent/outputs/glm/contrast_maps_fsLR/sub-14/res_task-Motion_space-fsLR_dir-ffx/z_score_maps
      Z-map dir exists: True
      Glob pattern for z-maps: /ptmp/hmueller2/2025_ibc_latent/outputs/glm/contrast_maps_fsLR/sub-14/res_task-Motion_space-fsLR_dir-ffx/z_score_maps/*.dscalar.nii
      Found 11 z-maps
    Processing task 'Moto':
      Task dir: /ptmp/hmueller2/2025_ibc_latent/outputs/glm/contrast_maps_fsLR/sub-14/res_task-Moto_space-fsLR_dir-ffx
      Z-map dir: /ptmp/hmueller2/2025_ibc_latent/outputs/glm/contrast_maps_fsLR/sub-14/res_task-Moto_space-fsLR_dir-ffx/z_score_maps
      Z-map dir exists: True
      Glob pattern for z-maps: /ptmp/hmueller2/2025_ibc_latent/outputs/glm/contrast_maps_fsLR/sub-14/res_task-Moto_space-fsLR_dir-ffx/z_score_maps/*.dscalar.nii
      Found 9 z-maps
    Processing task 'NARPS':
      Task dir: /ptmp/hmueller2/2025_ibc_latent/outputs/glm/contrast_maps_fsLR/sub-14/res_task-NARPS_space-fsLR_dir-ffx
      Z-map dir: /ptmp/hmueller2/2025_ibc_latent/outputs/glm/contrast_maps_fsLR/sub-14/res_task-NARPS_space-fsLR_dir-ffx/z_score_maps
      Z-map dir exists: True
      Glob pattern for z-maps: /ptmp/hmueller2/2025_ibc_latent/outputs/glm/contrast_maps_fsLR/sub-14/res_task-NARPS_space-fsLR_dir-ffx/z_score_maps/*.dscalar.nii
      Found 8 z-maps
    Processing task 'PainMovie':
      Task dir: /ptmp/hmueller2/2025_ibc_latent/outputs/glm/contrast_maps_fsLR/sub-14/res_task-PainMovie_space-fsLR_dir-ffx
      Z-map dir: /ptmp/hmueller2/2025_ibc_latent/outputs/glm/contrast_maps_fsLR/sub-14/res_task-PainMovie_space-fsLR_dir-ffx/z_score_maps
      Z-map dir exists: True
      Glob pattern for z-maps: /ptmp/hmueller2/2025_ibc_latent/outputs/glm/contrast_maps_fsLR/sub-14/res_task-PainMovie_space-fsLR_dir-ffx/z_score_maps/*.dscalar.nii
      Found 3 z-maps
    Processing task 'PreferenceFaces':
      Task dir: /ptmp/hmueller2/2025_ibc_latent/outputs/glm/contrast_maps_fsLR/sub-14/res_task-PreferenceFaces_space-fsLR_dir-ffx
      Z-map dir: /ptmp/hmueller2/2025_ibc_latent/outputs/glm/contrast_maps_fsLR/sub-14/res_task-PreferenceFaces_space-fsLR_dir-ffx/z_score_maps
      Z-map dir exists: True
      Glob pattern for z-maps: /ptmp/hmueller2/2025_ibc_latent/outputs/glm/contrast_maps_fsLR/sub-14/res_task-PreferenceFaces_space-fsLR_dir-ffx/z_score_maps/*.dscalar.nii
      Found 3 z-maps
    Processing task 'PreferenceFood':
      Task dir: /ptmp/hmueller2/2025_ibc_latent/outputs/glm/contrast_maps_fsLR/sub-14/res_task-PreferenceFood_space-fsLR_dir-ffx
      Z-map dir: /ptmp/hmueller2/2025_ibc_latent/outputs/glm/contrast_maps_fsLR/sub-14/res_task-PreferenceFood_space-fsLR_dir-ffx/z_score_maps
      Z-map dir exists: True
      Glob pattern for z-maps: /ptmp/hmueller2/2025_ibc_latent/outputs/glm/contrast_maps_fsLR/sub-14/res_task-PreferenceFood_space-fsLR_dir-ffx/z_score_maps/*.dscalar.nii
      Found 3 z-maps
    Processing task 'PreferenceHouses':
      Task dir: /ptmp/hmueller2/2025_ibc_latent/outputs/glm/contrast_maps_fsLR/sub-14/res_task-PreferenceHouses_space-fsLR_dir-ffx
      Z-map dir: /ptmp/hmueller2/2025_ibc_latent/outputs/glm/contrast_maps_fsLR/sub-14/res_task-PreferenceHouses_space-fsLR_dir-ffx/z_score_maps
      Z-map dir exists: True
      Glob pattern for z-maps: /ptmp/hmueller2/2025_ibc_latent/outputs/glm/contrast_maps_fsLR/sub-14/res_task-PreferenceHouses_space-fsLR_dir-ffx/z_score_maps/*.dscalar.nii
      Found 3 z-maps
    Processing task 'PreferencePaintings':
      Task dir: /ptmp/hmueller2/2025_ibc_latent/outputs/glm/contrast_maps_fsLR/sub-14/res_task-PreferencePaintings_space-fsLR_dir-ffx
      Z-map dir: /ptmp/hmueller2/2025_ibc_latent/outputs/glm/contrast_maps_fsLR/sub-14/res_task-PreferencePaintings_space-fsLR_dir-ffx/z_score_maps
      Z-map dir exists: True
      Glob pattern for z-maps: /ptmp/hmueller2/2025_ibc_latent/outputs/glm/contrast_maps_fsLR/sub-14/res_task-PreferencePaintings_space-fsLR_dir-ffx/z_score_maps/*.dscalar.nii
      Found 3 z-maps
    Processing task 'RSVPLanguage':
      Task dir: /ptmp/hmueller2/2025_ibc_latent/outputs/glm/contrast_maps_fsLR/sub-14/res_task-RSVPLanguage_space-fsLR_dir-ffx
      Z-map dir: /ptmp/hmueller2/2025_ibc_latent/outputs/glm/contrast_maps_fsLR/sub-14/res_task-RSVPLanguage_space-fsLR_dir-ffx/z_score_maps
      Z-map dir exists: True
      Glob pattern for z-maps: /ptmp/hmueller2/2025_ibc_latent/outputs/glm/contrast_maps_fsLR/sub-14/res_task-RSVPLanguage_space-fsLR_dir-ffx/z_score_maps/*.dscalar.nii
      Found 19 z-maps
    Processing task 'RewProc':
      Task dir: /ptmp/hmueller2/2025_ibc_latent/outputs/glm/contrast_maps_fsLR/sub-14/res_task-RewProc_space-fsLR_dir-ffx
      Z-map dir: /ptmp/hmueller2/2025_ibc_latent/outputs/glm/contrast_maps_fsLR/sub-14/res_task-RewProc_space-fsLR_dir-ffx/z_score_maps
      Z-map dir exists: True
      Glob pattern for z-maps: /ptmp/hmueller2/2025_ibc_latent/outputs/glm/contrast_maps_fsLR/sub-14/res_task-RewProc_space-fsLR_dir-ffx/z_score_maps/*.dscalar.nii
      Found 17 z-maps
    Processing task 'Scene':
      Task dir: /ptmp/hmueller2/2025_ibc_latent/outputs/glm/contrast_maps_fsLR/sub-14/res_task-Scene_space-fsLR_dir-ffx
      Z-map dir: /ptmp/hmueller2/2025_ibc_latent/outputs/glm/contrast_maps_fsLR/sub-14/res_task-Scene_space-fsLR_dir-ffx/z_score_maps
      Z-map dir exists: True
      Glob pattern for z-maps: /ptmp/hmueller2/2025_ibc_latent/outputs/glm/contrast_maps_fsLR/sub-14/res_task-Scene_space-fsLR_dir-ffx/z_score_maps/*.dscalar.nii
      Found 11 z-maps
    Processing task 'SelectiveStopSignal':
      Task dir: /ptmp/hmueller2/2025_ibc_latent/outputs/glm/contrast_maps_fsLR/sub-14/res_task-SelectiveStopSignal_space-fsLR_dir-ffx
      Z-map dir: /ptmp/hmueller2/2025_ibc_latent/outputs/glm/contrast_maps_fsLR/sub-14/res_task-SelectiveStopSignal_space-fsLR_dir-ffx/z_score_maps
      Z-map dir exists: True
      Glob pattern for z-maps: /ptmp/hmueller2/2025_ibc_latent/outputs/glm/contrast_maps_fsLR/sub-14/res_task-SelectiveStopSignal_space-fsLR_dir-ffx/z_score_maps/*.dscalar.nii
      Found 8 z-maps
    Processing task 'Self':
      Task dir: /ptmp/hmueller2/2025_ibc_latent/outputs/glm/contrast_maps_fsLR/sub-14/res_task-Self_space-fsLR_dir-ffx
      Z-map dir: /ptmp/hmueller2/2025_ibc_latent/outputs/glm/contrast_maps_fsLR/sub-14/res_task-Self_space-fsLR_dir-ffx/z_score_maps
      Z-map dir exists: True
      Glob pattern for z-maps: /ptmp/hmueller2/2025_ibc_latent/outputs/glm/contrast_maps_fsLR/sub-14/res_task-Self_space-fsLR_dir-ffx/z_score_maps/*.dscalar.nii
      Found 11 z-maps
    Processing task 'SpatialNavigation':
      Task dir: /ptmp/hmueller2/2025_ibc_latent/outputs/glm/contrast_maps_fsLR/sub-14/res_task-SpatialNavigation_space-fsLR_dir-ffx
      Z-map dir: /ptmp/hmueller2/2025_ibc_latent/outputs/glm/contrast_maps_fsLR/sub-14/res_task-SpatialNavigation_space-fsLR_dir-ffx/z_score_maps
      Z-map dir exists: True
      Glob pattern for z-maps: /ptmp/hmueller2/2025_ibc_latent/outputs/glm/contrast_maps_fsLR/sub-14/res_task-SpatialNavigation_space-fsLR_dir-ffx/z_score_maps/*.dscalar.nii
      Found 9 z-maps
    Processing task 'StopNogo':
      Task dir: /ptmp/hmueller2/2025_ibc_latent/outputs/glm/contrast_maps_fsLR/sub-14/res_task-StopNogo_space-fsLR_dir-ffx
      Z-map dir: /ptmp/hmueller2/2025_ibc_latent/outputs/glm/contrast_maps_fsLR/sub-14/res_task-StopNogo_space-fsLR_dir-ffx/z_score_maps
      Z-map dir exists: True
      Glob pattern for z-maps: /ptmp/hmueller2/2025_ibc_latent/outputs/glm/contrast_maps_fsLR/sub-14/res_task-StopNogo_space-fsLR_dir-ffx/z_score_maps/*.dscalar.nii
      Found 7 z-maps
    Processing task 'StopSignal':
      Task dir: /ptmp/hmueller2/2025_ibc_latent/outputs/glm/contrast_maps_fsLR/sub-14/res_task-StopSignal_space-fsLR_dir-ffx
      Z-map dir: /ptmp/hmueller2/2025_ibc_latent/outputs/glm/contrast_maps_fsLR/sub-14/res_task-StopSignal_space-fsLR_dir-ffx/z_score_maps
      Z-map dir exists: True
      Glob pattern for z-maps: /ptmp/hmueller2/2025_ibc_latent/outputs/glm/contrast_maps_fsLR/sub-14/res_task-StopSignal_space-fsLR_dir-ffx/z_score_maps/*.dscalar.nii
      Found 3 z-maps
    Processing task 'Stroop':
      Task dir: /ptmp/hmueller2/2025_ibc_latent/outputs/glm/contrast_maps_fsLR/sub-14/res_task-Stroop_space-fsLR_dir-ffx
      Z-map dir: /ptmp/hmueller2/2025_ibc_latent/outputs/glm/contrast_maps_fsLR/sub-14/res_task-Stroop_space-fsLR_dir-ffx/z_score_maps
      Z-map dir exists: True
      Glob pattern for z-maps: /ptmp/hmueller2/2025_ibc_latent/outputs/glm/contrast_maps_fsLR/sub-14/res_task-Stroop_space-fsLR_dir-ffx/z_score_maps/*.dscalar.nii
      Found 3 z-maps
    Processing task 'TheoryOfMind':
      Task dir: /ptmp/hmueller2/2025_ibc_latent/outputs/glm/contrast_maps_fsLR/sub-14/res_task-TheoryOfMind_space-fsLR_dir-ffx
      Z-map dir: /ptmp/hmueller2/2025_ibc_latent/outputs/glm/contrast_maps_fsLR/sub-14/res_task-TheoryOfMind_space-fsLR_dir-ffx/z_score_maps
      Z-map dir exists: True
      Glob pattern for z-maps: /ptmp/hmueller2/2025_ibc_latent/outputs/glm/contrast_maps_fsLR/sub-14/res_task-TheoryOfMind_space-fsLR_dir-ffx/z_score_maps/*.dscalar.nii
      Found 3 z-maps
    Processing task 'TwoByTwo':
      Task dir: /ptmp/hmueller2/2025_ibc_latent/outputs/glm/contrast_maps_fsLR/sub-14/res_task-TwoByTwo_space-fsLR_dir-ffx
      Z-map dir: /ptmp/hmueller2/2025_ibc_latent/outputs/glm/contrast_maps_fsLR/sub-14/res_task-TwoByTwo_space-fsLR_dir-ffx/z_score_maps
      Z-map dir exists: True
      Glob pattern for z-maps: /ptmp/hmueller2/2025_ibc_latent/outputs/glm/contrast_maps_fsLR/sub-14/res_task-TwoByTwo_space-fsLR_dir-ffx/z_score_maps/*.dscalar.nii
      Found 10 z-maps
    Processing task 'VSTMC':
      Task dir: /ptmp/hmueller2/2025_ibc_latent/outputs/glm/contrast_maps_fsLR/sub-14/res_task-VSTMC_space-fsLR_dir-ffx
      Z-map dir: /ptmp/hmueller2/2025_ibc_latent/outputs/glm/contrast_maps_fsLR/sub-14/res_task-VSTMC_space-fsLR_dir-ffx/z_score_maps
      Z-map dir exists: True
      Glob pattern for z-maps: /ptmp/hmueller2/2025_ibc_latent/outputs/glm/contrast_maps_fsLR/sub-14/res_task-VSTMC_space-fsLR_dir-ffx/z_score_maps/*.dscalar.nii
      Found 10 z-maps
    Processing task 'VSTM':
      Task dir: /ptmp/hmueller2/2025_ibc_latent/outputs/glm/contrast_maps_fsLR/sub-14/res_task-VSTM_space-fsLR_dir-ffx
      Z-map dir: /ptmp/hmueller2/2025_ibc_latent/outputs/glm/contrast_maps_fsLR/sub-14/res_task-VSTM_space-fsLR_dir-ffx/z_score_maps
      Z-map dir exists: True
      Glob pattern for z-maps: /ptmp/hmueller2/2025_ibc_latent/outputs/glm/contrast_maps_fsLR/sub-14/res_task-VSTM_space-fsLR_dir-ffx/z_score_maps/*.dscalar.nii
      Found 3 z-maps
    Processing task 'Visu':
      Task dir: /ptmp/hmueller2/2025_ibc_latent/outputs/glm/contrast_maps_fsLR/sub-14/res_task-Visu_space-fsLR_dir-ffx
      Z-map dir: /ptmp/hmueller2/2025_ibc_latent/outputs/glm/contrast_maps_fsLR/sub-14/res_task-Visu_space-fsLR_dir-ffx/z_score_maps
      Z-map dir exists: True
      Glob pattern for z-maps: /ptmp/hmueller2/2025_ibc_latent/outputs/glm/contrast_maps_fsLR/sub-14/res_task-Visu_space-fsLR_dir-ffx/z_score_maps/*.dscalar.nii
      Found 16 z-maps
    Processing task 'VisualSearch':
      Task dir: /ptmp/hmueller2/2025_ibc_latent/outputs/glm/contrast_maps_fsLR/sub-14/res_task-VisualSearch_space-fsLR_dir-ffx
      Z-map dir: /ptmp/hmueller2/2025_ibc_latent/outputs/glm/contrast_maps_fsLR/sub-14/res_task-VisualSearch_space-fsLR_dir-ffx/z_score_maps
      Z-map dir exists: True
      Glob pattern for z-maps: /ptmp/hmueller2/2025_ibc_latent/outputs/glm/contrast_maps_fsLR/sub-14/res_task-VisualSearch_space-fsLR_dir-ffx/z_score_maps/*.dscalar.nii
      Found 22 z-maps
    Processing task 'WardAndAllport':
      Task dir: /ptmp/hmueller2/2025_ibc_latent/outputs/glm/contrast_maps_fsLR/sub-14/res_task-WardAndAllport_space-fsLR_dir-ffx
      Z-map dir: /ptmp/hmueller2/2025_ibc_latent/outputs/glm/contrast_maps_fsLR/sub-14/res_task-WardAndAllport_space-fsLR_dir-ffx/z_score_maps
      Z-map dir exists: True
      Glob pattern for z-maps: /ptmp/hmueller2/2025_ibc_latent/outputs/glm/contrast_maps_fsLR/sub-14/res_task-WardAndAllport_space-fsLR_dir-ffx/z_score_maps/*.dscalar.nii
      Found 10 z-maps
    Processing task 'WedgeAnti':
      Task dir: /ptmp/hmueller2/2025_ibc_latent/outputs/glm/contrast_maps_fsLR/sub-14/res_task-WedgeAnti_space-fsLR_dir-ffx
      Z-map dir: /ptmp/hmueller2/2025_ibc_latent/outputs/glm/contrast_maps_fsLR/sub-14/res_task-WedgeAnti_space-fsLR_dir-ffx/z_score_maps
      Z-map dir exists: True
      Glob pattern for z-maps: /ptmp/hmueller2/2025_ibc_latent/outputs/glm/contrast_maps_fsLR/sub-14/res_task-WedgeAnti_space-fsLR_dir-ffx/z_score_maps/*.dscalar.nii
      Found 8 z-maps
    Processing task 'WedgeClock':
      Task dir: /ptmp/hmueller2/2025_ibc_latent/outputs/glm/contrast_maps_fsLR/sub-14/res_task-WedgeClock_space-fsLR_dir-ffx
      Z-map dir: /ptmp/hmueller2/2025_ibc_latent/outputs/glm/contrast_maps_fsLR/sub-14/res_task-WedgeClock_space-fsLR_dir-ffx/z_score_maps
      Z-map dir exists: True
      Glob pattern for z-maps: /ptmp/hmueller2/2025_ibc_latent/outputs/glm/contrast_maps_fsLR/sub-14/res_task-WedgeClock_space-fsLR_dir-ffx/z_score_maps/*.dscalar.nii
      Found 8 z-maps
  ! Workbench smoothing failed for HcpWm/2back-0back, using unsmoothed map: Missing required file(s) for Workbench smoothing: ['/home/hmueller2/workbench/bin_linux64/wb_command']
  ✓ Loaded: HcpWm/2back-0back
  ! Workbench smoothing failed for ItemRecognition/encode5-encode1, using unsmoothed map: Missing required file(s) for Workbench smoothing: ['/home/hmueller2/workbench/bin_linux64/wb_command']
  ✓ Loaded: ItemRecognition/encode5-encode1
  - Not available: MDTB/2back_hard-easy
  - Not available: MDTB/search_hard-easy
  - Not available: MDTB/semantic_hard-easy
  - Not available: MDTB/finger_complex-simple
  - Not available: GoodBadUgly/dot_hard-easy
  ! Workbench smoothing failed for Stroop/incongruent-congruent, using unsmoothed map: Missing required file(s) for Workbench smoothing: ['/home/hmueller2/workbench/bin_linux64/wb_command']
  ✓ Loaded: Stroop/incongruent-congruent
  ! Workbench smoothing failed for Catell/hard-easy, using unsmoothed map: Missing required file(s) for Workbench smoothing: ['/home/hmueller2/workbench/bin_linux64/wb_command']
  ✓ Loaded: Catell/hard-easy

Applied Workbench CIFTI smoothing to input contrasts (FWHM=4.0mm)

Combined 4 MD contrasts
Mean z-score: -0.009 ± 0.556
Max z-score: 2.358

✓ Saved mean MD map: /ptmp/hmueller2/2025_ibc_latent/outputs/md_system/vertex_wise/sub-14/sub-14_MD_mean.dscalar.nii
✓ Saved std MD map: /ptmp/hmueller2/2025_ibc_latent/outputs/md_system/vertex_wise/sub-14/sub-14_MD_std.dscalar.nii
✓ Saved contrast info: /ptmp/hmueller2/2025_ibc_latent/outputs/md_system/vertex_wise/sub-14/sub-14_MD_contrasts.txt

============================================================
Processing subject 15
============================================================
  Looking for contrasts in: /ptmp/hmueller2/2025_ibc_latent/outputs/glm/contrast_maps_fsLR/sub-15
  Subject directory contents (89 items): ['res_task-ArchiEmotional_space-fsLR_dir-ffx', 'res_task-ArchiSocial_space-fsLR_dir-ffx', 'res_task-ArchiSpatial_space-fsLR_dir-ffx', 'res_task-ArchiStandard_space-fsLR_dir-ffx', 'res_task-Attention_space-fsLR_dir-ffx', 'res_task-Audi_space-fsLR_dir-ffx', 'res_task-BiologicalMotion1_space-fsLR_dir-ffx', 'res_task-BiologicalMotion2_space-fsLR_dir-ffx', 'res_task-BreathHolding_space-fsLR_dir-ffx', 'res_task-Catell_space-fsLR_dir-ffx', 'res_task-Checkerboard_space-fsLR_dir-ffx', 'res_task-Color_space-fsLR_dir-ffx', 'res_task-Discount_space-fsLR_dir-ffx', 'res_task-DotPatterns_space-fsLR_dir-ffx', 'res_task-EmoMem_space-fsLR_dir-ffx', 'res_task-EmoReco_space-fsLR_dir-ffx', 'res_task-EmotionalPain_space-fsLR_dir-ffx', 'res_task-Enumeration_space-fsLR_dir-ffx', 'res_task-FaceBody_space-fsLR_dir-ffx', 'res_task-FingerTap_space-fsLR_dir-ffx', 'res_task-HcpEmotion_space-fsLR_dir-ffx', 'res_task-HcpGambling_space-fsLR_dir-ffx', 'res_task-HcpLanguage_space-fsLR_dir-ffx', 'res_task-HcpMotor_space-fsLR_dir-ffx', 'res_task-HcpRelational_space-fsLR_dir-ffx', 'res_task-HcpSocial_space-fsLR_dir-ffx', 'res_task-HcpWm_space-fsLR_dir-ffx', 'res_task-ItemRecognition_space-fsLR_dir-ffx', 'res_task-Lec1_space-fsLR_dir-ffx', 'res_task-Lec2_space-fsLR_dir-ffx', 'res_task-MCSE_space-fsLR_dir-ffx', 'res_task-MTTNS_space-fsLR_dir-ffx', 'res_task-MTTWE_space-fsLR_dir-ffx', 'res_task-MVEB_space-fsLR_dir-ffx', 'res_task-MVIS_space-fsLR_dir-ffx', 'res_task-MathLanguage_space-fsLR_dir-ffx', 'res_task-Motion_space-fsLR_dir-ffx', 'res_task-Moto_space-fsLR_dir-ffx', 'res_task-NARPS_space-fsLR_dir-ffx', 'res_task-PainMovie_space-fsLR_dir-ffx', 'res_task-PreferenceFaces_space-fsLR_dir-ffx', 'res_task-PreferenceFood_space-fsLR_dir-ffx', 'res_task-PreferenceHouses_space-fsLR_dir-ffx', 'res_task-PreferencePaintings_space-fsLR_dir-ffx', 'res_task-RSVPLanguage_space-fsLR_dir-ffx', 'res_task-RewProc_space-fsLR_dir-ffx', 'res_task-Scene_space-fsLR_dir-ffx', 'res_task-SelectiveStopSignal_space-fsLR_dir-ffx', 'res_task-Self_space-fsLR_dir-ffx', 'res_task-SpatialNavigation_space-fsLR_dir-ffx', 'res_task-StopNogo_space-fsLR_dir-ffx', 'res_task-StopSignal_space-fsLR_dir-ffx', 'res_task-Stroop_space-fsLR_dir-ffx', 'res_task-TheoryOfMind_space-fsLR_dir-ffx', 'res_task-TwoByTwo_space-fsLR_dir-ffx', 'res_task-VSTMC_space-fsLR_dir-ffx', 'res_task-VSTM_space-fsLR_dir-ffx', 'res_task-Visu_space-fsLR_dir-ffx', 'res_task-VisualSearch_space-fsLR_dir-ffx', 'res_task-WardAndAllport_space-fsLR_dir-ffx', 'res_task-WedgeAnti_space-fsLR_dir-ffx', 'res_task-WedgeClock_space-fsLR_dir-ffx', 'ses-00', 'ses-01', 'ses-02', 'ses-03', 'ses-04', 'ses-05', 'ses-06', 'ses-10', 'ses-11', 'ses-14', 'ses-15', 'ses-19', 'ses-20', 'ses-21', 'ses-24', 'ses-25', 'ses-26', 'ses-29', 'ses-30', 'ses-31', 'ses-35', 'ses-36', 'ses-37', 'ses-38', 'ses-39', 'ses-40', 'ses-42']
  Glob pattern: /ptmp/hmueller2/2025_ibc_latent/outputs/glm/contrast_maps_fsLR/sub-15/res_task-*_space-fsLR_dir-ffx
  Found 62 task directories: ['/ptmp/hmueller2/2025_ibc_latent/outputs/glm/contrast_maps_fsLR/sub-15/res_task-ArchiEmotional_space-fsLR_dir-ffx', '/ptmp/hmueller2/2025_ibc_latent/outputs/glm/contrast_maps_fsLR/sub-15/res_task-ArchiSocial_space-fsLR_dir-ffx', '/ptmp/hmueller2/2025_ibc_latent/outputs/glm/contrast_maps_fsLR/sub-15/res_task-ArchiSpatial_space-fsLR_dir-ffx', '/ptmp/hmueller2/2025_ibc_latent/outputs/glm/contrast_maps_fsLR/sub-15/res_task-ArchiStandard_space-fsLR_dir-ffx', '/ptmp/hmueller2/2025_ibc_latent/outputs/glm/contrast_maps_fsLR/sub-15/res_task-Attention_space-fsLR_dir-ffx', '/ptmp/hmueller2/2025_ibc_latent/outputs/glm/contrast_maps_fsLR/sub-15/res_task-Audi_space-fsLR_dir-ffx', '/ptmp/hmueller2/2025_ibc_latent/outputs/glm/contrast_maps_fsLR/sub-15/res_task-BiologicalMotion1_space-fsLR_dir-ffx', '/ptmp/hmueller2/2025_ibc_latent/outputs/glm/contrast_maps_fsLR/sub-15/res_task-BiologicalMotion2_space-fsLR_dir-ffx', '/ptmp/hmueller2/2025_ibc_latent/outputs/glm/contrast_maps_fsLR/sub-15/res_task-BreathHolding_space-fsLR_dir-ffx', '/ptmp/hmueller2/2025_ibc_latent/outputs/glm/contrast_maps_fsLR/sub-15/res_task-Catell_space-fsLR_dir-ffx', '/ptmp/hmueller2/2025_ibc_latent/outputs/glm/contrast_maps_fsLR/sub-15/res_task-Checkerboard_space-fsLR_dir-ffx', '/ptmp/hmueller2/2025_ibc_latent/outputs/glm/contrast_maps_fsLR/sub-15/res_task-Color_space-fsLR_dir-ffx', '/ptmp/hmueller2/2025_ibc_latent/outputs/glm/contrast_maps_fsLR/sub-15/res_task-Discount_space-fsLR_dir-ffx', '/ptmp/hmueller2/2025_ibc_latent/outputs/glm/contrast_maps_fsLR/sub-15/res_task-DotPatterns_space-fsLR_dir-ffx', '/ptmp/hmueller2/2025_ibc_latent/outputs/glm/contrast_maps_fsLR/sub-15/res_task-EmoMem_space-fsLR_dir-ffx', '/ptmp/hmueller2/2025_ibc_latent/outputs/glm/contrast_maps_fsLR/sub-15/res_task-EmoReco_space-fsLR_dir-ffx', '/ptmp/hmueller2/2025_ibc_latent/outputs/glm/contrast_maps_fsLR/sub-15/res_task-EmotionalPain_space-fsLR_dir-ffx', '/ptmp/hmueller2/2025_ibc_latent/outputs/glm/contrast_maps_fsLR/sub-15/res_task-Enumeration_space-fsLR_dir-ffx', '/ptmp/hmueller2/2025_ibc_latent/outputs/glm/contrast_maps_fsLR/sub-15/res_task-FaceBody_space-fsLR_dir-ffx', '/ptmp/hmueller2/2025_ibc_latent/outputs/glm/contrast_maps_fsLR/sub-15/res_task-FingerTap_space-fsLR_dir-ffx', '/ptmp/hmueller2/2025_ibc_latent/outputs/glm/contrast_maps_fsLR/sub-15/res_task-HcpEmotion_space-fsLR_dir-ffx', '/ptmp/hmueller2/2025_ibc_latent/outputs/glm/contrast_maps_fsLR/sub-15/res_task-HcpGambling_space-fsLR_dir-ffx', '/ptmp/hmueller2/2025_ibc_latent/outputs/glm/contrast_maps_fsLR/sub-15/res_task-HcpLanguage_space-fsLR_dir-ffx', '/ptmp/hmueller2/2025_ibc_latent/outputs/glm/contrast_maps_fsLR/sub-15/res_task-HcpMotor_space-fsLR_dir-ffx', '/ptmp/hmueller2/2025_ibc_latent/outputs/glm/contrast_maps_fsLR/sub-15/res_task-HcpRelational_space-fsLR_dir-ffx', '/ptmp/hmueller2/2025_ibc_latent/outputs/glm/contrast_maps_fsLR/sub-15/res_task-HcpSocial_space-fsLR_dir-ffx', '/ptmp/hmueller2/2025_ibc_latent/outputs/glm/contrast_maps_fsLR/sub-15/res_task-HcpWm_space-fsLR_dir-ffx', '/ptmp/hmueller2/2025_ibc_latent/outputs/glm/contrast_maps_fsLR/sub-15/res_task-ItemRecognition_space-fsLR_dir-ffx', '/ptmp/hmueller2/2025_ibc_latent/outputs/glm/contrast_maps_fsLR/sub-15/res_task-Lec1_space-fsLR_dir-ffx', '/ptmp/hmueller2/2025_ibc_latent/outputs/glm/contrast_maps_fsLR/sub-15/res_task-Lec2_space-fsLR_dir-ffx', '/ptmp/hmueller2/2025_ibc_latent/outputs/glm/contrast_maps_fsLR/sub-15/res_task-MCSE_space-fsLR_dir-ffx', '/ptmp/hmueller2/2025_ibc_latent/outputs/glm/contrast_maps_fsLR/sub-15/res_task-MTTNS_space-fsLR_dir-ffx', '/ptmp/hmueller2/2025_ibc_latent/outputs/glm/contrast_maps_fsLR/sub-15/res_task-MTTWE_space-fsLR_dir-ffx', '/ptmp/hmueller2/2025_ibc_latent/outputs/glm/contrast_maps_fsLR/sub-15/res_task-MVEB_space-fsLR_dir-ffx', '/ptmp/hmueller2/2025_ibc_latent/outputs/glm/contrast_maps_fsLR/sub-15/res_task-MVIS_space-fsLR_dir-ffx', '/ptmp/hmueller2/2025_ibc_latent/outputs/glm/contrast_maps_fsLR/sub-15/res_task-MathLanguage_space-fsLR_dir-ffx', '/ptmp/hmueller2/2025_ibc_latent/outputs/glm/contrast_maps_fsLR/sub-15/res_task-Motion_space-fsLR_dir-ffx', '/ptmp/hmueller2/2025_ibc_latent/outputs/glm/contrast_maps_fsLR/sub-15/res_task-Moto_space-fsLR_dir-ffx', '/ptmp/hmueller2/2025_ibc_latent/outputs/glm/contrast_maps_fsLR/sub-15/res_task-NARPS_space-fsLR_dir-ffx', '/ptmp/hmueller2/2025_ibc_latent/outputs/glm/contrast_maps_fsLR/sub-15/res_task-PainMovie_space-fsLR_dir-ffx', '/ptmp/hmueller2/2025_ibc_latent/outputs/glm/contrast_maps_fsLR/sub-15/res_task-PreferenceFaces_space-fsLR_dir-ffx', '/ptmp/hmueller2/2025_ibc_latent/outputs/glm/contrast_maps_fsLR/sub-15/res_task-PreferenceFood_space-fsLR_dir-ffx', '/ptmp/hmueller2/2025_ibc_latent/outputs/glm/contrast_maps_fsLR/sub-15/res_task-PreferenceHouses_space-fsLR_dir-ffx', '/ptmp/hmueller2/2025_ibc_latent/outputs/glm/contrast_maps_fsLR/sub-15/res_task-PreferencePaintings_space-fsLR_dir-ffx', '/ptmp/hmueller2/2025_ibc_latent/outputs/glm/contrast_maps_fsLR/sub-15/res_task-RSVPLanguage_space-fsLR_dir-ffx', '/ptmp/hmueller2/2025_ibc_latent/outputs/glm/contrast_maps_fsLR/sub-15/res_task-RewProc_space-fsLR_dir-ffx', '/ptmp/hmueller2/2025_ibc_latent/outputs/glm/contrast_maps_fsLR/sub-15/res_task-Scene_space-fsLR_dir-ffx', '/ptmp/hmueller2/2025_ibc_latent/outputs/glm/contrast_maps_fsLR/sub-15/res_task-SelectiveStopSignal_space-fsLR_dir-ffx', '/ptmp/hmueller2/2025_ibc_latent/outputs/glm/contrast_maps_fsLR/sub-15/res_task-Self_space-fsLR_dir-ffx', '/ptmp/hmueller2/2025_ibc_latent/outputs/glm/contrast_maps_fsLR/sub-15/res_task-SpatialNavigation_space-fsLR_dir-ffx', '/ptmp/hmueller2/2025_ibc_latent/outputs/glm/contrast_maps_fsLR/sub-15/res_task-StopNogo_space-fsLR_dir-ffx', '/ptmp/hmueller2/2025_ibc_latent/outputs/glm/contrast_maps_fsLR/sub-15/res_task-StopSignal_space-fsLR_dir-ffx', '/ptmp/hmueller2/2025_ibc_latent/outputs/glm/contrast_maps_fsLR/sub-15/res_task-Stroop_space-fsLR_dir-ffx', '/ptmp/hmueller2/2025_ibc_latent/outputs/glm/contrast_maps_fsLR/sub-15/res_task-TheoryOfMind_space-fsLR_dir-ffx', '/ptmp/hmueller2/2025_ibc_latent/outputs/glm/contrast_maps_fsLR/sub-15/res_task-TwoByTwo_space-fsLR_dir-ffx', '/ptmp/hmueller2/2025_ibc_latent/outputs/glm/contrast_maps_fsLR/sub-15/res_task-VSTMC_space-fsLR_dir-ffx', '/ptmp/hmueller2/2025_ibc_latent/outputs/glm/contrast_maps_fsLR/sub-15/res_task-VSTM_space-fsLR_dir-ffx', '/ptmp/hmueller2/2025_ibc_latent/outputs/glm/contrast_maps_fsLR/sub-15/res_task-Visu_space-fsLR_dir-ffx', '/ptmp/hmueller2/2025_ibc_latent/outputs/glm/contrast_maps_fsLR/sub-15/res_task-VisualSearch_space-fsLR_dir-ffx', '/ptmp/hmueller2/2025_ibc_latent/outputs/glm/contrast_maps_fsLR/sub-15/res_task-WardAndAllport_space-fsLR_dir-ffx', '/ptmp/hmueller2/2025_ibc_latent/outputs/glm/contrast_maps_fsLR/sub-15/res_task-WedgeAnti_space-fsLR_dir-ffx', '/ptmp/hmueller2/2025_ibc_latent/outputs/glm/contrast_maps_fsLR/sub-15/res_task-WedgeClock_space-fsLR_dir-ffx']
    Processing task 'ArchiEmotional':
      Task dir: /ptmp/hmueller2/2025_ibc_latent/outputs/glm/contrast_maps_fsLR/sub-15/res_task-ArchiEmotional_space-fsLR_dir-ffx
      Z-map dir: /ptmp/hmueller2/2025_ibc_latent/outputs/glm/contrast_maps_fsLR/sub-15/res_task-ArchiEmotional_space-fsLR_dir-ffx/z_score_maps
      Z-map dir exists: True
      Glob pattern for z-maps: /ptmp/hmueller2/2025_ibc_latent/outputs/glm/contrast_maps_fsLR/sub-15/res_task-ArchiEmotional_space-fsLR_dir-ffx/z_score_maps/*.dscalar.nii
      Found 14 z-maps
    Processing task 'ArchiSocial':
      Task dir: /ptmp/hmueller2/2025_ibc_latent/outputs/glm/contrast_maps_fsLR/sub-15/res_task-ArchiSocial_space-fsLR_dir-ffx
      Z-map dir: /ptmp/hmueller2/2025_ibc_latent/outputs/glm/contrast_maps_fsLR/sub-15/res_task-ArchiSocial_space-fsLR_dir-ffx/z_score_maps
      Z-map dir exists: True
      Glob pattern for z-maps: /ptmp/hmueller2/2025_ibc_latent/outputs/glm/contrast_maps_fsLR/sub-15/res_task-ArchiSocial_space-fsLR_dir-ffx/z_score_maps/*.dscalar.nii
      Found 13 z-maps
    Processing task 'ArchiSpatial':
      Task dir: /ptmp/hmueller2/2025_ibc_latent/outputs/glm/contrast_maps_fsLR/sub-15/res_task-ArchiSpatial_space-fsLR_dir-ffx
      Z-map dir: /ptmp/hmueller2/2025_ibc_latent/outputs/glm/contrast_maps_fsLR/sub-15/res_task-ArchiSpatial_space-fsLR_dir-ffx/z_score_maps
      Z-map dir exists: True
      Glob pattern for z-maps: /ptmp/hmueller2/2025_ibc_latent/outputs/glm/contrast_maps_fsLR/sub-15/res_task-ArchiSpatial_space-fsLR_dir-ffx/z_score_maps/*.dscalar.nii
      Found 7 z-maps
    Processing task 'ArchiStandard':
      Task dir: /ptmp/hmueller2/2025_ibc_latent/outputs/glm/contrast_maps_fsLR/sub-15/res_task-ArchiStandard_space-fsLR_dir-ffx
      Z-map dir: /ptmp/hmueller2/2025_ibc_latent/outputs/glm/contrast_maps_fsLR/sub-15/res_task-ArchiStandard_space-fsLR_dir-ffx/z_score_maps
      Z-map dir exists: True
      Glob pattern for z-maps: /ptmp/hmueller2/2025_ibc_latent/outputs/glm/contrast_maps_fsLR/sub-15/res_task-ArchiStandard_space-fsLR_dir-ffx/z_score_maps/*.dscalar.nii
      Found 23 z-maps
    Processing task 'Attention':
      Task dir: /ptmp/hmueller2/2025_ibc_latent/outputs/glm/contrast_maps_fsLR/sub-15/res_task-Attention_space-fsLR_dir-ffx
      Z-map dir: /ptmp/hmueller2/2025_ibc_latent/outputs/glm/contrast_maps_fsLR/sub-15/res_task-Attention_space-fsLR_dir-ffx/z_score_maps
      Z-map dir exists: True
      Glob pattern for z-maps: /ptmp/hmueller2/2025_ibc_latent/outputs/glm/contrast_maps_fsLR/sub-15/res_task-Attention_space-fsLR_dir-ffx/z_score_maps/*.dscalar.nii
      Found 10 z-maps
    Processing task 'Audi':
      Task dir: /ptmp/hmueller2/2025_ibc_latent/outputs/glm/contrast_maps_fsLR/sub-15/res_task-Audi_space-fsLR_dir-ffx
      Z-map dir: /ptmp/hmueller2/2025_ibc_latent/outputs/glm/contrast_maps_fsLR/sub-15/res_task-Audi_space-fsLR_dir-ffx/z_score_maps
      Z-map dir exists: True
      Glob pattern for z-maps: /ptmp/hmueller2/2025_ibc_latent/outputs/glm/contrast_maps_fsLR/sub-15/res_task-Audi_space-fsLR_dir-ffx/z_score_maps/*.dscalar.nii
      Found 25 z-maps
    Processing task 'BiologicalMotion1':
      Task dir: /ptmp/hmueller2/2025_ibc_latent/outputs/glm/contrast_maps_fsLR/sub-15/res_task-BiologicalMotion1_space-fsLR_dir-ffx
      Z-map dir: /ptmp/hmueller2/2025_ibc_latent/outputs/glm/contrast_maps_fsLR/sub-15/res_task-BiologicalMotion1_space-fsLR_dir-ffx/z_score_maps
      Z-map dir exists: True
      Glob pattern for z-maps: /ptmp/hmueller2/2025_ibc_latent/outputs/glm/contrast_maps_fsLR/sub-15/res_task-BiologicalMotion1_space-fsLR_dir-ffx/z_score_maps/*.dscalar.nii
      Found 10 z-maps
    Processing task 'BiologicalMotion2':
      Task dir: /ptmp/hmueller2/2025_ibc_latent/outputs/glm/contrast_maps_fsLR/sub-15/res_task-BiologicalMotion2_space-fsLR_dir-ffx
      Z-map dir: /ptmp/hmueller2/2025_ibc_latent/outputs/glm/contrast_maps_fsLR/sub-15/res_task-BiologicalMotion2_space-fsLR_dir-ffx/z_score_maps
      Z-map dir exists: True
      Glob pattern for z-maps: /ptmp/hmueller2/2025_ibc_latent/outputs/glm/contrast_maps_fsLR/sub-15/res_task-BiologicalMotion2_space-fsLR_dir-ffx/z_score_maps/*.dscalar.nii
      Found 10 z-maps
    Processing task 'BreathHolding':
      Task dir: /ptmp/hmueller2/2025_ibc_latent/outputs/glm/contrast_maps_fsLR/sub-15/res_task-BreathHolding_space-fsLR_dir-ffx
      Z-map dir: /ptmp/hmueller2/2025_ibc_latent/outputs/glm/contrast_maps_fsLR/sub-15/res_task-BreathHolding_space-fsLR_dir-ffx/z_score_maps
      Z-map dir exists: True
      Glob pattern for z-maps: /ptmp/hmueller2/2025_ibc_latent/outputs/glm/contrast_maps_fsLR/sub-15/res_task-BreathHolding_space-fsLR_dir-ffx/z_score_maps/*.dscalar.nii
      Found 4 z-maps
    Processing task 'Catell':
      Task dir: /ptmp/hmueller2/2025_ibc_latent/outputs/glm/contrast_maps_fsLR/sub-15/res_task-Catell_space-fsLR_dir-ffx
      Z-map dir: /ptmp/hmueller2/2025_ibc_latent/outputs/glm/contrast_maps_fsLR/sub-15/res_task-Catell_space-fsLR_dir-ffx/z_score_maps
      Z-map dir exists: True
      Glob pattern for z-maps: /ptmp/hmueller2/2025_ibc_latent/outputs/glm/contrast_maps_fsLR/sub-15/res_task-Catell_space-fsLR_dir-ffx/z_score_maps/*.dscalar.nii
      Found 3 z-maps
    Processing task 'Checkerboard':
      Task dir: /ptmp/hmueller2/2025_ibc_latent/outputs/glm/contrast_maps_fsLR/sub-15/res_task-Checkerboard_space-fsLR_dir-ffx
      Z-map dir: /ptmp/hmueller2/2025_ibc_latent/outputs/glm/contrast_maps_fsLR/sub-15/res_task-Checkerboard_space-fsLR_dir-ffx/z_score_maps
      Z-map dir exists: True
      Glob pattern for z-maps: /ptmp/hmueller2/2025_ibc_latent/outputs/glm/contrast_maps_fsLR/sub-15/res_task-Checkerboard_space-fsLR_dir-ffx/z_score_maps/*.dscalar.nii
      Found 3 z-maps
    Processing task 'Color':
      Task dir: /ptmp/hmueller2/2025_ibc_latent/outputs/glm/contrast_maps_fsLR/sub-15/res_task-Color_space-fsLR_dir-ffx
      Z-map dir: /ptmp/hmueller2/2025_ibc_latent/outputs/glm/contrast_maps_fsLR/sub-15/res_task-Color_space-fsLR_dir-ffx/z_score_maps
      Z-map dir exists: True
      Glob pattern for z-maps: /ptmp/hmueller2/2025_ibc_latent/outputs/glm/contrast_maps_fsLR/sub-15/res_task-Color_space-fsLR_dir-ffx/z_score_maps/*.dscalar.nii
      Found 4 z-maps
    Processing task 'Discount':
      Task dir: /ptmp/hmueller2/2025_ibc_latent/outputs/glm/contrast_maps_fsLR/sub-15/res_task-Discount_space-fsLR_dir-ffx
      Z-map dir: /ptmp/hmueller2/2025_ibc_latent/outputs/glm/contrast_maps_fsLR/sub-15/res_task-Discount_space-fsLR_dir-ffx/z_score_maps
      Z-map dir exists: True
      Glob pattern for z-maps: /ptmp/hmueller2/2025_ibc_latent/outputs/glm/contrast_maps_fsLR/sub-15/res_task-Discount_space-fsLR_dir-ffx/z_score_maps/*.dscalar.nii
      Found 2 z-maps
    Processing task 'DotPatterns':
      Task dir: /ptmp/hmueller2/2025_ibc_latent/outputs/glm/contrast_maps_fsLR/sub-15/res_task-DotPatterns_space-fsLR_dir-ffx
      Z-map dir: /ptmp/hmueller2/2025_ibc_latent/outputs/glm/contrast_maps_fsLR/sub-15/res_task-DotPatterns_space-fsLR_dir-ffx/z_score_maps
      Z-map dir exists: True
      Glob pattern for z-maps: /ptmp/hmueller2/2025_ibc_latent/outputs/glm/contrast_maps_fsLR/sub-15/res_task-DotPatterns_space-fsLR_dir-ffx/z_score_maps/*.dscalar.nii
      Found 11 z-maps
    Processing task 'EmoMem':
      Task dir: /ptmp/hmueller2/2025_ibc_latent/outputs/glm/contrast_maps_fsLR/sub-15/res_task-EmoMem_space-fsLR_dir-ffx
      Z-map dir: /ptmp/hmueller2/2025_ibc_latent/outputs/glm/contrast_maps_fsLR/sub-15/res_task-EmoMem_space-fsLR_dir-ffx/z_score_maps
      Z-map dir exists: True
      Glob pattern for z-maps: /ptmp/hmueller2/2025_ibc_latent/outputs/glm/contrast_maps_fsLR/sub-15/res_task-EmoMem_space-fsLR_dir-ffx/z_score_maps/*.dscalar.nii
      Found 6 z-maps
    Processing task 'EmoReco':
      Task dir: /ptmp/hmueller2/2025_ibc_latent/outputs/glm/contrast_maps_fsLR/sub-15/res_task-EmoReco_space-fsLR_dir-ffx
      Z-map dir: /ptmp/hmueller2/2025_ibc_latent/outputs/glm/contrast_maps_fsLR/sub-15/res_task-EmoReco_space-fsLR_dir-ffx/z_score_maps
      Z-map dir exists: True
      Glob pattern for z-maps: /ptmp/hmueller2/2025_ibc_latent/outputs/glm/contrast_maps_fsLR/sub-15/res_task-EmoReco_space-fsLR_dir-ffx/z_score_maps/*.dscalar.nii
      Found 10 z-maps
    Processing task 'EmotionalPain':
      Task dir: /ptmp/hmueller2/2025_ibc_latent/outputs/glm/contrast_maps_fsLR/sub-15/res_task-EmotionalPain_space-fsLR_dir-ffx
      Z-map dir: /ptmp/hmueller2/2025_ibc_latent/outputs/glm/contrast_maps_fsLR/sub-15/res_task-EmotionalPain_space-fsLR_dir-ffx/z_score_maps
      Z-map dir exists: True
      Glob pattern for z-maps: /ptmp/hmueller2/2025_ibc_latent/outputs/glm/contrast_maps_fsLR/sub-15/res_task-EmotionalPain_space-fsLR_dir-ffx/z_score_maps/*.dscalar.nii
      Found 3 z-maps
    Processing task 'Enumeration':
      Task dir: /ptmp/hmueller2/2025_ibc_latent/outputs/glm/contrast_maps_fsLR/sub-15/res_task-Enumeration_space-fsLR_dir-ffx
      Z-map dir: /ptmp/hmueller2/2025_ibc_latent/outputs/glm/contrast_maps_fsLR/sub-15/res_task-Enumeration_space-fsLR_dir-ffx/z_score_maps
      Z-map dir exists: True
      Glob pattern for z-maps: /ptmp/hmueller2/2025_ibc_latent/outputs/glm/contrast_maps_fsLR/sub-15/res_task-Enumeration_space-fsLR_dir-ffx/z_score_maps/*.dscalar.nii
      Found 3 z-maps
    Processing task 'FaceBody':
      Task dir: /ptmp/hmueller2/2025_ibc_latent/outputs/glm/contrast_maps_fsLR/sub-15/res_task-FaceBody_space-fsLR_dir-ffx
      Z-map dir: /ptmp/hmueller2/2025_ibc_latent/outputs/glm/contrast_maps_fsLR/sub-15/res_task-FaceBody_space-fsLR_dir-ffx/z_score_maps
      Z-map dir exists: True
      Glob pattern for z-maps: /ptmp/hmueller2/2025_ibc_latent/outputs/glm/contrast_maps_fsLR/sub-15/res_task-FaceBody_space-fsLR_dir-ffx/z_score_maps/*.dscalar.nii
      Found 15 z-maps
    Processing task 'FingerTap':
      Task dir: /ptmp/hmueller2/2025_ibc_latent/outputs/glm/contrast_maps_fsLR/sub-15/res_task-FingerTap_space-fsLR_dir-ffx
      Z-map dir: /ptmp/hmueller2/2025_ibc_latent/outputs/glm/contrast_maps_fsLR/sub-15/res_task-FingerTap_space-fsLR_dir-ffx/z_score_maps
      Z-map dir exists: True
      Glob pattern for z-maps: /ptmp/hmueller2/2025_ibc_latent/outputs/glm/contrast_maps_fsLR/sub-15/res_task-FingerTap_space-fsLR_dir-ffx/z_score_maps/*.dscalar.nii
      Found 3 z-maps
    Processing task 'HcpEmotion':
      Task dir: /ptmp/hmueller2/2025_ibc_latent/outputs/glm/contrast_maps_fsLR/sub-15/res_task-HcpEmotion_space-fsLR_dir-ffx
      Z-map dir: /ptmp/hmueller2/2025_ibc_latent/outputs/glm/contrast_maps_fsLR/sub-15/res_task-HcpEmotion_space-fsLR_dir-ffx/z_score_maps
      Z-map dir exists: True
      Glob pattern for z-maps: /ptmp/hmueller2/2025_ibc_latent/outputs/glm/contrast_maps_fsLR/sub-15/res_task-HcpEmotion_space-fsLR_dir-ffx/z_score_maps/*.dscalar.nii
      Found 4 z-maps
    Processing task 'HcpGambling':
      Task dir: /ptmp/hmueller2/2025_ibc_latent/outputs/glm/contrast_maps_fsLR/sub-15/res_task-HcpGambling_space-fsLR_dir-ffx
      Z-map dir: /ptmp/hmueller2/2025_ibc_latent/outputs/glm/contrast_maps_fsLR/sub-15/res_task-HcpGambling_space-fsLR_dir-ffx/z_score_maps
      Z-map dir exists: True
      Glob pattern for z-maps: /ptmp/hmueller2/2025_ibc_latent/outputs/glm/contrast_maps_fsLR/sub-15/res_task-HcpGambling_space-fsLR_dir-ffx/z_score_maps/*.dscalar.nii
      Found 4 z-maps
    Processing task 'HcpLanguage':
      Task dir: /ptmp/hmueller2/2025_ibc_latent/outputs/glm/contrast_maps_fsLR/sub-15/res_task-HcpLanguage_space-fsLR_dir-ffx
      Z-map dir: /ptmp/hmueller2/2025_ibc_latent/outputs/glm/contrast_maps_fsLR/sub-15/res_task-HcpLanguage_space-fsLR_dir-ffx/z_score_maps
      Z-map dir exists: True
      Glob pattern for z-maps: /ptmp/hmueller2/2025_ibc_latent/outputs/glm/contrast_maps_fsLR/sub-15/res_task-HcpLanguage_space-fsLR_dir-ffx/z_score_maps/*.dscalar.nii
      Found 4 z-maps
    Processing task 'HcpMotor':
      Task dir: /ptmp/hmueller2/2025_ibc_latent/outputs/glm/contrast_maps_fsLR/sub-15/res_task-HcpMotor_space-fsLR_dir-ffx
      Z-map dir: /ptmp/hmueller2/2025_ibc_latent/outputs/glm/contrast_maps_fsLR/sub-15/res_task-HcpMotor_space-fsLR_dir-ffx/z_score_maps
      Z-map dir exists: True
      Glob pattern for z-maps: /ptmp/hmueller2/2025_ibc_latent/outputs/glm/contrast_maps_fsLR/sub-15/res_task-HcpMotor_space-fsLR_dir-ffx/z_score_maps/*.dscalar.nii
      Found 11 z-maps
    Processing task 'HcpRelational':
      Task dir: /ptmp/hmueller2/2025_ibc_latent/outputs/glm/contrast_maps_fsLR/sub-15/res_task-HcpRelational_space-fsLR_dir-ffx
      Z-map dir: /ptmp/hmueller2/2025_ibc_latent/outputs/glm/contrast_maps_fsLR/sub-15/res_task-HcpRelational_space-fsLR_dir-ffx/z_score_maps
      Z-map dir exists: True
      Glob pattern for z-maps: /ptmp/hmueller2/2025_ibc_latent/outputs/glm/contrast_maps_fsLR/sub-15/res_task-HcpRelational_space-fsLR_dir-ffx/z_score_maps/*.dscalar.nii
      Found 3 z-maps
    Processing task 'HcpSocial':
      Task dir: /ptmp/hmueller2/2025_ibc_latent/outputs/glm/contrast_maps_fsLR/sub-15/res_task-HcpSocial_space-fsLR_dir-ffx
      Z-map dir: /ptmp/hmueller2/2025_ibc_latent/outputs/glm/contrast_maps_fsLR/sub-15/res_task-HcpSocial_space-fsLR_dir-ffx/z_score_maps
      Z-map dir exists: True
      Glob pattern for z-maps: /ptmp/hmueller2/2025_ibc_latent/outputs/glm/contrast_maps_fsLR/sub-15/res_task-HcpSocial_space-fsLR_dir-ffx/z_score_maps/*.dscalar.nii
      Found 3 z-maps
    Processing task 'HcpWm':
      Task dir: /ptmp/hmueller2/2025_ibc_latent/outputs/glm/contrast_maps_fsLR/sub-15/res_task-HcpWm_space-fsLR_dir-ffx
      Z-map dir: /ptmp/hmueller2/2025_ibc_latent/outputs/glm/contrast_maps_fsLR/sub-15/res_task-HcpWm_space-fsLR_dir-ffx/z_score_maps
      Z-map dir exists: True
      Glob pattern for z-maps: /ptmp/hmueller2/2025_ibc_latent/outputs/glm/contrast_maps_fsLR/sub-15/res_task-HcpWm_space-fsLR_dir-ffx/z_score_maps/*.dscalar.nii
      Found 14 z-maps
    Processing task 'ItemRecognition':
      Task dir: /ptmp/hmueller2/2025_ibc_latent/outputs/glm/contrast_maps_fsLR/sub-15/res_task-ItemRecognition_space-fsLR_dir-ffx
      Z-map dir: /ptmp/hmueller2/2025_ibc_latent/outputs/glm/contrast_maps_fsLR/sub-15/res_task-ItemRecognition_space-fsLR_dir-ffx/z_score_maps
      Z-map dir exists: True
      Glob pattern for z-maps: /ptmp/hmueller2/2025_ibc_latent/outputs/glm/contrast_maps_fsLR/sub-15/res_task-ItemRecognition_space-fsLR_dir-ffx/z_score_maps/*.dscalar.nii
      Found 17 z-maps
    Processing task 'Lec1':
      Task dir: /ptmp/hmueller2/2025_ibc_latent/outputs/glm/contrast_maps_fsLR/sub-15/res_task-Lec1_space-fsLR_dir-ffx
      Z-map dir: /ptmp/hmueller2/2025_ibc_latent/outputs/glm/contrast_maps_fsLR/sub-15/res_task-Lec1_space-fsLR_dir-ffx/z_score_maps
      Z-map dir exists: True
      Glob pattern for z-maps: /ptmp/hmueller2/2025_ibc_latent/outputs/glm/contrast_maps_fsLR/sub-15/res_task-Lec1_space-fsLR_dir-ffx/z_score_maps/*.dscalar.nii
      Found 6 z-maps
    Processing task 'Lec2':
      Task dir: /ptmp/hmueller2/2025_ibc_latent/outputs/glm/contrast_maps_fsLR/sub-15/res_task-Lec2_space-fsLR_dir-ffx
      Z-map dir: /ptmp/hmueller2/2025_ibc_latent/outputs/glm/contrast_maps_fsLR/sub-15/res_task-Lec2_space-fsLR_dir-ffx/z_score_maps
      Z-map dir exists: True
      Glob pattern for z-maps: /ptmp/hmueller2/2025_ibc_latent/outputs/glm/contrast_maps_fsLR/sub-15/res_task-Lec2_space-fsLR_dir-ffx/z_score_maps/*.dscalar.nii
      Found 3 z-maps
    Processing task 'MCSE':
      Task dir: /ptmp/hmueller2/2025_ibc_latent/outputs/glm/contrast_maps_fsLR/sub-15/res_task-MCSE_space-fsLR_dir-ffx
      Z-map dir: /ptmp/hmueller2/2025_ibc_latent/outputs/glm/contrast_maps_fsLR/sub-15/res_task-MCSE_space-fsLR_dir-ffx/z_score_maps
      Z-map dir exists: True
      Glob pattern for z-maps: /ptmp/hmueller2/2025_ibc_latent/outputs/glm/contrast_maps_fsLR/sub-15/res_task-MCSE_space-fsLR_dir-ffx/z_score_maps/*.dscalar.nii
      Found 9 z-maps
    Processing task 'MTTNS':
      Task dir: /ptmp/hmueller2/2025_ibc_latent/outputs/glm/contrast_maps_fsLR/sub-15/res_task-MTTNS_space-fsLR_dir-ffx
      Z-map dir: /ptmp/hmueller2/2025_ibc_latent/outputs/glm/contrast_maps_fsLR/sub-15/res_task-MTTNS_space-fsLR_dir-ffx/z_score_maps
      Z-map dir exists: True
      Glob pattern for z-maps: /ptmp/hmueller2/2025_ibc_latent/outputs/glm/contrast_maps_fsLR/sub-15/res_task-MTTNS_space-fsLR_dir-ffx/z_score_maps/*.dscalar.nii
      Found 19 z-maps
    Processing task 'MTTWE':
      Task dir: /ptmp/hmueller2/2025_ibc_latent/outputs/glm/contrast_maps_fsLR/sub-15/res_task-MTTWE_space-fsLR_dir-ffx
      Z-map dir: /ptmp/hmueller2/2025_ibc_latent/outputs/glm/contrast_maps_fsLR/sub-15/res_task-MTTWE_space-fsLR_dir-ffx/z_score_maps
      Z-map dir exists: True
      Glob pattern for z-maps: /ptmp/hmueller2/2025_ibc_latent/outputs/glm/contrast_maps_fsLR/sub-15/res_task-MTTWE_space-fsLR_dir-ffx/z_score_maps/*.dscalar.nii
      Found 19 z-maps
    Processing task 'MVEB':
      Task dir: /ptmp/hmueller2/2025_ibc_latent/outputs/glm/contrast_maps_fsLR/sub-15/res_task-MVEB_space-fsLR_dir-ffx
      Z-map dir: /ptmp/hmueller2/2025_ibc_latent/outputs/glm/contrast_maps_fsLR/sub-15/res_task-MVEB_space-fsLR_dir-ffx/z_score_maps
      Z-map dir exists: True
      Glob pattern for z-maps: /ptmp/hmueller2/2025_ibc_latent/outputs/glm/contrast_maps_fsLR/sub-15/res_task-MVEB_space-fsLR_dir-ffx/z_score_maps/*.dscalar.nii
      Found 11 z-maps
    Processing task 'MVIS':
      Task dir: /ptmp/hmueller2/2025_ibc_latent/outputs/glm/contrast_maps_fsLR/sub-15/res_task-MVIS_space-fsLR_dir-ffx
      Z-map dir: /ptmp/hmueller2/2025_ibc_latent/outputs/glm/contrast_maps_fsLR/sub-15/res_task-MVIS_space-fsLR_dir-ffx/z_score_maps
      Z-map dir exists: True
      Glob pattern for z-maps: /ptmp/hmueller2/2025_ibc_latent/outputs/glm/contrast_maps_fsLR/sub-15/res_task-MVIS_space-fsLR_dir-ffx/z_score_maps/*.dscalar.nii
      Found 12 z-maps
    Processing task 'MathLanguage':
      Task dir: /ptmp/hmueller2/2025_ibc_latent/outputs/glm/contrast_maps_fsLR/sub-15/res_task-MathLanguage_space-fsLR_dir-ffx
      Z-map dir: /ptmp/hmueller2/2025_ibc_latent/outputs/glm/contrast_maps_fsLR/sub-15/res_task-MathLanguage_space-fsLR_dir-ffx/z_score_maps
      Z-map dir exists: True
      Glob pattern for z-maps: /ptmp/hmueller2/2025_ibc_latent/outputs/glm/contrast_maps_fsLR/sub-15/res_task-MathLanguage_space-fsLR_dir-ffx/z_score_maps/*.dscalar.nii
      Found 30 z-maps
    Processing task 'Motion':
      Task dir: /ptmp/hmueller2/2025_ibc_latent/outputs/glm/contrast_maps_fsLR/sub-15/res_task-Motion_space-fsLR_dir-ffx
      Z-map dir: /ptmp/hmueller2/2025_ibc_latent/outputs/glm/contrast_maps_fsLR/sub-15/res_task-Motion_space-fsLR_dir-ffx/z_score_maps
      Z-map dir exists: True
      Glob pattern for z-maps: /ptmp/hmueller2/2025_ibc_latent/outputs/glm/contrast_maps_fsLR/sub-15/res_task-Motion_space-fsLR_dir-ffx/z_score_maps/*.dscalar.nii
      Found 11 z-maps
    Processing task 'Moto':
      Task dir: /ptmp/hmueller2/2025_ibc_latent/outputs/glm/contrast_maps_fsLR/sub-15/res_task-Moto_space-fsLR_dir-ffx
      Z-map dir: /ptmp/hmueller2/2025_ibc_latent/outputs/glm/contrast_maps_fsLR/sub-15/res_task-Moto_space-fsLR_dir-ffx/z_score_maps
      Z-map dir exists: True
      Glob pattern for z-maps: /ptmp/hmueller2/2025_ibc_latent/outputs/glm/contrast_maps_fsLR/sub-15/res_task-Moto_space-fsLR_dir-ffx/z_score_maps/*.dscalar.nii
      Found 9 z-maps
    Processing task 'NARPS':
      Task dir: /ptmp/hmueller2/2025_ibc_latent/outputs/glm/contrast_maps_fsLR/sub-15/res_task-NARPS_space-fsLR_dir-ffx
      Z-map dir: /ptmp/hmueller2/2025_ibc_latent/outputs/glm/contrast_maps_fsLR/sub-15/res_task-NARPS_space-fsLR_dir-ffx/z_score_maps
      Z-map dir exists: True
      Glob pattern for z-maps: /ptmp/hmueller2/2025_ibc_latent/outputs/glm/contrast_maps_fsLR/sub-15/res_task-NARPS_space-fsLR_dir-ffx/z_score_maps/*.dscalar.nii
      Found 8 z-maps
    Processing task 'PainMovie':
      Task dir: /ptmp/hmueller2/2025_ibc_latent/outputs/glm/contrast_maps_fsLR/sub-15/res_task-PainMovie_space-fsLR_dir-ffx
      Z-map dir: /ptmp/hmueller2/2025_ibc_latent/outputs/glm/contrast_maps_fsLR/sub-15/res_task-PainMovie_space-fsLR_dir-ffx/z_score_maps
      Z-map dir exists: True
      Glob pattern for z-maps: /ptmp/hmueller2/2025_ibc_latent/outputs/glm/contrast_maps_fsLR/sub-15/res_task-PainMovie_space-fsLR_dir-ffx/z_score_maps/*.dscalar.nii
      Found 3 z-maps
    Processing task 'PreferenceFaces':
      Task dir: /ptmp/hmueller2/2025_ibc_latent/outputs/glm/contrast_maps_fsLR/sub-15/res_task-PreferenceFaces_space-fsLR_dir-ffx
      Z-map dir: /ptmp/hmueller2/2025_ibc_latent/outputs/glm/contrast_maps_fsLR/sub-15/res_task-PreferenceFaces_space-fsLR_dir-ffx/z_score_maps
      Z-map dir exists: True
      Glob pattern for z-maps: /ptmp/hmueller2/2025_ibc_latent/outputs/glm/contrast_maps_fsLR/sub-15/res_task-PreferenceFaces_space-fsLR_dir-ffx/z_score_maps/*.dscalar.nii
      Found 3 z-maps
    Processing task 'PreferenceFood':
      Task dir: /ptmp/hmueller2/2025_ibc_latent/outputs/glm/contrast_maps_fsLR/sub-15/res_task-PreferenceFood_space-fsLR_dir-ffx
      Z-map dir: /ptmp/hmueller2/2025_ibc_latent/outputs/glm/contrast_maps_fsLR/sub-15/res_task-PreferenceFood_space-fsLR_dir-ffx/z_score_maps
      Z-map dir exists: True
      Glob pattern for z-maps: /ptmp/hmueller2/2025_ibc_latent/outputs/glm/contrast_maps_fsLR/sub-15/res_task-PreferenceFood_space-fsLR_dir-ffx/z_score_maps/*.dscalar.nii
      Found 3 z-maps
    Processing task 'PreferenceHouses':
      Task dir: /ptmp/hmueller2/2025_ibc_latent/outputs/glm/contrast_maps_fsLR/sub-15/res_task-PreferenceHouses_space-fsLR_dir-ffx
      Z-map dir: /ptmp/hmueller2/2025_ibc_latent/outputs/glm/contrast_maps_fsLR/sub-15/res_task-PreferenceHouses_space-fsLR_dir-ffx/z_score_maps
      Z-map dir exists: True
      Glob pattern for z-maps: /ptmp/hmueller2/2025_ibc_latent/outputs/glm/contrast_maps_fsLR/sub-15/res_task-PreferenceHouses_space-fsLR_dir-ffx/z_score_maps/*.dscalar.nii
      Found 3 z-maps
    Processing task 'PreferencePaintings':
      Task dir: /ptmp/hmueller2/2025_ibc_latent/outputs/glm/contrast_maps_fsLR/sub-15/res_task-PreferencePaintings_space-fsLR_dir-ffx
      Z-map dir: /ptmp/hmueller2/2025_ibc_latent/outputs/glm/contrast_maps_fsLR/sub-15/res_task-PreferencePaintings_space-fsLR_dir-ffx/z_score_maps
      Z-map dir exists: True
      Glob pattern for z-maps: /ptmp/hmueller2/2025_ibc_latent/outputs/glm/contrast_maps_fsLR/sub-15/res_task-PreferencePaintings_space-fsLR_dir-ffx/z_score_maps/*.dscalar.nii
      Found 3 z-maps
    Processing task 'RSVPLanguage':
      Task dir: /ptmp/hmueller2/2025_ibc_latent/outputs/glm/contrast_maps_fsLR/sub-15/res_task-RSVPLanguage_space-fsLR_dir-ffx
      Z-map dir: /ptmp/hmueller2/2025_ibc_latent/outputs/glm/contrast_maps_fsLR/sub-15/res_task-RSVPLanguage_space-fsLR_dir-ffx/z_score_maps
      Z-map dir exists: True
      Glob pattern for z-maps: /ptmp/hmueller2/2025_ibc_latent/outputs/glm/contrast_maps_fsLR/sub-15/res_task-RSVPLanguage_space-fsLR_dir-ffx/z_score_maps/*.dscalar.nii
      Found 19 z-maps
    Processing task 'RewProc':
      Task dir: /ptmp/hmueller2/2025_ibc_latent/outputs/glm/contrast_maps_fsLR/sub-15/res_task-RewProc_space-fsLR_dir-ffx
      Z-map dir: /ptmp/hmueller2/2025_ibc_latent/outputs/glm/contrast_maps_fsLR/sub-15/res_task-RewProc_space-fsLR_dir-ffx/z_score_maps
      Z-map dir exists: True
      Glob pattern for z-maps: /ptmp/hmueller2/2025_ibc_latent/outputs/glm/contrast_maps_fsLR/sub-15/res_task-RewProc_space-fsLR_dir-ffx/z_score_maps/*.dscalar.nii
      Found 17 z-maps
    Processing task 'Scene':
      Task dir: /ptmp/hmueller2/2025_ibc_latent/outputs/glm/contrast_maps_fsLR/sub-15/res_task-Scene_space-fsLR_dir-ffx
      Z-map dir: /ptmp/hmueller2/2025_ibc_latent/outputs/glm/contrast_maps_fsLR/sub-15/res_task-Scene_space-fsLR_dir-ffx/z_score_maps
      Z-map dir exists: True
      Glob pattern for z-maps: /ptmp/hmueller2/2025_ibc_latent/outputs/glm/contrast_maps_fsLR/sub-15/res_task-Scene_space-fsLR_dir-ffx/z_score_maps/*.dscalar.nii
      Found 11 z-maps
    Processing task 'SelectiveStopSignal':
      Task dir: /ptmp/hmueller2/2025_ibc_latent/outputs/glm/contrast_maps_fsLR/sub-15/res_task-SelectiveStopSignal_space-fsLR_dir-ffx
      Z-map dir: /ptmp/hmueller2/2025_ibc_latent/outputs/glm/contrast_maps_fsLR/sub-15/res_task-SelectiveStopSignal_space-fsLR_dir-ffx/z_score_maps
      Z-map dir exists: True
      Glob pattern for z-maps: /ptmp/hmueller2/2025_ibc_latent/outputs/glm/contrast_maps_fsLR/sub-15/res_task-SelectiveStopSignal_space-fsLR_dir-ffx/z_score_maps/*.dscalar.nii
      Found 8 z-maps
    Processing task 'Self':
      Task dir: /ptmp/hmueller2/2025_ibc_latent/outputs/glm/contrast_maps_fsLR/sub-15/res_task-Self_space-fsLR_dir-ffx
      Z-map dir: /ptmp/hmueller2/2025_ibc_latent/outputs/glm/contrast_maps_fsLR/sub-15/res_task-Self_space-fsLR_dir-ffx/z_score_maps
      Z-map dir exists: True
      Glob pattern for z-maps: /ptmp/hmueller2/2025_ibc_latent/outputs/glm/contrast_maps_fsLR/sub-15/res_task-Self_space-fsLR_dir-ffx/z_score_maps/*.dscalar.nii
      Found 11 z-maps
    Processing task 'SpatialNavigation':
      Task dir: /ptmp/hmueller2/2025_ibc_latent/outputs/glm/contrast_maps_fsLR/sub-15/res_task-SpatialNavigation_space-fsLR_dir-ffx
      Z-map dir: /ptmp/hmueller2/2025_ibc_latent/outputs/glm/contrast_maps_fsLR/sub-15/res_task-SpatialNavigation_space-fsLR_dir-ffx/z_score_maps
      Z-map dir exists: True
      Glob pattern for z-maps: /ptmp/hmueller2/2025_ibc_latent/outputs/glm/contrast_maps_fsLR/sub-15/res_task-SpatialNavigation_space-fsLR_dir-ffx/z_score_maps/*.dscalar.nii
      Found 9 z-maps
    Processing task 'StopNogo':
      Task dir: /ptmp/hmueller2/2025_ibc_latent/outputs/glm/contrast_maps_fsLR/sub-15/res_task-StopNogo_space-fsLR_dir-ffx
      Z-map dir: /ptmp/hmueller2/2025_ibc_latent/outputs/glm/contrast_maps_fsLR/sub-15/res_task-StopNogo_space-fsLR_dir-ffx/z_score_maps
      Z-map dir exists: True
      Glob pattern for z-maps: /ptmp/hmueller2/2025_ibc_latent/outputs/glm/contrast_maps_fsLR/sub-15/res_task-StopNogo_space-fsLR_dir-ffx/z_score_maps/*.dscalar.nii
      Found 7 z-maps
    Processing task 'StopSignal':
      Task dir: /ptmp/hmueller2/2025_ibc_latent/outputs/glm/contrast_maps_fsLR/sub-15/res_task-StopSignal_space-fsLR_dir-ffx
      Z-map dir: /ptmp/hmueller2/2025_ibc_latent/outputs/glm/contrast_maps_fsLR/sub-15/res_task-StopSignal_space-fsLR_dir-ffx/z_score_maps
      Z-map dir exists: True
      Glob pattern for z-maps: /ptmp/hmueller2/2025_ibc_latent/outputs/glm/contrast_maps_fsLR/sub-15/res_task-StopSignal_space-fsLR_dir-ffx/z_score_maps/*.dscalar.nii
      Found 3 z-maps
    Processing task 'Stroop':
      Task dir: /ptmp/hmueller2/2025_ibc_latent/outputs/glm/contrast_maps_fsLR/sub-15/res_task-Stroop_space-fsLR_dir-ffx
      Z-map dir: /ptmp/hmueller2/2025_ibc_latent/outputs/glm/contrast_maps_fsLR/sub-15/res_task-Stroop_space-fsLR_dir-ffx/z_score_maps
      Z-map dir exists: True
      Glob pattern for z-maps: /ptmp/hmueller2/2025_ibc_latent/outputs/glm/contrast_maps_fsLR/sub-15/res_task-Stroop_space-fsLR_dir-ffx/z_score_maps/*.dscalar.nii
      Found 3 z-maps
    Processing task 'TheoryOfMind':
      Task dir: /ptmp/hmueller2/2025_ibc_latent/outputs/glm/contrast_maps_fsLR/sub-15/res_task-TheoryOfMind_space-fsLR_dir-ffx
      Z-map dir: /ptmp/hmueller2/2025_ibc_latent/outputs/glm/contrast_maps_fsLR/sub-15/res_task-TheoryOfMind_space-fsLR_dir-ffx/z_score_maps
      Z-map dir exists: True
      Glob pattern for z-maps: /ptmp/hmueller2/2025_ibc_latent/outputs/glm/contrast_maps_fsLR/sub-15/res_task-TheoryOfMind_space-fsLR_dir-ffx/z_score_maps/*.dscalar.nii
      Found 3 z-maps
    Processing task 'TwoByTwo':
      Task dir: /ptmp/hmueller2/2025_ibc_latent/outputs/glm/contrast_maps_fsLR/sub-15/res_task-TwoByTwo_space-fsLR_dir-ffx
      Z-map dir: /ptmp/hmueller2/2025_ibc_latent/outputs/glm/contrast_maps_fsLR/sub-15/res_task-TwoByTwo_space-fsLR_dir-ffx/z_score_maps
      Z-map dir exists: True
      Glob pattern for z-maps: /ptmp/hmueller2/2025_ibc_latent/outputs/glm/contrast_maps_fsLR/sub-15/res_task-TwoByTwo_space-fsLR_dir-ffx/z_score_maps/*.dscalar.nii
      Found 10 z-maps
    Processing task 'VSTMC':
      Task dir: /ptmp/hmueller2/2025_ibc_latent/outputs/glm/contrast_maps_fsLR/sub-15/res_task-VSTMC_space-fsLR_dir-ffx
      Z-map dir: /ptmp/hmueller2/2025_ibc_latent/outputs/glm/contrast_maps_fsLR/sub-15/res_task-VSTMC_space-fsLR_dir-ffx/z_score_maps
      Z-map dir exists: True
      Glob pattern for z-maps: /ptmp/hmueller2/2025_ibc_latent/outputs/glm/contrast_maps_fsLR/sub-15/res_task-VSTMC_space-fsLR_dir-ffx/z_score_maps/*.dscalar.nii
      Found 10 z-maps
    Processing task 'VSTM':
      Task dir: /ptmp/hmueller2/2025_ibc_latent/outputs/glm/contrast_maps_fsLR/sub-15/res_task-VSTM_space-fsLR_dir-ffx
      Z-map dir: /ptmp/hmueller2/2025_ibc_latent/outputs/glm/contrast_maps_fsLR/sub-15/res_task-VSTM_space-fsLR_dir-ffx/z_score_maps
      Z-map dir exists: True
      Glob pattern for z-maps: /ptmp/hmueller2/2025_ibc_latent/outputs/glm/contrast_maps_fsLR/sub-15/res_task-VSTM_space-fsLR_dir-ffx/z_score_maps/*.dscalar.nii
      Found 3 z-maps
    Processing task 'Visu':
      Task dir: /ptmp/hmueller2/2025_ibc_latent/outputs/glm/contrast_maps_fsLR/sub-15/res_task-Visu_space-fsLR_dir-ffx
      Z-map dir: /ptmp/hmueller2/2025_ibc_latent/outputs/glm/contrast_maps_fsLR/sub-15/res_task-Visu_space-fsLR_dir-ffx/z_score_maps
      Z-map dir exists: True
      Glob pattern for z-maps: /ptmp/hmueller2/2025_ibc_latent/outputs/glm/contrast_maps_fsLR/sub-15/res_task-Visu_space-fsLR_dir-ffx/z_score_maps/*.dscalar.nii
      Found 16 z-maps
    Processing task 'VisualSearch':
      Task dir: /ptmp/hmueller2/2025_ibc_latent/outputs/glm/contrast_maps_fsLR/sub-15/res_task-VisualSearch_space-fsLR_dir-ffx
      Z-map dir: /ptmp/hmueller2/2025_ibc_latent/outputs/glm/contrast_maps_fsLR/sub-15/res_task-VisualSearch_space-fsLR_dir-ffx/z_score_maps
      Z-map dir exists: True
      Glob pattern for z-maps: /ptmp/hmueller2/2025_ibc_latent/outputs/glm/contrast_maps_fsLR/sub-15/res_task-VisualSearch_space-fsLR_dir-ffx/z_score_maps/*.dscalar.nii
      Found 22 z-maps
    Processing task 'WardAndAllport':
      Task dir: /ptmp/hmueller2/2025_ibc_latent/outputs/glm/contrast_maps_fsLR/sub-15/res_task-WardAndAllport_space-fsLR_dir-ffx
      Z-map dir: /ptmp/hmueller2/2025_ibc_latent/outputs/glm/contrast_maps_fsLR/sub-15/res_task-WardAndAllport_space-fsLR_dir-ffx/z_score_maps
      Z-map dir exists: True
      Glob pattern for z-maps: /ptmp/hmueller2/2025_ibc_latent/outputs/glm/contrast_maps_fsLR/sub-15/res_task-WardAndAllport_space-fsLR_dir-ffx/z_score_maps/*.dscalar.nii
      Found 10 z-maps
    Processing task 'WedgeAnti':
      Task dir: /ptmp/hmueller2/2025_ibc_latent/outputs/glm/contrast_maps_fsLR/sub-15/res_task-WedgeAnti_space-fsLR_dir-ffx
      Z-map dir: /ptmp/hmueller2/2025_ibc_latent/outputs/glm/contrast_maps_fsLR/sub-15/res_task-WedgeAnti_space-fsLR_dir-ffx/z_score_maps
      Z-map dir exists: True
      Glob pattern for z-maps: /ptmp/hmueller2/2025_ibc_latent/outputs/glm/contrast_maps_fsLR/sub-15/res_task-WedgeAnti_space-fsLR_dir-ffx/z_score_maps/*.dscalar.nii
      Found 8 z-maps
    Processing task 'WedgeClock':
      Task dir: /ptmp/hmueller2/2025_ibc_latent/outputs/glm/contrast_maps_fsLR/sub-15/res_task-WedgeClock_space-fsLR_dir-ffx
      Z-map dir: /ptmp/hmueller2/2025_ibc_latent/outputs/glm/contrast_maps_fsLR/sub-15/res_task-WedgeClock_space-fsLR_dir-ffx/z_score_maps
      Z-map dir exists: True
      Glob pattern for z-maps: /ptmp/hmueller2/2025_ibc_latent/outputs/glm/contrast_maps_fsLR/sub-15/res_task-WedgeClock_space-fsLR_dir-ffx/z_score_maps/*.dscalar.nii
      Found 8 z-maps
  ! Workbench smoothing failed for HcpWm/2back-0back, using unsmoothed map: Missing required file(s) for Workbench smoothing: ['/home/hmueller2/workbench/bin_linux64/wb_command']
  ✓ Loaded: HcpWm/2back-0back
  ! Workbench smoothing failed for ItemRecognition/encode5-encode1, using unsmoothed map: Missing required file(s) for Workbench smoothing: ['/home/hmueller2/workbench/bin_linux64/wb_command']
  ✓ Loaded: ItemRecognition/encode5-encode1
  - Not available: MDTB/2back_hard-easy
  - Not available: MDTB/search_hard-easy
  - Not available: MDTB/semantic_hard-easy
  - Not available: MDTB/finger_complex-simple
  - Not available: GoodBadUgly/dot_hard-easy
  ! Workbench smoothing failed for Stroop/incongruent-congruent, using unsmoothed map: Missing required file(s) for Workbench smoothing: ['/home/hmueller2/workbench/bin_linux64/wb_command']
  ✓ Loaded: Stroop/incongruent-congruent
  ! Workbench smoothing failed for Catell/hard-easy, using unsmoothed map: Missing required file(s) for Workbench smoothing: ['/home/hmueller2/workbench/bin_linux64/wb_command']
  ✓ Loaded: Catell/hard-easy

Applied Workbench CIFTI smoothing to input contrasts (FWHM=4.0mm)

Combined 4 MD contrasts
Mean z-score: 0.000 ± 0.528
Max z-score: 2.379

✓ Saved mean MD map: /ptmp/hmueller2/2025_ibc_latent/outputs/md_system/vertex_wise/sub-15/sub-15_MD_mean.dscalar.nii
✓ Saved std MD map: /ptmp/hmueller2/2025_ibc_latent/outputs/md_system/vertex_wise/sub-15/sub-15_MD_std.dscalar.nii
✓ Saved contrast info: /ptmp/hmueller2/2025_ibc_latent/outputs/md_system/vertex_wise/sub-15/sub-15_MD_contrasts.txt

Group analysis: 8 subjects
Valid subjects: 04, 06, 07, 09, 11, 13, 14, 15
Mean group z-score: -0.001
Max group z-score: 1.041

Threshold: z > 2.3
Suprathreshold vertices: 0 (0.0%)

✓ Saved group mean: /ptmp/hmueller2/2025_ibc_latent/outputs/md_system/vertex_wise/group/group_MD_mean.dscalar.nii
✓ Saved group thresholded mean: /ptmp/hmueller2/2025_ibc_latent/outputs/md_system/vertex_wise/group/group_MD_mean_thresh_2.3.dscalar.nii
✓ Saved group std: /ptmp/hmueller2/2025_ibc_latent/outputs/md_system/vertex_wise/group/group_MD_std.dscalar.nii
✓ Saved group SEM: /ptmp/hmueller2/2025_ibc_latent/outputs/md_system/vertex_wise/group/group_MD_sem.dscalar.nii
✓ Saved group info: /ptmp/hmueller2/2025_ibc_latent/outputs/md_system/vertex_wise/group/group_MD_info.txt

============================================================
MD Mapping Complete!
============================================================
Results saved to: /ptmp/hmueller2/2025_ibc_latent/outputs/md_system/vertex_wise
Workbench geodesic smoothing applied: FWHM=4.0mm
Threshold applied: z > 2.3

============================================
Analysis completed successfully!
============================================
Results root: /ptmp/hmueller2/2025_ibc_latent/outputs/md_system
Vertex outputs: /ptmp/hmueller2/2025_ibc_latent/outputs/md_system/vertex_wise
Parcel outputs: /ptmp/hmueller2/2025_ibc_latent/outputs/md_system/parcel_based
Workbench geodesic smoothing used (FWHM=4.0).

To visualize with Workbench scene file:
  ./md_mapping_view.sh group /ptmp/hmueller2/2025_ibc_latent/outputs/md_system/vertex_wise --group

To compare subjects:
  python visualize_md_maps.py compare /ptmp/hmueller2/2025_ibc_latent/outputs/md_system/vertex_wise --output /ptmp/hmueller2/2025_ibc_latent/outputs/md_system/vertex_wise/figures

Job finished at: Mon Mar  9 13:57:18 CET 2026
============================================
