============================================
Multiple Demand System Mapping (SLURM)
============================================
Job ID: 870862
Node: compute-27
Start time: Tue Mar 10 10:56:15 CET 2026

Contrast base: /ptmp/hmueller2/2025_ibc_latent/outputs/glm/contrast_maps_fsLR
Output directory: /ptmp/hmueller2/2025_ibc_latent/outputs/md_system
Config file: /ptmp/hmueller2/2025_ibc_latent/misc/subjects_resting.txt
Subjects: 04 06 07 09 11 13 14 15 
Mode: both
Run group map: 1
Save individual contrasts: 0
Vertex smooth FWHM: 4.0
Vertex threshold z: 1.0

Script directory: /home/hmueller2/ibc_code/ibc_latent/Multiple-Demand
Working directory: /home/hmueller2/ibc_code/ibc_latent
Container: /home/rglz/containers/gfae.sif

============================================
Running vertex-wise MD mapping
============================================
Command: python Command: /home/hmueller2/ibc_code/ibc_latent/Multiple-Demand/md_mapping.py Command: --subjects Command: 04 Command: 06 Command: 07 Command: 09 Command: 11 Command: 13 Command: 14 Command: 15 Command: --contrast-base Command: /ptmp/hmueller2/2025_ibc_latent/outputs/glm/contrast_maps_fsLR Command: --output Command: /ptmp/hmueller2/2025_ibc_latent/outputs/md_system/vertex_wise Command: --smooth Command: 4.0 Command: --wb-command Command: /home/hmueller2/workbench/bin_linux64/wb_command Command: --left-surface Command: /home/hmueller2/ibc_code/ibc_latent/MSCcodebase/Utilities/Conte69_atlas-v2.LR.32k_fs_LR.wb/Conte69.L.midthickness.32k_fs_LR.surf.gii Command: --right-surface Command: /home/hmueller2/ibc_code/ibc_latent/MSCcodebase/Utilities/Conte69_atlas-v2.LR.32k_fs_LR.wb/Conte69.R.midthickness.32k_fs_LR.surf.gii Command: --group Command: --no-individual-contrasts Command: --threshold Command: 1.0 

============================================================
Processing subject 04
============================================================
  Looking for contrasts in: /ptmp/hmueller2/2025_ibc_latent/outputs/glm/contrast_maps_fsLR/sub-04
  Subject directory contents (92 items): ['.DS_Store', '._.DS_Store', 'res_task-ArchiEmotional_space-fsLR_dir-ffx', 'res_task-ArchiSocial_space-fsLR_dir-ffx', 'res_task-ArchiSpatial_space-fsLR_dir-ffx', 'res_task-ArchiStandard_space-fsLR_dir-ffx', 'res_task-Attention_space-fsLR_dir-ffx', 'res_task-Audi_space-fsLR_dir-ffx', 'res_task-BiologicalMotion1_space-fsLR_dir-ffx', 'res_task-BiologicalMotion2_space-fsLR_dir-ffx', 'res_task-BreathHolding_space-fsLR_dir-ffx', 'res_task-Catell_space-fsLR_dir-ffx', 'res_task-Checkerboard_space-fsLR_dir-ffx', 'res_task-Color_space-fsLR_dir-ffx', 'res_task-ColumbiaCards_space-fsLR_dir-ffx', 'res_task-Discount_space-fsLR_dir-ffx', 'res_task-DotPatterns_space-fsLR_dir-ffx', 'res_task-EmoMem_space-fsLR_dir-ffx', 'res_task-EmoReco_space-fsLR_dir-ffx', 'res_task-EmotionalPain_space-fsLR_dir-ffx', 'res_task-Enumeration_space-fsLR_dir-ffx', 'res_task-FaceBody_space-fsLR_dir-ffx', 'res_task-FingerTap_space-fsLR_dir-ffx', 'res_task-HcpEmotion_space-fsLR_dir-ffx', 'res_task-HcpGambling_space-fsLR_dir-ffx', 'res_task-HcpLanguage_space-fsLR_dir-ffx', 'res_task-HcpMotor_space-fsLR_dir-ffx', 'res_task-HcpRelational_space-fsLR_dir-ffx', 'res_task-HcpSocial_space-fsLR_dir-ffx', 'res_task-HcpWm_space-fsLR_dir-ffx', 'res_task-ItemRecognition_space-fsLR_dir-ffx', 'res_task-Lec1_space-fsLR_dir-ffx', 'res_task-Lec2_space-fsLR_dir-ffx', 'res_task-MCSE_space-fsLR_dir-ffx', 'res_task-MTTNS_space-fsLR_dir-ffx', 'res_task-MTTWE_space-fsLR_dir-ffx', 'res_task-MVEB_space-fsLR_dir-ffx', 'res_task-MVIS_space-fsLR_dir-ffx', 'res_task-MathLanguage_space-fsLR_dir-ffx', 'res_task-Motion_space-fsLR_dir-ffx', 'res_task-Moto_space-fsLR_dir-ffx', 'res_task-NARPS_space-fsLR_dir-ffx', 'res_task-PainMovie_space-fsLR_dir-ffx', 'res_task-PreferenceFaces_space-fsLR_dir-ffx', 'res_task-PreferenceFood_space-fsLR_dir-ffx', 'res_task-PreferenceHouses_space-fsLR_dir-ffx', 'res_task-PreferencePaintings_space-fsLR_dir-ffx', 'res_task-RSVPLanguage_space-fsLR_dir-ffx', 'res_task-RewProc_space-fsLR_dir-ffx', 'res_task-Scene_space-fsLR_dir-ffx', 'res_task-SelectiveStopSignal_space-fsLR_dir-ffx', 'res_task-Self_space-fsLR_dir-ffx', 'res_task-SpatialNavigation_space-fsLR_dir-ffx', 'res_task-StopNogo_space-fsLR_dir-ffx', 'res_task-StopSignal_space-fsLR_dir-ffx', 'res_task-Stroop_space-fsLR_dir-ffx', 'res_task-TheoryOfMind_space-fsLR_dir-ffx', 'res_task-TwoByTwo_space-fsLR_dir-ffx', 'res_task-VSTMC_space-fsLR_dir-ffx', 'res_task-VSTM_space-fsLR_dir-ffx', 'res_task-Visu_space-fsLR_dir-ffx', 'res_task-VisualSearch_space-fsLR_dir-ffx', 'res_task-WardAndAllport_space-fsLR_dir-ffx', 'res_task-WedgeAnti_space-fsLR_dir-ffx', 'res_task-WedgeClock_space-fsLR_dir-ffx', 'ses-00', 'ses-01', 'ses-02', 'ses-03', 'ses-04', 'ses-09', 'ses-11', 'ses-12', 'ses-15', 'ses-16', 'ses-17', 'ses-18', 'ses-19', 'ses-21', 'ses-24', 'ses-25', 'ses-26', 'ses-29', 'ses-30', 'ses-31', 'ses-35', 'ses-36', 'ses-37', 'ses-38', 'ses-39', 'ses-40', 'ses-42']
  ! Workbench smoothing failed for HcpWm/2back-0back, using unsmoothed map: Missing required file(s) for Workbench smoothing: ['/home/hmueller2/workbench/bin_linux64/wb_command']
  ✓ Loaded: HcpWm/2back-0back
  ! Workbench smoothing failed for ItemRecognition/encode5-encode1, using unsmoothed map: Missing required file(s) for Workbench smoothing: ['/home/hmueller2/workbench/bin_linux64/wb_command']
  ✓ Loaded: ItemRecognition/encode5-encode1
  - Not available: MDTB/2back_hard-easy
  - Not available: MDTB/search_hard-easy
  - Not available: MDTB/semantic_hard-easy
  - Not available: MDTB/finger_complex-simple
  - Not available: GoodBadUgly/dot_hard-easy
  ! Workbench smoothing failed for Stroop/incongruent-congruent, using unsmoothed map: Missing required file(s) for Workbench smoothing: ['/home/hmueller2/workbench/bin_linux64/wb_command']
  ✓ Loaded: Stroop/incongruent-congruent
  ! Workbench smoothing failed for Catell/hard-easy, using unsmoothed map: Missing required file(s) for Workbench smoothing: ['/home/hmueller2/workbench/bin_linux64/wb_command']
  ✓ Loaded: Catell/hard-easy

Applied Workbench CIFTI smoothing to input contrasts (FWHM=4.0mm)

Combined 4 MD contrasts
Mean z-score: 0.007 ± 0.559
Max z-score: 2.289

Subject MD mean map range before threshold: min=-2.724, max=2.289
Threshold: z > 1.0
Suprathreshold vertices: 3573 (3.9%)

✓ Saved mean MD map: /ptmp/hmueller2/2025_ibc_latent/outputs/md_system/vertex_wise/sub-04/sub-04_MD_mean.dscalar.nii
✓ Saved thresholded MD map: /ptmp/hmueller2/2025_ibc_latent/outputs/md_system/vertex_wise/sub-04/sub-04_MD_mean_thresh_1.0.dscalar.nii
✓ Saved std MD map: /ptmp/hmueller2/2025_ibc_latent/outputs/md_system/vertex_wise/sub-04/sub-04_MD_std.dscalar.nii
✓ Saved contrast info: /ptmp/hmueller2/2025_ibc_latent/outputs/md_system/vertex_wise/sub-04/sub-04_MD_contrasts.txt

============================================================
Processing subject 06
============================================================
  Looking for contrasts in: /ptmp/hmueller2/2025_ibc_latent/outputs/glm/contrast_maps_fsLR/sub-06
  Subject directory contents (90 items): ['res_task-ArchiEmotional_space-fsLR_dir-ffx', 'res_task-ArchiSocial_space-fsLR_dir-ffx', 'res_task-ArchiSpatial_space-fsLR_dir-ffx', 'res_task-ArchiStandard_space-fsLR_dir-ffx', 'res_task-Attention_space-fsLR_dir-ffx', 'res_task-Audi_space-fsLR_dir-ffx', 'res_task-BiologicalMotion1_space-fsLR_dir-ffx', 'res_task-BiologicalMotion2_space-fsLR_dir-ffx', 'res_task-BreathHolding_space-fsLR_dir-ffx', 'res_task-Catell_space-fsLR_dir-ffx', 'res_task-Checkerboard_space-fsLR_dir-ffx', 'res_task-Color_space-fsLR_dir-ffx', 'res_task-ColumbiaCards_space-fsLR_dir-ffx', 'res_task-Discount_space-fsLR_dir-ffx', 'res_task-DotPatterns_space-fsLR_dir-ffx', 'res_task-EmoMem_space-fsLR_dir-ffx', 'res_task-EmoReco_space-fsLR_dir-ffx', 'res_task-EmotionalPain_space-fsLR_dir-ffx', 'res_task-Enumeration_space-fsLR_dir-ffx', 'res_task-FaceBody_space-fsLR_dir-ffx', 'res_task-FingerTap_space-fsLR_dir-ffx', 'res_task-HcpEmotion_space-fsLR_dir-ffx', 'res_task-HcpGambling_space-fsLR_dir-ffx', 'res_task-HcpLanguage_space-fsLR_dir-ffx', 'res_task-HcpMotor_space-fsLR_dir-ffx', 'res_task-HcpRelational_space-fsLR_dir-ffx', 'res_task-HcpSocial_space-fsLR_dir-ffx', 'res_task-HcpWm_space-fsLR_dir-ffx', 'res_task-ItemRecognition_space-fsLR_dir-ffx', 'res_task-Lec1_space-fsLR_dir-ffx', 'res_task-Lec2_space-fsLR_dir-ffx', 'res_task-MCSE_space-fsLR_dir-ffx', 'res_task-MTTNS_space-fsLR_dir-ffx', 'res_task-MTTWE_space-fsLR_dir-ffx', 'res_task-MVEB_space-fsLR_dir-ffx', 'res_task-MVIS_space-fsLR_dir-ffx', 'res_task-MathLanguage_space-fsLR_dir-ffx', 'res_task-Motion_space-fsLR_dir-ffx', 'res_task-Moto_space-fsLR_dir-ffx', 'res_task-NARPS_space-fsLR_dir-ffx', 'res_task-PainMovie_space-fsLR_dir-ffx', 'res_task-PreferenceFaces_space-fsLR_dir-ffx', 'res_task-PreferenceFood_space-fsLR_dir-ffx', 'res_task-PreferenceHouses_space-fsLR_dir-ffx', 'res_task-PreferencePaintings_space-fsLR_dir-ffx', 'res_task-RSVPLanguage_space-fsLR_dir-ffx', 'res_task-RewProc_space-fsLR_dir-ffx', 'res_task-Scene_space-fsLR_dir-ffx', 'res_task-SelectiveStopSignal_space-fsLR_dir-ffx', 'res_task-Self_space-fsLR_dir-ffx', 'res_task-SpatialNavigation_space-fsLR_dir-ffx', 'res_task-StopNogo_space-fsLR_dir-ffx', 'res_task-StopSignal_space-fsLR_dir-ffx', 'res_task-Stroop_space-fsLR_dir-ffx', 'res_task-TheoryOfMind_space-fsLR_dir-ffx', 'res_task-TwoByTwo_space-fsLR_dir-ffx', 'res_task-VSTMC_space-fsLR_dir-ffx', 'res_task-VSTM_space-fsLR_dir-ffx', 'res_task-Visu_space-fsLR_dir-ffx', 'res_task-VisualSearch_space-fsLR_dir-ffx', 'res_task-WardAndAllport_space-fsLR_dir-ffx', 'res_task-WedgeAnti_space-fsLR_dir-ffx', 'res_task-WedgeClock_space-fsLR_dir-ffx', 'ses-00', 'ses-01', 'ses-02', 'ses-03', 'ses-04', 'ses-08', 'ses-11', 'ses-12', 'ses-15', 'ses-16', 'ses-17', 'ses-18', 'ses-19', 'ses-21', 'ses-24', 'ses-25', 'ses-26', 'ses-29', 'ses-30', 'ses-31', 'ses-35', 'ses-36', 'ses-37', 'ses-38', 'ses-39', 'ses-40', 'ses-42']
  ! Workbench smoothing failed for HcpWm/2back-0back, using unsmoothed map: Missing required file(s) for Workbench smoothing: ['/home/hmueller2/workbench/bin_linux64/wb_command']
  ✓ Loaded: HcpWm/2back-0back
  ! Workbench smoothing failed for ItemRecognition/encode5-encode1, using unsmoothed map: Missing required file(s) for Workbench smoothing: ['/home/hmueller2/workbench/bin_linux64/wb_command']
  ✓ Loaded: ItemRecognition/encode5-encode1
  - Not available: MDTB/2back_hard-easy
  - Not available: MDTB/search_hard-easy
  - Not available: MDTB/semantic_hard-easy
  - Not available: MDTB/finger_complex-simple
  - Not available: GoodBadUgly/dot_hard-easy
  ! Workbench smoothing failed for Stroop/incongruent-congruent, using unsmoothed map: Missing required file(s) for Workbench smoothing: ['/home/hmueller2/workbench/bin_linux64/wb_command']
  ✓ Loaded: Stroop/incongruent-congruent
  ! Workbench smoothing failed for Catell/hard-easy, using unsmoothed map: Missing required file(s) for Workbench smoothing: ['/home/hmueller2/workbench/bin_linux64/wb_command']
  ✓ Loaded: Catell/hard-easy

Applied Workbench CIFTI smoothing to input contrasts (FWHM=4.0mm)

Combined 4 MD contrasts
Mean z-score: -0.009 ± 0.591
Max z-score: 3.179

Subject MD mean map range before threshold: min=-2.943, max=3.179
Threshold: z > 1.0
Suprathreshold vertices: 4047 (4.4%)

✓ Saved mean MD map: /ptmp/hmueller2/2025_ibc_latent/outputs/md_system/vertex_wise/sub-06/sub-06_MD_mean.dscalar.nii
✓ Saved thresholded MD map: /ptmp/hmueller2/2025_ibc_latent/outputs/md_system/vertex_wise/sub-06/sub-06_MD_mean_thresh_1.0.dscalar.nii
✓ Saved std MD map: /ptmp/hmueller2/2025_ibc_latent/outputs/md_system/vertex_wise/sub-06/sub-06_MD_std.dscalar.nii
✓ Saved contrast info: /ptmp/hmueller2/2025_ibc_latent/outputs/md_system/vertex_wise/sub-06/sub-06_MD_contrasts.txt

============================================================
Processing subject 07
============================================================
  Looking for contrasts in: /ptmp/hmueller2/2025_ibc_latent/outputs/glm/contrast_maps_fsLR/sub-07
  Subject directory contents (79 items): ['res_task-ArchiEmotional_space-fsLR_dir-ffx', 'res_task-ArchiSocial_space-fsLR_dir-ffx', 'res_task-ArchiSpatial_space-fsLR_dir-ffx', 'res_task-ArchiStandard_space-fsLR_dir-ffx', 'res_task-Attention_space-fsLR_dir-ffx', 'res_task-Audi_space-fsLR_dir-ffx', 'res_task-BiologicalMotion1_space-fsLR_dir-ffx', 'res_task-BiologicalMotion2_space-fsLR_dir-ffx', 'res_task-BreathHolding_space-fsLR_dir-ffx', 'res_task-Catell_space-fsLR_dir-ffx', 'res_task-Checkerboard_space-fsLR_dir-ffx', 'res_task-ColumbiaCards_space-fsLR_dir-ffx', 'res_task-Discount_space-fsLR_dir-ffx', 'res_task-DotPatterns_space-fsLR_dir-ffx', 'res_task-EmoMem_space-fsLR_dir-ffx', 'res_task-EmoReco_space-fsLR_dir-ffx', 'res_task-EmotionalPain_space-fsLR_dir-ffx', 'res_task-Enumeration_space-fsLR_dir-ffx', 'res_task-FingerTap_space-fsLR_dir-ffx', 'res_task-HcpEmotion_space-fsLR_dir-ffx', 'res_task-HcpGambling_space-fsLR_dir-ffx', 'res_task-HcpLanguage_space-fsLR_dir-ffx', 'res_task-HcpMotor_space-fsLR_dir-ffx', 'res_task-HcpRelational_space-fsLR_dir-ffx', 'res_task-HcpSocial_space-fsLR_dir-ffx', 'res_task-HcpWm_space-fsLR_dir-ffx', 'res_task-ItemRecognition_space-fsLR_dir-ffx', 'res_task-Lec1_space-fsLR_dir-ffx', 'res_task-Lec2_space-fsLR_dir-ffx', 'res_task-MCSE_space-fsLR_dir-ffx', 'res_task-MTTNS_space-fsLR_dir-ffx', 'res_task-MTTWE_space-fsLR_dir-ffx', 'res_task-MVEB_space-fsLR_dir-ffx', 'res_task-MVIS_space-fsLR_dir-ffx', 'res_task-MathLanguage_space-fsLR_dir-ffx', 'res_task-Moto_space-fsLR_dir-ffx', 'res_task-PainMovie_space-fsLR_dir-ffx', 'res_task-PreferenceFaces_space-fsLR_dir-ffx', 'res_task-PreferenceFood_space-fsLR_dir-ffx', 'res_task-PreferenceHouses_space-fsLR_dir-ffx', 'res_task-PreferencePaintings_space-fsLR_dir-ffx', 'res_task-RSVPLanguage_space-fsLR_dir-ffx', 'res_task-SelectiveStopSignal_space-fsLR_dir-ffx', 'res_task-Self_space-fsLR_dir-ffx', 'res_task-SpatialNavigation_space-fsLR_dir-ffx', 'res_task-StopNogo_space-fsLR_dir-ffx', 'res_task-StopSignal_space-fsLR_dir-ffx', 'res_task-Stroop_space-fsLR_dir-ffx', 'res_task-TheoryOfMind_space-fsLR_dir-ffx', 'res_task-TwoByTwo_space-fsLR_dir-ffx', 'res_task-VSTMC_space-fsLR_dir-ffx', 'res_task-VSTM_space-fsLR_dir-ffx', 'res_task-Visu_space-fsLR_dir-ffx', 'res_task-WardAndAllport_space-fsLR_dir-ffx', 'res_task-WedgeAnti_space-fsLR_dir-ffx', 'res_task-WedgeClock_space-fsLR_dir-ffx', 'ses-00', 'ses-01', 'ses-02', 'ses-03', 'ses-04', 'ses-08', 'ses-11', 'ses-12', 'ses-15', 'ses-16', 'ses-17', 'ses-18', 'ses-19', 'ses-23', 'ses-24', 'ses-25', 'ses-26', 'ses-29', 'ses-30', 'ses-31', 'ses-35', 'ses-36', 'ses-37']
  ! Workbench smoothing failed for HcpWm/2back-0back, using unsmoothed map: Missing required file(s) for Workbench smoothing: ['/home/hmueller2/workbench/bin_linux64/wb_command']
  ✓ Loaded: HcpWm/2back-0back
  ! Workbench smoothing failed for ItemRecognition/encode5-encode1, using unsmoothed map: Missing required file(s) for Workbench smoothing: ['/home/hmueller2/workbench/bin_linux64/wb_command']
  ✓ Loaded: ItemRecognition/encode5-encode1
  - Not available: MDTB/2back_hard-easy
  - Not available: MDTB/search_hard-easy
  - Not available: MDTB/semantic_hard-easy
  - Not available: MDTB/finger_complex-simple
  - Not available: GoodBadUgly/dot_hard-easy
  ! Workbench smoothing failed for Stroop/incongruent-congruent, using unsmoothed map: Missing required file(s) for Workbench smoothing: ['/home/hmueller2/workbench/bin_linux64/wb_command']
  ✓ Loaded: Stroop/incongruent-congruent
  ! Workbench smoothing failed for Catell/hard-easy, using unsmoothed map: Missing required file(s) for Workbench smoothing: ['/home/hmueller2/workbench/bin_linux64/wb_command']
  ✓ Loaded: Catell/hard-easy

Applied Workbench CIFTI smoothing to input contrasts (FWHM=4.0mm)

Combined 4 MD contrasts
Mean z-score: 0.008 ± 0.543
Max z-score: 2.295

Subject MD mean map range before threshold: min=-2.426, max=2.295
Threshold: z > 1.0
Suprathreshold vertices: 3021 (3.3%)

✓ Saved mean MD map: /ptmp/hmueller2/2025_ibc_latent/outputs/md_system/vertex_wise/sub-07/sub-07_MD_mean.dscalar.nii
✓ Saved thresholded MD map: /ptmp/hmueller2/2025_ibc_latent/outputs/md_system/vertex_wise/sub-07/sub-07_MD_mean_thresh_1.0.dscalar.nii
✓ Saved std MD map: /ptmp/hmueller2/2025_ibc_latent/outputs/md_system/vertex_wise/sub-07/sub-07_MD_std.dscalar.nii
✓ Saved contrast info: /ptmp/hmueller2/2025_ibc_latent/outputs/md_system/vertex_wise/sub-07/sub-07_MD_contrasts.txt

============================================================
Processing subject 09
============================================================
  Looking for contrasts in: /ptmp/hmueller2/2025_ibc_latent/outputs/glm/contrast_maps_fsLR/sub-09
  Subject directory contents (90 items): ['res_task-ArchiEmotional_space-fsLR_dir-ffx', 'res_task-ArchiSocial_space-fsLR_dir-ffx', 'res_task-ArchiSpatial_space-fsLR_dir-ffx', 'res_task-ArchiStandard_space-fsLR_dir-ffx', 'res_task-Attention_space-fsLR_dir-ffx', 'res_task-Audi_space-fsLR_dir-ffx', 'res_task-BiologicalMotion1_space-fsLR_dir-ffx', 'res_task-BiologicalMotion2_space-fsLR_dir-ffx', 'res_task-BreathHolding_space-fsLR_dir-ffx', 'res_task-Catell_space-fsLR_dir-ffx', 'res_task-Checkerboard_space-fsLR_dir-ffx', 'res_task-Color_space-fsLR_dir-ffx', 'res_task-ColumbiaCards_space-fsLR_dir-ffx', 'res_task-Discount_space-fsLR_dir-ffx', 'res_task-DotPatterns_space-fsLR_dir-ffx', 'res_task-EmoMem_space-fsLR_dir-ffx', 'res_task-EmoReco_space-fsLR_dir-ffx', 'res_task-EmotionalPain_space-fsLR_dir-ffx', 'res_task-Enumeration_space-fsLR_dir-ffx', 'res_task-FaceBody_space-fsLR_dir-ffx', 'res_task-FingerTap_space-fsLR_dir-ffx', 'res_task-HcpEmotion_space-fsLR_dir-ffx', 'res_task-HcpGambling_space-fsLR_dir-ffx', 'res_task-HcpLanguage_space-fsLR_dir-ffx', 'res_task-HcpMotor_space-fsLR_dir-ffx', 'res_task-HcpRelational_space-fsLR_dir-ffx', 'res_task-HcpSocial_space-fsLR_dir-ffx', 'res_task-HcpWm_space-fsLR_dir-ffx', 'res_task-ItemRecognition_space-fsLR_dir-ffx', 'res_task-Lec1_space-fsLR_dir-ffx', 'res_task-Lec2_space-fsLR_dir-ffx', 'res_task-MCSE_space-fsLR_dir-ffx', 'res_task-MTTNS_space-fsLR_dir-ffx', 'res_task-MTTWE_space-fsLR_dir-ffx', 'res_task-MVEB_space-fsLR_dir-ffx', 'res_task-MVIS_space-fsLR_dir-ffx', 'res_task-MathLanguage_space-fsLR_dir-ffx', 'res_task-Motion_space-fsLR_dir-ffx', 'res_task-Moto_space-fsLR_dir-ffx', 'res_task-NARPS_space-fsLR_dir-ffx', 'res_task-PainMovie_space-fsLR_dir-ffx', 'res_task-PreferenceFaces_space-fsLR_dir-ffx', 'res_task-PreferenceFood_space-fsLR_dir-ffx', 'res_task-PreferenceHouses_space-fsLR_dir-ffx', 'res_task-PreferencePaintings_space-fsLR_dir-ffx', 'res_task-RSVPLanguage_space-fsLR_dir-ffx', 'res_task-RewProc_space-fsLR_dir-ffx', 'res_task-Scene_space-fsLR_dir-ffx', 'res_task-SelectiveStopSignal_space-fsLR_dir-ffx', 'res_task-Self_space-fsLR_dir-ffx', 'res_task-SpatialNavigation_space-fsLR_dir-ffx', 'res_task-StopNogo_space-fsLR_dir-ffx', 'res_task-StopSignal_space-fsLR_dir-ffx', 'res_task-Stroop_space-fsLR_dir-ffx', 'res_task-TheoryOfMind_space-fsLR_dir-ffx', 'res_task-TwoByTwo_space-fsLR_dir-ffx', 'res_task-VSTMC_space-fsLR_dir-ffx', 'res_task-VSTM_space-fsLR_dir-ffx', 'res_task-Visu_space-fsLR_dir-ffx', 'res_task-VisualSearch_space-fsLR_dir-ffx', 'res_task-WardAndAllport_space-fsLR_dir-ffx', 'res_task-WedgeAnti_space-fsLR_dir-ffx', 'res_task-WedgeClock_space-fsLR_dir-ffx', 'ses-00', 'ses-01', 'ses-02', 'ses-04', 'ses-05', 'ses-10', 'ses-12', 'ses-13', 'ses-16', 'ses-17', 'ses-18', 'ses-20', 'ses-21', 'ses-22', 'ses-25', 'ses-26', 'ses-27', 'ses-30', 'ses-31', 'ses-32', 'ses-36', 'ses-37', 'ses-38', 'ses-39', 'ses-40', 'ses-41', 'ses-43']
  ! Workbench smoothing failed for HcpWm/2back-0back, using unsmoothed map: Missing required file(s) for Workbench smoothing: ['/home/hmueller2/workbench/bin_linux64/wb_command']
  ✓ Loaded: HcpWm/2back-0back
  ! Workbench smoothing failed for ItemRecognition/encode5-encode1, using unsmoothed map: Missing required file(s) for Workbench smoothing: ['/home/hmueller2/workbench/bin_linux64/wb_command']
  ✓ Loaded: ItemRecognition/encode5-encode1
  - Not available: MDTB/2back_hard-easy
  - Not available: MDTB/search_hard-easy
  - Not available: MDTB/semantic_hard-easy
  - Not available: MDTB/finger_complex-simple
  - Not available: GoodBadUgly/dot_hard-easy
  ! Workbench smoothing failed for Stroop/incongruent-congruent, using unsmoothed map: Missing required file(s) for Workbench smoothing: ['/home/hmueller2/workbench/bin_linux64/wb_command']
  ✓ Loaded: Stroop/incongruent-congruent
  ! Workbench smoothing failed for Catell/hard-easy, using unsmoothed map: Missing required file(s) for Workbench smoothing: ['/home/hmueller2/workbench/bin_linux64/wb_command']
  ✓ Loaded: Catell/hard-easy

Applied Workbench CIFTI smoothing to input contrasts (FWHM=4.0mm)

Combined 4 MD contrasts
Mean z-score: 0.002 ± 0.536
Max z-score: 2.198

Subject MD mean map range before threshold: min=-2.645, max=2.198
Threshold: z > 1.0
Suprathreshold vertices: 2849 (3.1%)

✓ Saved mean MD map: /ptmp/hmueller2/2025_ibc_latent/outputs/md_system/vertex_wise/sub-09/sub-09_MD_mean.dscalar.nii
✓ Saved thresholded MD map: /ptmp/hmueller2/2025_ibc_latent/outputs/md_system/vertex_wise/sub-09/sub-09_MD_mean_thresh_1.0.dscalar.nii
✓ Saved std MD map: /ptmp/hmueller2/2025_ibc_latent/outputs/md_system/vertex_wise/sub-09/sub-09_MD_std.dscalar.nii
✓ Saved contrast info: /ptmp/hmueller2/2025_ibc_latent/outputs/md_system/vertex_wise/sub-09/sub-09_MD_contrasts.txt

============================================================
Processing subject 11
============================================================
  Looking for contrasts in: /ptmp/hmueller2/2025_ibc_latent/outputs/glm/contrast_maps_fsLR/sub-11
  Subject directory contents (89 items): ['res_task-ArchiEmotional_space-fsLR_dir-ffx', 'res_task-ArchiSocial_space-fsLR_dir-ffx', 'res_task-ArchiSpatial_space-fsLR_dir-ffx', 'res_task-ArchiStandard_space-fsLR_dir-ffx', 'res_task-Attention_space-fsLR_dir-ffx', 'res_task-Audi_space-fsLR_dir-ffx', 'res_task-BiologicalMotion1_space-fsLR_dir-ffx', 'res_task-BiologicalMotion2_space-fsLR_dir-ffx', 'res_task-BreathHolding_space-fsLR_dir-ffx', 'res_task-Catell_space-fsLR_dir-ffx', 'res_task-Checkerboard_space-fsLR_dir-ffx', 'res_task-Color_space-fsLR_dir-ffx', 'res_task-ColumbiaCards_space-fsLR_dir-ffx', 'res_task-Discount_space-fsLR_dir-ffx', 'res_task-DotPatterns_space-fsLR_dir-ffx', 'res_task-EmoMem_space-fsLR_dir-ffx', 'res_task-EmoReco_space-fsLR_dir-ffx', 'res_task-EmotionalPain_space-fsLR_dir-ffx', 'res_task-Enumeration_space-fsLR_dir-ffx', 'res_task-FaceBody_space-fsLR_dir-ffx', 'res_task-FingerTap_space-fsLR_dir-ffx', 'res_task-HcpEmotion_space-fsLR_dir-ffx', 'res_task-HcpGambling_space-fsLR_dir-ffx', 'res_task-HcpLanguage_space-fsLR_dir-ffx', 'res_task-HcpMotor_space-fsLR_dir-ffx', 'res_task-HcpRelational_space-fsLR_dir-ffx', 'res_task-HcpSocial_space-fsLR_dir-ffx', 'res_task-HcpWm_space-fsLR_dir-ffx', 'res_task-ItemRecognition_space-fsLR_dir-ffx', 'res_task-Lec1_space-fsLR_dir-ffx', 'res_task-Lec2_space-fsLR_dir-ffx', 'res_task-MCSE_space-fsLR_dir-ffx', 'res_task-MTTNS_space-fsLR_dir-ffx', 'res_task-MTTWE_space-fsLR_dir-ffx', 'res_task-MVEB_space-fsLR_dir-ffx', 'res_task-MVIS_space-fsLR_dir-ffx', 'res_task-MathLanguage_space-fsLR_dir-ffx', 'res_task-Motion_space-fsLR_dir-ffx', 'res_task-Moto_space-fsLR_dir-ffx', 'res_task-NARPS_space-fsLR_dir-ffx', 'res_task-PainMovie_space-fsLR_dir-ffx', 'res_task-PreferenceFaces_space-fsLR_dir-ffx', 'res_task-PreferenceFood_space-fsLR_dir-ffx', 'res_task-PreferenceHouses_space-fsLR_dir-ffx', 'res_task-RSVPLanguage_space-fsLR_dir-ffx', 'res_task-RewProc_space-fsLR_dir-ffx', 'res_task-Scene_space-fsLR_dir-ffx', 'res_task-SelectiveStopSignal_space-fsLR_dir-ffx', 'res_task-Self_space-fsLR_dir-ffx', 'res_task-SpatialNavigation_space-fsLR_dir-ffx', 'res_task-StopNogo_space-fsLR_dir-ffx', 'res_task-StopSignal_space-fsLR_dir-ffx', 'res_task-Stroop_space-fsLR_dir-ffx', 'res_task-TheoryOfMind_space-fsLR_dir-ffx', 'res_task-TwoByTwo_space-fsLR_dir-ffx', 'res_task-VSTMC_space-fsLR_dir-ffx', 'res_task-VSTM_space-fsLR_dir-ffx', 'res_task-Visu_space-fsLR_dir-ffx', 'res_task-VisualSearch_space-fsLR_dir-ffx', 'res_task-WardAndAllport_space-fsLR_dir-ffx', 'res_task-WedgeAnti_space-fsLR_dir-ffx', 'res_task-WedgeClock_space-fsLR_dir-ffx', 'ses-00', 'ses-01', 'ses-02', 'ses-03', 'ses-05', 'ses-08', 'ses-11', 'ses-12', 'ses-16', 'ses-18', 'ses-19', 'ses-20', 'ses-21', 'ses-22', 'ses-25', 'ses-26', 'ses-27', 'ses-30', 'ses-32', 'ses-36', 'ses-37', 'ses-38', 'ses-39', 'ses-40', 'ses-41', 'ses-42', 'ses-44']
  ! Workbench smoothing failed for HcpWm/2back-0back, using unsmoothed map: Missing required file(s) for Workbench smoothing: ['/home/hmueller2/workbench/bin_linux64/wb_command']
  ✓ Loaded: HcpWm/2back-0back
  ! Workbench smoothing failed for ItemRecognition/encode5-encode1, using unsmoothed map: Missing required file(s) for Workbench smoothing: ['/home/hmueller2/workbench/bin_linux64/wb_command']
  ✓ Loaded: ItemRecognition/encode5-encode1
  - Not available: MDTB/2back_hard-easy
  - Not available: MDTB/search_hard-easy
  - Not available: MDTB/semantic_hard-easy
  - Not available: MDTB/finger_complex-simple
  - Not available: GoodBadUgly/dot_hard-easy
  ! Workbench smoothing failed for Stroop/incongruent-congruent, using unsmoothed map: Missing required file(s) for Workbench smoothing: ['/home/hmueller2/workbench/bin_linux64/wb_command']
  ✓ Loaded: Stroop/incongruent-congruent
  ! Workbench smoothing failed for Catell/hard-easy, using unsmoothed map: Missing required file(s) for Workbench smoothing: ['/home/hmueller2/workbench/bin_linux64/wb_command']
  ✓ Loaded: Catell/hard-easy

Applied Workbench CIFTI smoothing to input contrasts (FWHM=4.0mm)

Combined 4 MD contrasts
Mean z-score: -0.003 ± 0.547
Max z-score: 2.775

Subject MD mean map range before threshold: min=-2.323, max=2.775
Threshold: z > 1.0
Suprathreshold vertices: 3159 (3.5%)

✓ Saved mean MD map: /ptmp/hmueller2/2025_ibc_latent/outputs/md_system/vertex_wise/sub-11/sub-11_MD_mean.dscalar.nii
✓ Saved thresholded MD map: /ptmp/hmueller2/2025_ibc_latent/outputs/md_system/vertex_wise/sub-11/sub-11_MD_mean_thresh_1.0.dscalar.nii
✓ Saved std MD map: /ptmp/hmueller2/2025_ibc_latent/outputs/md_system/vertex_wise/sub-11/sub-11_MD_std.dscalar.nii
✓ Saved contrast info: /ptmp/hmueller2/2025_ibc_latent/outputs/md_system/vertex_wise/sub-11/sub-11_MD_contrasts.txt

============================================================
Processing subject 13
============================================================
  Looking for contrasts in: /ptmp/hmueller2/2025_ibc_latent/outputs/glm/contrast_maps_fsLR/sub-13
  Subject directory contents (78 items): ['res_task-ArchiEmotional_space-fsLR_dir-ffx', 'res_task-ArchiSocial_space-fsLR_dir-ffx', 'res_task-ArchiSpatial_space-fsLR_dir-ffx', 'res_task-ArchiStandard_space-fsLR_dir-ffx', 'res_task-Attention_space-fsLR_dir-ffx', 'res_task-Audi_space-fsLR_dir-ffx', 'res_task-BiologicalMotion1_space-fsLR_dir-ffx', 'res_task-BiologicalMotion2_space-fsLR_dir-ffx', 'res_task-BreathHolding_space-fsLR_dir-ffx', 'res_task-Catell_space-fsLR_dir-ffx', 'res_task-Checkerboard_space-fsLR_dir-ffx', 'res_task-ColumbiaCards_space-fsLR_dir-ffx', 'res_task-Discount_space-fsLR_dir-ffx', 'res_task-DotPatterns_space-fsLR_dir-ffx', 'res_task-EmoMem_space-fsLR_dir-ffx', 'res_task-EmoReco_space-fsLR_dir-ffx', 'res_task-EmotionalPain_space-fsLR_dir-ffx', 'res_task-Enumeration_space-fsLR_dir-ffx', 'res_task-FingerTap_space-fsLR_dir-ffx', 'res_task-HcpEmotion_space-fsLR_dir-ffx', 'res_task-HcpGambling_space-fsLR_dir-ffx', 'res_task-HcpLanguage_space-fsLR_dir-ffx', 'res_task-HcpMotor_space-fsLR_dir-ffx', 'res_task-HcpRelational_space-fsLR_dir-ffx', 'res_task-HcpSocial_space-fsLR_dir-ffx', 'res_task-HcpWm_space-fsLR_dir-ffx', 'res_task-ItemRecognition_space-fsLR_dir-ffx', 'res_task-Lec1_space-fsLR_dir-ffx', 'res_task-Lec2_space-fsLR_dir-ffx', 'res_task-MCSE_space-fsLR_dir-ffx', 'res_task-MTTNS_space-fsLR_dir-ffx', 'res_task-MTTWE_space-fsLR_dir-ffx', 'res_task-MVEB_space-fsLR_dir-ffx', 'res_task-MVIS_space-fsLR_dir-ffx', 'res_task-MathLanguage_space-fsLR_dir-ffx', 'res_task-Moto_space-fsLR_dir-ffx', 'res_task-PainMovie_space-fsLR_dir-ffx', 'res_task-PreferenceFaces_space-fsLR_dir-ffx', 'res_task-PreferenceHouses_space-fsLR_dir-ffx', 'res_task-PreferencePaintings_space-fsLR_dir-ffx', 'res_task-RSVPLanguage_space-fsLR_dir-ffx', 'res_task-SelectiveStopSignal_space-fsLR_dir-ffx', 'res_task-Self_space-fsLR_dir-ffx', 'res_task-SpatialNavigation_space-fsLR_dir-ffx', 'res_task-StopNogo_space-fsLR_dir-ffx', 'res_task-StopSignal_space-fsLR_dir-ffx', 'res_task-Stroop_space-fsLR_dir-ffx', 'res_task-TheoryOfMind_space-fsLR_dir-ffx', 'res_task-TwoByTwo_space-fsLR_dir-ffx', 'res_task-VSTMC_space-fsLR_dir-ffx', 'res_task-VSTM_space-fsLR_dir-ffx', 'res_task-Visu_space-fsLR_dir-ffx', 'res_task-WardAndAllport_space-fsLR_dir-ffx', 'res_task-WedgeAnti_space-fsLR_dir-ffx', 'res_task-WedgeClock_space-fsLR_dir-ffx', 'ses-00', 'ses-01', 'ses-02', 'ses-03', 'ses-04', 'ses-08', 'ses-11', 'ses-12', 'ses-15', 'ses-16', 'ses-17', 'ses-18', 'ses-19', 'ses-21', 'ses-24', 'ses-25', 'ses-26', 'ses-29', 'ses-30', 'ses-31', 'ses-35', 'ses-36', 'ses-37']
  ! Workbench smoothing failed for HcpWm/2back-0back, using unsmoothed map: Missing required file(s) for Workbench smoothing: ['/home/hmueller2/workbench/bin_linux64/wb_command']
  ✓ Loaded: HcpWm/2back-0back
  ! Workbench smoothing failed for ItemRecognition/encode5-encode1, using unsmoothed map: Missing required file(s) for Workbench smoothing: ['/home/hmueller2/workbench/bin_linux64/wb_command']
  ✓ Loaded: ItemRecognition/encode5-encode1
  - Not available: MDTB/2back_hard-easy
  - Not available: MDTB/search_hard-easy
  - Not available: MDTB/semantic_hard-easy
  - Not available: MDTB/finger_complex-simple
  - Not available: GoodBadUgly/dot_hard-easy
  ! Workbench smoothing failed for Stroop/incongruent-congruent, using unsmoothed map: Missing required file(s) for Workbench smoothing: ['/home/hmueller2/workbench/bin_linux64/wb_command']
  ✓ Loaded: Stroop/incongruent-congruent
  ! Workbench smoothing failed for Catell/hard-easy, using unsmoothed map: Missing required file(s) for Workbench smoothing: ['/home/hmueller2/workbench/bin_linux64/wb_command']
  ✓ Loaded: Catell/hard-easy

Applied Workbench CIFTI smoothing to input contrasts (FWHM=4.0mm)

Combined 4 MD contrasts
Mean z-score: -0.002 ± 0.563
Max z-score: 2.411

Subject MD mean map range before threshold: min=-2.475, max=2.411
Threshold: z > 1.0
Suprathreshold vertices: 3363 (3.7%)

✓ Saved mean MD map: /ptmp/hmueller2/2025_ibc_latent/outputs/md_system/vertex_wise/sub-13/sub-13_MD_mean.dscalar.nii
✓ Saved thresholded MD map: /ptmp/hmueller2/2025_ibc_latent/outputs/md_system/vertex_wise/sub-13/sub-13_MD_mean_thresh_1.0.dscalar.nii
✓ Saved std MD map: /ptmp/hmueller2/2025_ibc_latent/outputs/md_system/vertex_wise/sub-13/sub-13_MD_std.dscalar.nii
✓ Saved contrast info: /ptmp/hmueller2/2025_ibc_latent/outputs/md_system/vertex_wise/sub-13/sub-13_MD_contrasts.txt

============================================================
Processing subject 14
============================================================
  Looking for contrasts in: /ptmp/hmueller2/2025_ibc_latent/outputs/glm/contrast_maps_fsLR/sub-14
  Subject directory contents (90 items): ['res_task-ArchiEmotional_space-fsLR_dir-ffx', 'res_task-ArchiSocial_space-fsLR_dir-ffx', 'res_task-ArchiSpatial_space-fsLR_dir-ffx', 'res_task-ArchiStandard_space-fsLR_dir-ffx', 'res_task-Attention_space-fsLR_dir-ffx', 'res_task-Audi_space-fsLR_dir-ffx', 'res_task-BiologicalMotion1_space-fsLR_dir-ffx', 'res_task-BiologicalMotion2_space-fsLR_dir-ffx', 'res_task-BreathHolding_space-fsLR_dir-ffx', 'res_task-Catell_space-fsLR_dir-ffx', 'res_task-Checkerboard_space-fsLR_dir-ffx', 'res_task-Color_space-fsLR_dir-ffx', 'res_task-ColumbiaCards_space-fsLR_dir-ffx', 'res_task-Discount_space-fsLR_dir-ffx', 'res_task-DotPatterns_space-fsLR_dir-ffx', 'res_task-EmoMem_space-fsLR_dir-ffx', 'res_task-EmoReco_space-fsLR_dir-ffx', 'res_task-EmotionalPain_space-fsLR_dir-ffx', 'res_task-Enumeration_space-fsLR_dir-ffx', 'res_task-FaceBody_space-fsLR_dir-ffx', 'res_task-FingerTap_space-fsLR_dir-ffx', 'res_task-HcpEmotion_space-fsLR_dir-ffx', 'res_task-HcpGambling_space-fsLR_dir-ffx', 'res_task-HcpLanguage_space-fsLR_dir-ffx', 'res_task-HcpMotor_space-fsLR_dir-ffx', 'res_task-HcpRelational_space-fsLR_dir-ffx', 'res_task-HcpSocial_space-fsLR_dir-ffx', 'res_task-HcpWm_space-fsLR_dir-ffx', 'res_task-ItemRecognition_space-fsLR_dir-ffx', 'res_task-Lec1_space-fsLR_dir-ffx', 'res_task-Lec2_space-fsLR_dir-ffx', 'res_task-MCSE_space-fsLR_dir-ffx', 'res_task-MTTNS_space-fsLR_dir-ffx', 'res_task-MTTWE_space-fsLR_dir-ffx', 'res_task-MVEB_space-fsLR_dir-ffx', 'res_task-MVIS_space-fsLR_dir-ffx', 'res_task-MathLanguage_space-fsLR_dir-ffx', 'res_task-Motion_space-fsLR_dir-ffx', 'res_task-Moto_space-fsLR_dir-ffx', 'res_task-NARPS_space-fsLR_dir-ffx', 'res_task-PainMovie_space-fsLR_dir-ffx', 'res_task-PreferenceFaces_space-fsLR_dir-ffx', 'res_task-PreferenceFood_space-fsLR_dir-ffx', 'res_task-PreferenceHouses_space-fsLR_dir-ffx', 'res_task-PreferencePaintings_space-fsLR_dir-ffx', 'res_task-RSVPLanguage_space-fsLR_dir-ffx', 'res_task-RewProc_space-fsLR_dir-ffx', 'res_task-Scene_space-fsLR_dir-ffx', 'res_task-SelectiveStopSignal_space-fsLR_dir-ffx', 'res_task-Self_space-fsLR_dir-ffx', 'res_task-SpatialNavigation_space-fsLR_dir-ffx', 'res_task-StopNogo_space-fsLR_dir-ffx', 'res_task-StopSignal_space-fsLR_dir-ffx', 'res_task-Stroop_space-fsLR_dir-ffx', 'res_task-TheoryOfMind_space-fsLR_dir-ffx', 'res_task-TwoByTwo_space-fsLR_dir-ffx', 'res_task-VSTMC_space-fsLR_dir-ffx', 'res_task-VSTM_space-fsLR_dir-ffx', 'res_task-Visu_space-fsLR_dir-ffx', 'res_task-VisualSearch_space-fsLR_dir-ffx', 'res_task-WardAndAllport_space-fsLR_dir-ffx', 'res_task-WedgeAnti_space-fsLR_dir-ffx', 'res_task-WedgeClock_space-fsLR_dir-ffx', 'ses-00', 'ses-01', 'ses-02', 'ses-03', 'ses-04', 'ses-10', 'ses-11', 'ses-12', 'ses-13', 'ses-16', 'ses-17', 'ses-18', 'ses-19', 'ses-21', 'ses-24', 'ses-25', 'ses-26', 'ses-29', 'ses-30', 'ses-34', 'ses-35', 'ses-36', 'ses-37', 'ses-38', 'ses-39', 'ses-40', 'ses-42']
  ! Workbench smoothing failed for HcpWm/2back-0back, using unsmoothed map: Missing required file(s) for Workbench smoothing: ['/home/hmueller2/workbench/bin_linux64/wb_command']
  ✓ Loaded: HcpWm/2back-0back
  ! Workbench smoothing failed for ItemRecognition/encode5-encode1, using unsmoothed map: Missing required file(s) for Workbench smoothing: ['/home/hmueller2/workbench/bin_linux64/wb_command']
  ✓ Loaded: ItemRecognition/encode5-encode1
  - Not available: MDTB/2back_hard-easy
  - Not available: MDTB/search_hard-easy
  - Not available: MDTB/semantic_hard-easy
  - Not available: MDTB/finger_complex-simple
  - Not available: GoodBadUgly/dot_hard-easy
  ! Workbench smoothing failed for Stroop/incongruent-congruent, using unsmoothed map: Missing required file(s) for Workbench smoothing: ['/home/hmueller2/workbench/bin_linux64/wb_command']
  ✓ Loaded: Stroop/incongruent-congruent
  ! Workbench smoothing failed for Catell/hard-easy, using unsmoothed map: Missing required file(s) for Workbench smoothing: ['/home/hmueller2/workbench/bin_linux64/wb_command']
  ✓ Loaded: Catell/hard-easy

Applied Workbench CIFTI smoothing to input contrasts (FWHM=4.0mm)

Combined 4 MD contrasts
Mean z-score: -0.009 ± 0.556
Max z-score: 2.358

Subject MD mean map range before threshold: min=-2.463, max=2.358
Threshold: z > 1.0
Suprathreshold vertices: 3099 (3.4%)

✓ Saved mean MD map: /ptmp/hmueller2/2025_ibc_latent/outputs/md_system/vertex_wise/sub-14/sub-14_MD_mean.dscalar.nii
✓ Saved thresholded MD map: /ptmp/hmueller2/2025_ibc_latent/outputs/md_system/vertex_wise/sub-14/sub-14_MD_mean_thresh_1.0.dscalar.nii
✓ Saved std MD map: /ptmp/hmueller2/2025_ibc_latent/outputs/md_system/vertex_wise/sub-14/sub-14_MD_std.dscalar.nii
✓ Saved contrast info: /ptmp/hmueller2/2025_ibc_latent/outputs/md_system/vertex_wise/sub-14/sub-14_MD_contrasts.txt

============================================================
Processing subject 15
============================================================
  Looking for contrasts in: /ptmp/hmueller2/2025_ibc_latent/outputs/glm/contrast_maps_fsLR/sub-15
  Subject directory contents (89 items): ['res_task-ArchiEmotional_space-fsLR_dir-ffx', 'res_task-ArchiSocial_space-fsLR_dir-ffx', 'res_task-ArchiSpatial_space-fsLR_dir-ffx', 'res_task-ArchiStandard_space-fsLR_dir-ffx', 'res_task-Attention_space-fsLR_dir-ffx', 'res_task-Audi_space-fsLR_dir-ffx', 'res_task-BiologicalMotion1_space-fsLR_dir-ffx', 'res_task-BiologicalMotion2_space-fsLR_dir-ffx', 'res_task-BreathHolding_space-fsLR_dir-ffx', 'res_task-Catell_space-fsLR_dir-ffx', 'res_task-Checkerboard_space-fsLR_dir-ffx', 'res_task-Color_space-fsLR_dir-ffx', 'res_task-Discount_space-fsLR_dir-ffx', 'res_task-DotPatterns_space-fsLR_dir-ffx', 'res_task-EmoMem_space-fsLR_dir-ffx', 'res_task-EmoReco_space-fsLR_dir-ffx', 'res_task-EmotionalPain_space-fsLR_dir-ffx', 'res_task-Enumeration_space-fsLR_dir-ffx', 'res_task-FaceBody_space-fsLR_dir-ffx', 'res_task-FingerTap_space-fsLR_dir-ffx', 'res_task-HcpEmotion_space-fsLR_dir-ffx', 'res_task-HcpGambling_space-fsLR_dir-ffx', 'res_task-HcpLanguage_space-fsLR_dir-ffx', 'res_task-HcpMotor_space-fsLR_dir-ffx', 'res_task-HcpRelational_space-fsLR_dir-ffx', 'res_task-HcpSocial_space-fsLR_dir-ffx', 'res_task-HcpWm_space-fsLR_dir-ffx', 'res_task-ItemRecognition_space-fsLR_dir-ffx', 'res_task-Lec1_space-fsLR_dir-ffx', 'res_task-Lec2_space-fsLR_dir-ffx', 'res_task-MCSE_space-fsLR_dir-ffx', 'res_task-MTTNS_space-fsLR_dir-ffx', 'res_task-MTTWE_space-fsLR_dir-ffx', 'res_task-MVEB_space-fsLR_dir-ffx', 'res_task-MVIS_space-fsLR_dir-ffx', 'res_task-MathLanguage_space-fsLR_dir-ffx', 'res_task-Motion_space-fsLR_dir-ffx', 'res_task-Moto_space-fsLR_dir-ffx', 'res_task-NARPS_space-fsLR_dir-ffx', 'res_task-PainMovie_space-fsLR_dir-ffx', 'res_task-PreferenceFaces_space-fsLR_dir-ffx', 'res_task-PreferenceFood_space-fsLR_dir-ffx', 'res_task-PreferenceHouses_space-fsLR_dir-ffx', 'res_task-PreferencePaintings_space-fsLR_dir-ffx', 'res_task-RSVPLanguage_space-fsLR_dir-ffx', 'res_task-RewProc_space-fsLR_dir-ffx', 'res_task-Scene_space-fsLR_dir-ffx', 'res_task-SelectiveStopSignal_space-fsLR_dir-ffx', 'res_task-Self_space-fsLR_dir-ffx', 'res_task-SpatialNavigation_space-fsLR_dir-ffx', 'res_task-StopNogo_space-fsLR_dir-ffx', 'res_task-StopSignal_space-fsLR_dir-ffx', 'res_task-Stroop_space-fsLR_dir-ffx', 'res_task-TheoryOfMind_space-fsLR_dir-ffx', 'res_task-TwoByTwo_space-fsLR_dir-ffx', 'res_task-VSTMC_space-fsLR_dir-ffx', 'res_task-VSTM_space-fsLR_dir-ffx', 'res_task-Visu_space-fsLR_dir-ffx', 'res_task-VisualSearch_space-fsLR_dir-ffx', 'res_task-WardAndAllport_space-fsLR_dir-ffx', 'res_task-WedgeAnti_space-fsLR_dir-ffx', 'res_task-WedgeClock_space-fsLR_dir-ffx', 'ses-00', 'ses-01', 'ses-02', 'ses-03', 'ses-04', 'ses-05', 'ses-06', 'ses-10', 'ses-11', 'ses-14', 'ses-15', 'ses-19', 'ses-20', 'ses-21', 'ses-24', 'ses-25', 'ses-26', 'ses-29', 'ses-30', 'ses-31', 'ses-35', 'ses-36', 'ses-37', 'ses-38', 'ses-39', 'ses-40', 'ses-42']
  ! Workbench smoothing failed for HcpWm/2back-0back, using unsmoothed map: Missing required file(s) for Workbench smoothing: ['/home/hmueller2/workbench/bin_linux64/wb_command']
  ✓ Loaded: HcpWm/2back-0back
  ! Workbench smoothing failed for ItemRecognition/encode5-encode1, using unsmoothed map: Missing required file(s) for Workbench smoothing: ['/home/hmueller2/workbench/bin_linux64/wb_command']
  ✓ Loaded: ItemRecognition/encode5-encode1
  - Not available: MDTB/2back_hard-easy
  - Not available: MDTB/search_hard-easy
  - Not available: MDTB/semantic_hard-easy
  - Not available: MDTB/finger_complex-simple
  - Not available: GoodBadUgly/dot_hard-easy
  ! Workbench smoothing failed for Stroop/incongruent-congruent, using unsmoothed map: Missing required file(s) for Workbench smoothing: ['/home/hmueller2/workbench/bin_linux64/wb_command']
  ✓ Loaded: Stroop/incongruent-congruent
  ! Workbench smoothing failed for Catell/hard-easy, using unsmoothed map: Missing required file(s) for Workbench smoothing: ['/home/hmueller2/workbench/bin_linux64/wb_command']
  ✓ Loaded: Catell/hard-easy

Applied Workbench CIFTI smoothing to input contrasts (FWHM=4.0mm)

Combined 4 MD contrasts
Mean z-score: 0.000 ± 0.528
Max z-score: 2.379

Subject MD mean map range before threshold: min=-2.463, max=2.379
Threshold: z > 1.0
Suprathreshold vertices: 2680 (2.9%)

✓ Saved mean MD map: /ptmp/hmueller2/2025_ibc_latent/outputs/md_system/vertex_wise/sub-15/sub-15_MD_mean.dscalar.nii
✓ Saved thresholded MD map: /ptmp/hmueller2/2025_ibc_latent/outputs/md_system/vertex_wise/sub-15/sub-15_MD_mean_thresh_1.0.dscalar.nii
✓ Saved std MD map: /ptmp/hmueller2/2025_ibc_latent/outputs/md_system/vertex_wise/sub-15/sub-15_MD_std.dscalar.nii
✓ Saved contrast info: /ptmp/hmueller2/2025_ibc_latent/outputs/md_system/vertex_wise/sub-15/sub-15_MD_contrasts.txt

============================================================
Computing Group-Level MD Map
============================================================

============================================================
Processing subject 04
============================================================
  Looking for contrasts in: /ptmp/hmueller2/2025_ibc_latent/outputs/glm/contrast_maps_fsLR/sub-04
  Subject directory contents (92 items): ['.DS_Store', '._.DS_Store', 'res_task-ArchiEmotional_space-fsLR_dir-ffx', 'res_task-ArchiSocial_space-fsLR_dir-ffx', 'res_task-ArchiSpatial_space-fsLR_dir-ffx', 'res_task-ArchiStandard_space-fsLR_dir-ffx', 'res_task-Attention_space-fsLR_dir-ffx', 'res_task-Audi_space-fsLR_dir-ffx', 'res_task-BiologicalMotion1_space-fsLR_dir-ffx', 'res_task-BiologicalMotion2_space-fsLR_dir-ffx', 'res_task-BreathHolding_space-fsLR_dir-ffx', 'res_task-Catell_space-fsLR_dir-ffx', 'res_task-Checkerboard_space-fsLR_dir-ffx', 'res_task-Color_space-fsLR_dir-ffx', 'res_task-ColumbiaCards_space-fsLR_dir-ffx', 'res_task-Discount_space-fsLR_dir-ffx', 'res_task-DotPatterns_space-fsLR_dir-ffx', 'res_task-EmoMem_space-fsLR_dir-ffx', 'res_task-EmoReco_space-fsLR_dir-ffx', 'res_task-EmotionalPain_space-fsLR_dir-ffx', 'res_task-Enumeration_space-fsLR_dir-ffx', 'res_task-FaceBody_space-fsLR_dir-ffx', 'res_task-FingerTap_space-fsLR_dir-ffx', 'res_task-HcpEmotion_space-fsLR_dir-ffx', 'res_task-HcpGambling_space-fsLR_dir-ffx', 'res_task-HcpLanguage_space-fsLR_dir-ffx', 'res_task-HcpMotor_space-fsLR_dir-ffx', 'res_task-HcpRelational_space-fsLR_dir-ffx', 'res_task-HcpSocial_space-fsLR_dir-ffx', 'res_task-HcpWm_space-fsLR_dir-ffx', 'res_task-ItemRecognition_space-fsLR_dir-ffx', 'res_task-Lec1_space-fsLR_dir-ffx', 'res_task-Lec2_space-fsLR_dir-ffx', 'res_task-MCSE_space-fsLR_dir-ffx', 'res_task-MTTNS_space-fsLR_dir-ffx', 'res_task-MTTWE_space-fsLR_dir-ffx', 'res_task-MVEB_space-fsLR_dir-ffx', 'res_task-MVIS_space-fsLR_dir-ffx', 'res_task-MathLanguage_space-fsLR_dir-ffx', 'res_task-Motion_space-fsLR_dir-ffx', 'res_task-Moto_space-fsLR_dir-ffx', 'res_task-NARPS_space-fsLR_dir-ffx', 'res_task-PainMovie_space-fsLR_dir-ffx', 'res_task-PreferenceFaces_space-fsLR_dir-ffx', 'res_task-PreferenceFood_space-fsLR_dir-ffx', 'res_task-PreferenceHouses_space-fsLR_dir-ffx', 'res_task-PreferencePaintings_space-fsLR_dir-ffx', 'res_task-RSVPLanguage_space-fsLR_dir-ffx', 'res_task-RewProc_space-fsLR_dir-ffx', 'res_task-Scene_space-fsLR_dir-ffx', 'res_task-SelectiveStopSignal_space-fsLR_dir-ffx', 'res_task-Self_space-fsLR_dir-ffx', 'res_task-SpatialNavigation_space-fsLR_dir-ffx', 'res_task-StopNogo_space-fsLR_dir-ffx', 'res_task-StopSignal_space-fsLR_dir-ffx', 'res_task-Stroop_space-fsLR_dir-ffx', 'res_task-TheoryOfMind_space-fsLR_dir-ffx', 'res_task-TwoByTwo_space-fsLR_dir-ffx', 'res_task-VSTMC_space-fsLR_dir-ffx', 'res_task-VSTM_space-fsLR_dir-ffx', 'res_task-Visu_space-fsLR_dir-ffx', 'res_task-VisualSearch_space-fsLR_dir-ffx', 'res_task-WardAndAllport_space-fsLR_dir-ffx', 'res_task-WedgeAnti_space-fsLR_dir-ffx', 'res_task-WedgeClock_space-fsLR_dir-ffx', 'ses-00', 'ses-01', 'ses-02', 'ses-03', 'ses-04', 'ses-09', 'ses-11', 'ses-12', 'ses-15', 'ses-16', 'ses-17', 'ses-18', 'ses-19', 'ses-21', 'ses-24', 'ses-25', 'ses-26', 'ses-29', 'ses-30', 'ses-31', 'ses-35', 'ses-36', 'ses-37', 'ses-38', 'ses-39', 'ses-40', 'ses-42']
  ! Workbench smoothing failed for HcpWm/2back-0back, using unsmoothed map: Missing required file(s) for Workbench smoothing: ['/home/hmueller2/workbench/bin_linux64/wb_command']
  ✓ Loaded: HcpWm/2back-0back
  ! Workbench smoothing failed for ItemRecognition/encode5-encode1, using unsmoothed map: Missing required file(s) for Workbench smoothing: ['/home/hmueller2/workbench/bin_linux64/wb_command']
  ✓ Loaded: ItemRecognition/encode5-encode1
  - Not available: MDTB/2back_hard-easy
  - Not available: MDTB/search_hard-easy
  - Not available: MDTB/semantic_hard-easy
  - Not available: MDTB/finger_complex-simple
  - Not available: GoodBadUgly/dot_hard-easy
  ! Workbench smoothing failed for Stroop/incongruent-congruent, using unsmoothed map: Missing required file(s) for Workbench smoothing: ['/home/hmueller2/workbench/bin_linux64/wb_command']
  ✓ Loaded: Stroop/incongruent-congruent
  ! Workbench smoothing failed for Catell/hard-easy, using unsmoothed map: Missing required file(s) for Workbench smoothing: ['/home/hmueller2/workbench/bin_linux64/wb_command']
  ✓ Loaded: Catell/hard-easy

Applied Workbench CIFTI smoothing to input contrasts (FWHM=4.0mm)

Combined 4 MD contrasts
Mean z-score: 0.007 ± 0.559
Max z-score: 2.289

✓ Saved mean MD map: /ptmp/hmueller2/2025_ibc_latent/outputs/md_system/vertex_wise/sub-04/sub-04_MD_mean.dscalar.nii
✓ Saved std MD map: /ptmp/hmueller2/2025_ibc_latent/outputs/md_system/vertex_wise/sub-04/sub-04_MD_std.dscalar.nii
✓ Saved contrast info: /ptmp/hmueller2/2025_ibc_latent/outputs/md_system/vertex_wise/sub-04/sub-04_MD_contrasts.txt
  Looking for contrasts in: /ptmp/hmueller2/2025_ibc_latent/outputs/glm/contrast_maps_fsLR/sub-04
  Subject directory contents (92 items): ['.DS_Store', '._.DS_Store', 'res_task-ArchiEmotional_space-fsLR_dir-ffx', 'res_task-ArchiSocial_space-fsLR_dir-ffx', 'res_task-ArchiSpatial_space-fsLR_dir-ffx', 'res_task-ArchiStandard_space-fsLR_dir-ffx', 'res_task-Attention_space-fsLR_dir-ffx', 'res_task-Audi_space-fsLR_dir-ffx', 'res_task-BiologicalMotion1_space-fsLR_dir-ffx', 'res_task-BiologicalMotion2_space-fsLR_dir-ffx', 'res_task-BreathHolding_space-fsLR_dir-ffx', 'res_task-Catell_space-fsLR_dir-ffx', 'res_task-Checkerboard_space-fsLR_dir-ffx', 'res_task-Color_space-fsLR_dir-ffx', 'res_task-ColumbiaCards_space-fsLR_dir-ffx', 'res_task-Discount_space-fsLR_dir-ffx', 'res_task-DotPatterns_space-fsLR_dir-ffx', 'res_task-EmoMem_space-fsLR_dir-ffx', 'res_task-EmoReco_space-fsLR_dir-ffx', 'res_task-EmotionalPain_space-fsLR_dir-ffx', 'res_task-Enumeration_space-fsLR_dir-ffx', 'res_task-FaceBody_space-fsLR_dir-ffx', 'res_task-FingerTap_space-fsLR_dir-ffx', 'res_task-HcpEmotion_space-fsLR_dir-ffx', 'res_task-HcpGambling_space-fsLR_dir-ffx', 'res_task-HcpLanguage_space-fsLR_dir-ffx', 'res_task-HcpMotor_space-fsLR_dir-ffx', 'res_task-HcpRelational_space-fsLR_dir-ffx', 'res_task-HcpSocial_space-fsLR_dir-ffx', 'res_task-HcpWm_space-fsLR_dir-ffx', 'res_task-ItemRecognition_space-fsLR_dir-ffx', 'res_task-Lec1_space-fsLR_dir-ffx', 'res_task-Lec2_space-fsLR_dir-ffx', 'res_task-MCSE_space-fsLR_dir-ffx', 'res_task-MTTNS_space-fsLR_dir-ffx', 'res_task-MTTWE_space-fsLR_dir-ffx', 'res_task-MVEB_space-fsLR_dir-ffx', 'res_task-MVIS_space-fsLR_dir-ffx', 'res_task-MathLanguage_space-fsLR_dir-ffx', 'res_task-Motion_space-fsLR_dir-ffx', 'res_task-Moto_space-fsLR_dir-ffx', 'res_task-NARPS_space-fsLR_dir-ffx', 'res_task-PainMovie_space-fsLR_dir-ffx', 'res_task-PreferenceFaces_space-fsLR_dir-ffx', 'res_task-PreferenceFood_space-fsLR_dir-ffx', 'res_task-PreferenceHouses_space-fsLR_dir-ffx', 'res_task-PreferencePaintings_space-fsLR_dir-ffx', 'res_task-RSVPLanguage_space-fsLR_dir-ffx', 'res_task-RewProc_space-fsLR_dir-ffx', 'res_task-Scene_space-fsLR_dir-ffx', 'res_task-SelectiveStopSignal_space-fsLR_dir-ffx', 'res_task-Self_space-fsLR_dir-ffx', 'res_task-SpatialNavigation_space-fsLR_dir-ffx', 'res_task-StopNogo_space-fsLR_dir-ffx', 'res_task-StopSignal_space-fsLR_dir-ffx', 'res_task-Stroop_space-fsLR_dir-ffx', 'res_task-TheoryOfMind_space-fsLR_dir-ffx', 'res_task-TwoByTwo_space-fsLR_dir-ffx', 'res_task-VSTMC_space-fsLR_dir-ffx', 'res_task-VSTM_space-fsLR_dir-ffx', 'res_task-Visu_space-fsLR_dir-ffx', 'res_task-VisualSearch_space-fsLR_dir-ffx', 'res_task-WardAndAllport_space-fsLR_dir-ffx', 'res_task-WedgeAnti_space-fsLR_dir-ffx', 'res_task-WedgeClock_space-fsLR_dir-ffx', 'ses-00', 'ses-01', 'ses-02', 'ses-03', 'ses-04', 'ses-09', 'ses-11', 'ses-12', 'ses-15', 'ses-16', 'ses-17', 'ses-18', 'ses-19', 'ses-21', 'ses-24', 'ses-25', 'ses-26', 'ses-29', 'ses-30', 'ses-31', 'ses-35', 'ses-36', 'ses-37', 'ses-38', 'ses-39', 'ses-40', 'ses-42']

============================================================
Processing subject 06
============================================================
  Looking for contrasts in: /ptmp/hmueller2/2025_ibc_latent/outputs/glm/contrast_maps_fsLR/sub-06
  Subject directory contents (90 items): ['res_task-ArchiEmotional_space-fsLR_dir-ffx', 'res_task-ArchiSocial_space-fsLR_dir-ffx', 'res_task-ArchiSpatial_space-fsLR_dir-ffx', 'res_task-ArchiStandard_space-fsLR_dir-ffx', 'res_task-Attention_space-fsLR_dir-ffx', 'res_task-Audi_space-fsLR_dir-ffx', 'res_task-BiologicalMotion1_space-fsLR_dir-ffx', 'res_task-BiologicalMotion2_space-fsLR_dir-ffx', 'res_task-BreathHolding_space-fsLR_dir-ffx', 'res_task-Catell_space-fsLR_dir-ffx', 'res_task-Checkerboard_space-fsLR_dir-ffx', 'res_task-Color_space-fsLR_dir-ffx', 'res_task-ColumbiaCards_space-fsLR_dir-ffx', 'res_task-Discount_space-fsLR_dir-ffx', 'res_task-DotPatterns_space-fsLR_dir-ffx', 'res_task-EmoMem_space-fsLR_dir-ffx', 'res_task-EmoReco_space-fsLR_dir-ffx', 'res_task-EmotionalPain_space-fsLR_dir-ffx', 'res_task-Enumeration_space-fsLR_dir-ffx', 'res_task-FaceBody_space-fsLR_dir-ffx', 'res_task-FingerTap_space-fsLR_dir-ffx', 'res_task-HcpEmotion_space-fsLR_dir-ffx', 'res_task-HcpGambling_space-fsLR_dir-ffx', 'res_task-HcpLanguage_space-fsLR_dir-ffx', 'res_task-HcpMotor_space-fsLR_dir-ffx', 'res_task-HcpRelational_space-fsLR_dir-ffx', 'res_task-HcpSocial_space-fsLR_dir-ffx', 'res_task-HcpWm_space-fsLR_dir-ffx', 'res_task-ItemRecognition_space-fsLR_dir-ffx', 'res_task-Lec1_space-fsLR_dir-ffx', 'res_task-Lec2_space-fsLR_dir-ffx', 'res_task-MCSE_space-fsLR_dir-ffx', 'res_task-MTTNS_space-fsLR_dir-ffx', 'res_task-MTTWE_space-fsLR_dir-ffx', 'res_task-MVEB_space-fsLR_dir-ffx', 'res_task-MVIS_space-fsLR_dir-ffx', 'res_task-MathLanguage_space-fsLR_dir-ffx', 'res_task-Motion_space-fsLR_dir-ffx', 'res_task-Moto_space-fsLR_dir-ffx', 'res_task-NARPS_space-fsLR_dir-ffx', 'res_task-PainMovie_space-fsLR_dir-ffx', 'res_task-PreferenceFaces_space-fsLR_dir-ffx', 'res_task-PreferenceFood_space-fsLR_dir-ffx', 'res_task-PreferenceHouses_space-fsLR_dir-ffx', 'res_task-PreferencePaintings_space-fsLR_dir-ffx', 'res_task-RSVPLanguage_space-fsLR_dir-ffx', 'res_task-RewProc_space-fsLR_dir-ffx', 'res_task-Scene_space-fsLR_dir-ffx', 'res_task-SelectiveStopSignal_space-fsLR_dir-ffx', 'res_task-Self_space-fsLR_dir-ffx', 'res_task-SpatialNavigation_space-fsLR_dir-ffx', 'res_task-StopNogo_space-fsLR_dir-ffx', 'res_task-StopSignal_space-fsLR_dir-ffx', 'res_task-Stroop_space-fsLR_dir-ffx', 'res_task-TheoryOfMind_space-fsLR_dir-ffx', 'res_task-TwoByTwo_space-fsLR_dir-ffx', 'res_task-VSTMC_space-fsLR_dir-ffx', 'res_task-VSTM_space-fsLR_dir-ffx', 'res_task-Visu_space-fsLR_dir-ffx', 'res_task-VisualSearch_space-fsLR_dir-ffx', 'res_task-WardAndAllport_space-fsLR_dir-ffx', 'res_task-WedgeAnti_space-fsLR_dir-ffx', 'res_task-WedgeClock_space-fsLR_dir-ffx', 'ses-00', 'ses-01', 'ses-02', 'ses-03', 'ses-04', 'ses-08', 'ses-11', 'ses-12', 'ses-15', 'ses-16', 'ses-17', 'ses-18', 'ses-19', 'ses-21', 'ses-24', 'ses-25', 'ses-26', 'ses-29', 'ses-30', 'ses-31', 'ses-35', 'ses-36', 'ses-37', 'ses-38', 'ses-39', 'ses-40', 'ses-42']
  ! Workbench smoothing failed for HcpWm/2back-0back, using unsmoothed map: Missing required file(s) for Workbench smoothing: ['/home/hmueller2/workbench/bin_linux64/wb_command']
  ✓ Loaded: HcpWm/2back-0back
  ! Workbench smoothing failed for ItemRecognition/encode5-encode1, using unsmoothed map: Missing required file(s) for Workbench smoothing: ['/home/hmueller2/workbench/bin_linux64/wb_command']
  ✓ Loaded: ItemRecognition/encode5-encode1
  - Not available: MDTB/2back_hard-easy
  - Not available: MDTB/search_hard-easy
  - Not available: MDTB/semantic_hard-easy
  - Not available: MDTB/finger_complex-simple
  - Not available: GoodBadUgly/dot_hard-easy
  ! Workbench smoothing failed for Stroop/incongruent-congruent, using unsmoothed map: Missing required file(s) for Workbench smoothing: ['/home/hmueller2/workbench/bin_linux64/wb_command']
  ✓ Loaded: Stroop/incongruent-congruent
  ! Workbench smoothing failed for Catell/hard-easy, using unsmoothed map: Missing required file(s) for Workbench smoothing: ['/home/hmueller2/workbench/bin_linux64/wb_command']
  ✓ Loaded: Catell/hard-easy

Applied Workbench CIFTI smoothing to input contrasts (FWHM=4.0mm)

Combined 4 MD contrasts
Mean z-score: -0.009 ± 0.591
Max z-score: 3.179

✓ Saved mean MD map: /ptmp/hmueller2/2025_ibc_latent/outputs/md_system/vertex_wise/sub-06/sub-06_MD_mean.dscalar.nii
✓ Saved std MD map: /ptmp/hmueller2/2025_ibc_latent/outputs/md_system/vertex_wise/sub-06/sub-06_MD_std.dscalar.nii
✓ Saved contrast info: /ptmp/hmueller2/2025_ibc_latent/outputs/md_system/vertex_wise/sub-06/sub-06_MD_contrasts.txt

============================================================
Processing subject 07
============================================================
  Looking for contrasts in: /ptmp/hmueller2/2025_ibc_latent/outputs/glm/contrast_maps_fsLR/sub-07
  Subject directory contents (79 items): ['res_task-ArchiEmotional_space-fsLR_dir-ffx', 'res_task-ArchiSocial_space-fsLR_dir-ffx', 'res_task-ArchiSpatial_space-fsLR_dir-ffx', 'res_task-ArchiStandard_space-fsLR_dir-ffx', 'res_task-Attention_space-fsLR_dir-ffx', 'res_task-Audi_space-fsLR_dir-ffx', 'res_task-BiologicalMotion1_space-fsLR_dir-ffx', 'res_task-BiologicalMotion2_space-fsLR_dir-ffx', 'res_task-BreathHolding_space-fsLR_dir-ffx', 'res_task-Catell_space-fsLR_dir-ffx', 'res_task-Checkerboard_space-fsLR_dir-ffx', 'res_task-ColumbiaCards_space-fsLR_dir-ffx', 'res_task-Discount_space-fsLR_dir-ffx', 'res_task-DotPatterns_space-fsLR_dir-ffx', 'res_task-EmoMem_space-fsLR_dir-ffx', 'res_task-EmoReco_space-fsLR_dir-ffx', 'res_task-EmotionalPain_space-fsLR_dir-ffx', 'res_task-Enumeration_space-fsLR_dir-ffx', 'res_task-FingerTap_space-fsLR_dir-ffx', 'res_task-HcpEmotion_space-fsLR_dir-ffx', 'res_task-HcpGambling_space-fsLR_dir-ffx', 'res_task-HcpLanguage_space-fsLR_dir-ffx', 'res_task-HcpMotor_space-fsLR_dir-ffx', 'res_task-HcpRelational_space-fsLR_dir-ffx', 'res_task-HcpSocial_space-fsLR_dir-ffx', 'res_task-HcpWm_space-fsLR_dir-ffx', 'res_task-ItemRecognition_space-fsLR_dir-ffx', 'res_task-Lec1_space-fsLR_dir-ffx', 'res_task-Lec2_space-fsLR_dir-ffx', 'res_task-MCSE_space-fsLR_dir-ffx', 'res_task-MTTNS_space-fsLR_dir-ffx', 'res_task-MTTWE_space-fsLR_dir-ffx', 'res_task-MVEB_space-fsLR_dir-ffx', 'res_task-MVIS_space-fsLR_dir-ffx', 'res_task-MathLanguage_space-fsLR_dir-ffx', 'res_task-Moto_space-fsLR_dir-ffx', 'res_task-PainMovie_space-fsLR_dir-ffx', 'res_task-PreferenceFaces_space-fsLR_dir-ffx', 'res_task-PreferenceFood_space-fsLR_dir-ffx', 'res_task-PreferenceHouses_space-fsLR_dir-ffx', 'res_task-PreferencePaintings_space-fsLR_dir-ffx', 'res_task-RSVPLanguage_space-fsLR_dir-ffx', 'res_task-SelectiveStopSignal_space-fsLR_dir-ffx', 'res_task-Self_space-fsLR_dir-ffx', 'res_task-SpatialNavigation_space-fsLR_dir-ffx', 'res_task-StopNogo_space-fsLR_dir-ffx', 'res_task-StopSignal_space-fsLR_dir-ffx', 'res_task-Stroop_space-fsLR_dir-ffx', 'res_task-TheoryOfMind_space-fsLR_dir-ffx', 'res_task-TwoByTwo_space-fsLR_dir-ffx', 'res_task-VSTMC_space-fsLR_dir-ffx', 'res_task-VSTM_space-fsLR_dir-ffx', 'res_task-Visu_space-fsLR_dir-ffx', 'res_task-WardAndAllport_space-fsLR_dir-ffx', 'res_task-WedgeAnti_space-fsLR_dir-ffx', 'res_task-WedgeClock_space-fsLR_dir-ffx', 'ses-00', 'ses-01', 'ses-02', 'ses-03', 'ses-04', 'ses-08', 'ses-11', 'ses-12', 'ses-15', 'ses-16', 'ses-17', 'ses-18', 'ses-19', 'ses-23', 'ses-24', 'ses-25', 'ses-26', 'ses-29', 'ses-30', 'ses-31', 'ses-35', 'ses-36', 'ses-37']
  ! Workbench smoothing failed for HcpWm/2back-0back, using unsmoothed map: Missing required file(s) for Workbench smoothing: ['/home/hmueller2/workbench/bin_linux64/wb_command']
  ✓ Loaded: HcpWm/2back-0back
  ! Workbench smoothing failed for ItemRecognition/encode5-encode1, using unsmoothed map: Missing required file(s) for Workbench smoothing: ['/home/hmueller2/workbench/bin_linux64/wb_command']
  ✓ Loaded: ItemRecognition/encode5-encode1
  - Not available: MDTB/2back_hard-easy
  - Not available: MDTB/search_hard-easy
  - Not available: MDTB/semantic_hard-easy
  - Not available: MDTB/finger_complex-simple
  - Not available: GoodBadUgly/dot_hard-easy
  ! Workbench smoothing failed for Stroop/incongruent-congruent, using unsmoothed map: Missing required file(s) for Workbench smoothing: ['/home/hmueller2/workbench/bin_linux64/wb_command']
  ✓ Loaded: Stroop/incongruent-congruent
  ! Workbench smoothing failed for Catell/hard-easy, using unsmoothed map: Missing required file(s) for Workbench smoothing: ['/home/hmueller2/workbench/bin_linux64/wb_command']
  ✓ Loaded: Catell/hard-easy

Applied Workbench CIFTI smoothing to input contrasts (FWHM=4.0mm)

Combined 4 MD contrasts
Mean z-score: 0.008 ± 0.543
Max z-score: 2.295

✓ Saved mean MD map: /ptmp/hmueller2/2025_ibc_latent/outputs/md_system/vertex_wise/sub-07/sub-07_MD_mean.dscalar.nii
✓ Saved std MD map: /ptmp/hmueller2/2025_ibc_latent/outputs/md_system/vertex_wise/sub-07/sub-07_MD_std.dscalar.nii
✓ Saved contrast info: /ptmp/hmueller2/2025_ibc_latent/outputs/md_system/vertex_wise/sub-07/sub-07_MD_contrasts.txt

============================================================
Processing subject 09
============================================================
  Looking for contrasts in: /ptmp/hmueller2/2025_ibc_latent/outputs/glm/contrast_maps_fsLR/sub-09
  Subject directory contents (90 items): ['res_task-ArchiEmotional_space-fsLR_dir-ffx', 'res_task-ArchiSocial_space-fsLR_dir-ffx', 'res_task-ArchiSpatial_space-fsLR_dir-ffx', 'res_task-ArchiStandard_space-fsLR_dir-ffx', 'res_task-Attention_space-fsLR_dir-ffx', 'res_task-Audi_space-fsLR_dir-ffx', 'res_task-BiologicalMotion1_space-fsLR_dir-ffx', 'res_task-BiologicalMotion2_space-fsLR_dir-ffx', 'res_task-BreathHolding_space-fsLR_dir-ffx', 'res_task-Catell_space-fsLR_dir-ffx', 'res_task-Checkerboard_space-fsLR_dir-ffx', 'res_task-Color_space-fsLR_dir-ffx', 'res_task-ColumbiaCards_space-fsLR_dir-ffx', 'res_task-Discount_space-fsLR_dir-ffx', 'res_task-DotPatterns_space-fsLR_dir-ffx', 'res_task-EmoMem_space-fsLR_dir-ffx', 'res_task-EmoReco_space-fsLR_dir-ffx', 'res_task-EmotionalPain_space-fsLR_dir-ffx', 'res_task-Enumeration_space-fsLR_dir-ffx', 'res_task-FaceBody_space-fsLR_dir-ffx', 'res_task-FingerTap_space-fsLR_dir-ffx', 'res_task-HcpEmotion_space-fsLR_dir-ffx', 'res_task-HcpGambling_space-fsLR_dir-ffx', 'res_task-HcpLanguage_space-fsLR_dir-ffx', 'res_task-HcpMotor_space-fsLR_dir-ffx', 'res_task-HcpRelational_space-fsLR_dir-ffx', 'res_task-HcpSocial_space-fsLR_dir-ffx', 'res_task-HcpWm_space-fsLR_dir-ffx', 'res_task-ItemRecognition_space-fsLR_dir-ffx', 'res_task-Lec1_space-fsLR_dir-ffx', 'res_task-Lec2_space-fsLR_dir-ffx', 'res_task-MCSE_space-fsLR_dir-ffx', 'res_task-MTTNS_space-fsLR_dir-ffx', 'res_task-MTTWE_space-fsLR_dir-ffx', 'res_task-MVEB_space-fsLR_dir-ffx', 'res_task-MVIS_space-fsLR_dir-ffx', 'res_task-MathLanguage_space-fsLR_dir-ffx', 'res_task-Motion_space-fsLR_dir-ffx', 'res_task-Moto_space-fsLR_dir-ffx', 'res_task-NARPS_space-fsLR_dir-ffx', 'res_task-PainMovie_space-fsLR_dir-ffx', 'res_task-PreferenceFaces_space-fsLR_dir-ffx', 'res_task-PreferenceFood_space-fsLR_dir-ffx', 'res_task-PreferenceHouses_space-fsLR_dir-ffx', 'res_task-PreferencePaintings_space-fsLR_dir-ffx', 'res_task-RSVPLanguage_space-fsLR_dir-ffx', 'res_task-RewProc_space-fsLR_dir-ffx', 'res_task-Scene_space-fsLR_dir-ffx', 'res_task-SelectiveStopSignal_space-fsLR_dir-ffx', 'res_task-Self_space-fsLR_dir-ffx', 'res_task-SpatialNavigation_space-fsLR_dir-ffx', 'res_task-StopNogo_space-fsLR_dir-ffx', 'res_task-StopSignal_space-fsLR_dir-ffx', 'res_task-Stroop_space-fsLR_dir-ffx', 'res_task-TheoryOfMind_space-fsLR_dir-ffx', 'res_task-TwoByTwo_space-fsLR_dir-ffx', 'res_task-VSTMC_space-fsLR_dir-ffx', 'res_task-VSTM_space-fsLR_dir-ffx', 'res_task-Visu_space-fsLR_dir-ffx', 'res_task-VisualSearch_space-fsLR_dir-ffx', 'res_task-WardAndAllport_space-fsLR_dir-ffx', 'res_task-WedgeAnti_space-fsLR_dir-ffx', 'res_task-WedgeClock_space-fsLR_dir-ffx', 'ses-00', 'ses-01', 'ses-02', 'ses-04', 'ses-05', 'ses-10', 'ses-12', 'ses-13', 'ses-16', 'ses-17', 'ses-18', 'ses-20', 'ses-21', 'ses-22', 'ses-25', 'ses-26', 'ses-27', 'ses-30', 'ses-31', 'ses-32', 'ses-36', 'ses-37', 'ses-38', 'ses-39', 'ses-40', 'ses-41', 'ses-43']
  ! Workbench smoothing failed for HcpWm/2back-0back, using unsmoothed map: Missing required file(s) for Workbench smoothing: ['/home/hmueller2/workbench/bin_linux64/wb_command']
  ✓ Loaded: HcpWm/2back-0back
  ! Workbench smoothing failed for ItemRecognition/encode5-encode1, using unsmoothed map: Missing required file(s) for Workbench smoothing: ['/home/hmueller2/workbench/bin_linux64/wb_command']
  ✓ Loaded: ItemRecognition/encode5-encode1
  - Not available: MDTB/2back_hard-easy
  - Not available: MDTB/search_hard-easy
  - Not available: MDTB/semantic_hard-easy
  - Not available: MDTB/finger_complex-simple
  - Not available: GoodBadUgly/dot_hard-easy
  ! Workbench smoothing failed for Stroop/incongruent-congruent, using unsmoothed map: Missing required file(s) for Workbench smoothing: ['/home/hmueller2/workbench/bin_linux64/wb_command']
  ✓ Loaded: Stroop/incongruent-congruent
  ! Workbench smoothing failed for Catell/hard-easy, using unsmoothed map: Missing required file(s) for Workbench smoothing: ['/home/hmueller2/workbench/bin_linux64/wb_command']
  ✓ Loaded: Catell/hard-easy

Applied Workbench CIFTI smoothing to input contrasts (FWHM=4.0mm)

Combined 4 MD contrasts
Mean z-score: 0.002 ± 0.536
Max z-score: 2.198

✓ Saved mean MD map: /ptmp/hmueller2/2025_ibc_latent/outputs/md_system/vertex_wise/sub-09/sub-09_MD_mean.dscalar.nii
✓ Saved std MD map: /ptmp/hmueller2/2025_ibc_latent/outputs/md_system/vertex_wise/sub-09/sub-09_MD_std.dscalar.nii
✓ Saved contrast info: /ptmp/hmueller2/2025_ibc_latent/outputs/md_system/vertex_wise/sub-09/sub-09_MD_contrasts.txt

============================================================
Processing subject 11
============================================================
  Looking for contrasts in: /ptmp/hmueller2/2025_ibc_latent/outputs/glm/contrast_maps_fsLR/sub-11
  Subject directory contents (89 items): ['res_task-ArchiEmotional_space-fsLR_dir-ffx', 'res_task-ArchiSocial_space-fsLR_dir-ffx', 'res_task-ArchiSpatial_space-fsLR_dir-ffx', 'res_task-ArchiStandard_space-fsLR_dir-ffx', 'res_task-Attention_space-fsLR_dir-ffx', 'res_task-Audi_space-fsLR_dir-ffx', 'res_task-BiologicalMotion1_space-fsLR_dir-ffx', 'res_task-BiologicalMotion2_space-fsLR_dir-ffx', 'res_task-BreathHolding_space-fsLR_dir-ffx', 'res_task-Catell_space-fsLR_dir-ffx', 'res_task-Checkerboard_space-fsLR_dir-ffx', 'res_task-Color_space-fsLR_dir-ffx', 'res_task-ColumbiaCards_space-fsLR_dir-ffx', 'res_task-Discount_space-fsLR_dir-ffx', 'res_task-DotPatterns_space-fsLR_dir-ffx', 'res_task-EmoMem_space-fsLR_dir-ffx', 'res_task-EmoReco_space-fsLR_dir-ffx', 'res_task-EmotionalPain_space-fsLR_dir-ffx', 'res_task-Enumeration_space-fsLR_dir-ffx', 'res_task-FaceBody_space-fsLR_dir-ffx', 'res_task-FingerTap_space-fsLR_dir-ffx', 'res_task-HcpEmotion_space-fsLR_dir-ffx', 'res_task-HcpGambling_space-fsLR_dir-ffx', 'res_task-HcpLanguage_space-fsLR_dir-ffx', 'res_task-HcpMotor_space-fsLR_dir-ffx', 'res_task-HcpRelational_space-fsLR_dir-ffx', 'res_task-HcpSocial_space-fsLR_dir-ffx', 'res_task-HcpWm_space-fsLR_dir-ffx', 'res_task-ItemRecognition_space-fsLR_dir-ffx', 'res_task-Lec1_space-fsLR_dir-ffx', 'res_task-Lec2_space-fsLR_dir-ffx', 'res_task-MCSE_space-fsLR_dir-ffx', 'res_task-MTTNS_space-fsLR_dir-ffx', 'res_task-MTTWE_space-fsLR_dir-ffx', 'res_task-MVEB_space-fsLR_dir-ffx', 'res_task-MVIS_space-fsLR_dir-ffx', 'res_task-MathLanguage_space-fsLR_dir-ffx', 'res_task-Motion_space-fsLR_dir-ffx', 'res_task-Moto_space-fsLR_dir-ffx', 'res_task-NARPS_space-fsLR_dir-ffx', 'res_task-PainMovie_space-fsLR_dir-ffx', 'res_task-PreferenceFaces_space-fsLR_dir-ffx', 'res_task-PreferenceFood_space-fsLR_dir-ffx', 'res_task-PreferenceHouses_space-fsLR_dir-ffx', 'res_task-RSVPLanguage_space-fsLR_dir-ffx', 'res_task-RewProc_space-fsLR_dir-ffx', 'res_task-Scene_space-fsLR_dir-ffx', 'res_task-SelectiveStopSignal_space-fsLR_dir-ffx', 'res_task-Self_space-fsLR_dir-ffx', 'res_task-SpatialNavigation_space-fsLR_dir-ffx', 'res_task-StopNogo_space-fsLR_dir-ffx', 'res_task-StopSignal_space-fsLR_dir-ffx', 'res_task-Stroop_space-fsLR_dir-ffx', 'res_task-TheoryOfMind_space-fsLR_dir-ffx', 'res_task-TwoByTwo_space-fsLR_dir-ffx', 'res_task-VSTMC_space-fsLR_dir-ffx', 'res_task-VSTM_space-fsLR_dir-ffx', 'res_task-Visu_space-fsLR_dir-ffx', 'res_task-VisualSearch_space-fsLR_dir-ffx', 'res_task-WardAndAllport_space-fsLR_dir-ffx', 'res_task-WedgeAnti_space-fsLR_dir-ffx', 'res_task-WedgeClock_space-fsLR_dir-ffx', 'ses-00', 'ses-01', 'ses-02', 'ses-03', 'ses-05', 'ses-08', 'ses-11', 'ses-12', 'ses-16', 'ses-18', 'ses-19', 'ses-20', 'ses-21', 'ses-22', 'ses-25', 'ses-26', 'ses-27', 'ses-30', 'ses-32', 'ses-36', 'ses-37', 'ses-38', 'ses-39', 'ses-40', 'ses-41', 'ses-42', 'ses-44']
  ! Workbench smoothing failed for HcpWm/2back-0back, using unsmoothed map: Missing required file(s) for Workbench smoothing: ['/home/hmueller2/workbench/bin_linux64/wb_command']
  ✓ Loaded: HcpWm/2back-0back
  ! Workbench smoothing failed for ItemRecognition/encode5-encode1, using unsmoothed map: Missing required file(s) for Workbench smoothing: ['/home/hmueller2/workbench/bin_linux64/wb_command']
  ✓ Loaded: ItemRecognition/encode5-encode1
  - Not available: MDTB/2back_hard-easy
  - Not available: MDTB/search_hard-easy
  - Not available: MDTB/semantic_hard-easy
  - Not available: MDTB/finger_complex-simple
  - Not available: GoodBadUgly/dot_hard-easy
  ! Workbench smoothing failed for Stroop/incongruent-congruent, using unsmoothed map: Missing required file(s) for Workbench smoothing: ['/home/hmueller2/workbench/bin_linux64/wb_command']
  ✓ Loaded: Stroop/incongruent-congruent
  ! Workbench smoothing failed for Catell/hard-easy, using unsmoothed map: Missing required file(s) for Workbench smoothing: ['/home/hmueller2/workbench/bin_linux64/wb_command']
  ✓ Loaded: Catell/hard-easy

Applied Workbench CIFTI smoothing to input contrasts (FWHM=4.0mm)

Combined 4 MD contrasts
Mean z-score: -0.003 ± 0.547
Max z-score: 2.775

✓ Saved mean MD map: /ptmp/hmueller2/2025_ibc_latent/outputs/md_system/vertex_wise/sub-11/sub-11_MD_mean.dscalar.nii
✓ Saved std MD map: /ptmp/hmueller2/2025_ibc_latent/outputs/md_system/vertex_wise/sub-11/sub-11_MD_std.dscalar.nii
✓ Saved contrast info: /ptmp/hmueller2/2025_ibc_latent/outputs/md_system/vertex_wise/sub-11/sub-11_MD_contrasts.txt

============================================================
Processing subject 13
============================================================
  Looking for contrasts in: /ptmp/hmueller2/2025_ibc_latent/outputs/glm/contrast_maps_fsLR/sub-13
  Subject directory contents (78 items): ['res_task-ArchiEmotional_space-fsLR_dir-ffx', 'res_task-ArchiSocial_space-fsLR_dir-ffx', 'res_task-ArchiSpatial_space-fsLR_dir-ffx', 'res_task-ArchiStandard_space-fsLR_dir-ffx', 'res_task-Attention_space-fsLR_dir-ffx', 'res_task-Audi_space-fsLR_dir-ffx', 'res_task-BiologicalMotion1_space-fsLR_dir-ffx', 'res_task-BiologicalMotion2_space-fsLR_dir-ffx', 'res_task-BreathHolding_space-fsLR_dir-ffx', 'res_task-Catell_space-fsLR_dir-ffx', 'res_task-Checkerboard_space-fsLR_dir-ffx', 'res_task-ColumbiaCards_space-fsLR_dir-ffx', 'res_task-Discount_space-fsLR_dir-ffx', 'res_task-DotPatterns_space-fsLR_dir-ffx', 'res_task-EmoMem_space-fsLR_dir-ffx', 'res_task-EmoReco_space-fsLR_dir-ffx', 'res_task-EmotionalPain_space-fsLR_dir-ffx', 'res_task-Enumeration_space-fsLR_dir-ffx', 'res_task-FingerTap_space-fsLR_dir-ffx', 'res_task-HcpEmotion_space-fsLR_dir-ffx', 'res_task-HcpGambling_space-fsLR_dir-ffx', 'res_task-HcpLanguage_space-fsLR_dir-ffx', 'res_task-HcpMotor_space-fsLR_dir-ffx', 'res_task-HcpRelational_space-fsLR_dir-ffx', 'res_task-HcpSocial_space-fsLR_dir-ffx', 'res_task-HcpWm_space-fsLR_dir-ffx', 'res_task-ItemRecognition_space-fsLR_dir-ffx', 'res_task-Lec1_space-fsLR_dir-ffx', 'res_task-Lec2_space-fsLR_dir-ffx', 'res_task-MCSE_space-fsLR_dir-ffx', 'res_task-MTTNS_space-fsLR_dir-ffx', 'res_task-MTTWE_space-fsLR_dir-ffx', 'res_task-MVEB_space-fsLR_dir-ffx', 'res_task-MVIS_space-fsLR_dir-ffx', 'res_task-MathLanguage_space-fsLR_dir-ffx', 'res_task-Moto_space-fsLR_dir-ffx', 'res_task-PainMovie_space-fsLR_dir-ffx', 'res_task-PreferenceFaces_space-fsLR_dir-ffx', 'res_task-PreferenceHouses_space-fsLR_dir-ffx', 'res_task-PreferencePaintings_space-fsLR_dir-ffx', 'res_task-RSVPLanguage_space-fsLR_dir-ffx', 'res_task-SelectiveStopSignal_space-fsLR_dir-ffx', 'res_task-Self_space-fsLR_dir-ffx', 'res_task-SpatialNavigation_space-fsLR_dir-ffx', 'res_task-StopNogo_space-fsLR_dir-ffx', 'res_task-StopSignal_space-fsLR_dir-ffx', 'res_task-Stroop_space-fsLR_dir-ffx', 'res_task-TheoryOfMind_space-fsLR_dir-ffx', 'res_task-TwoByTwo_space-fsLR_dir-ffx', 'res_task-VSTMC_space-fsLR_dir-ffx', 'res_task-VSTM_space-fsLR_dir-ffx', 'res_task-Visu_space-fsLR_dir-ffx', 'res_task-WardAndAllport_space-fsLR_dir-ffx', 'res_task-WedgeAnti_space-fsLR_dir-ffx', 'res_task-WedgeClock_space-fsLR_dir-ffx', 'ses-00', 'ses-01', 'ses-02', 'ses-03', 'ses-04', 'ses-08', 'ses-11', 'ses-12', 'ses-15', 'ses-16', 'ses-17', 'ses-18', 'ses-19', 'ses-21', 'ses-24', 'ses-25', 'ses-26', 'ses-29', 'ses-30', 'ses-31', 'ses-35', 'ses-36', 'ses-37']
  ! Workbench smoothing failed for HcpWm/2back-0back, using unsmoothed map: Missing required file(s) for Workbench smoothing: ['/home/hmueller2/workbench/bin_linux64/wb_command']
  ✓ Loaded: HcpWm/2back-0back
  ! Workbench smoothing failed for ItemRecognition/encode5-encode1, using unsmoothed map: Missing required file(s) for Workbench smoothing: ['/home/hmueller2/workbench/bin_linux64/wb_command']
  ✓ Loaded: ItemRecognition/encode5-encode1
  - Not available: MDTB/2back_hard-easy
  - Not available: MDTB/search_hard-easy
  - Not available: MDTB/semantic_hard-easy
  - Not available: MDTB/finger_complex-simple
  - Not available: GoodBadUgly/dot_hard-easy
  ! Workbench smoothing failed for Stroop/incongruent-congruent, using unsmoothed map: Missing required file(s) for Workbench smoothing: ['/home/hmueller2/workbench/bin_linux64/wb_command']
  ✓ Loaded: Stroop/incongruent-congruent
  ! Workbench smoothing failed for Catell/hard-easy, using unsmoothed map: Missing required file(s) for Workbench smoothing: ['/home/hmueller2/workbench/bin_linux64/wb_command']
  ✓ Loaded: Catell/hard-easy

Applied Workbench CIFTI smoothing to input contrasts (FWHM=4.0mm)

Combined 4 MD contrasts
Mean z-score: -0.002 ± 0.563
Max z-score: 2.411

✓ Saved mean MD map: /ptmp/hmueller2/2025_ibc_latent/outputs/md_system/vertex_wise/sub-13/sub-13_MD_mean.dscalar.nii
✓ Saved std MD map: /ptmp/hmueller2/2025_ibc_latent/outputs/md_system/vertex_wise/sub-13/sub-13_MD_std.dscalar.nii
✓ Saved contrast info: /ptmp/hmueller2/2025_ibc_latent/outputs/md_system/vertex_wise/sub-13/sub-13_MD_contrasts.txt

============================================================
Processing subject 14
============================================================
  Looking for contrasts in: /ptmp/hmueller2/2025_ibc_latent/outputs/glm/contrast_maps_fsLR/sub-14
  Subject directory contents (90 items): ['res_task-ArchiEmotional_space-fsLR_dir-ffx', 'res_task-ArchiSocial_space-fsLR_dir-ffx', 'res_task-ArchiSpatial_space-fsLR_dir-ffx', 'res_task-ArchiStandard_space-fsLR_dir-ffx', 'res_task-Attention_space-fsLR_dir-ffx', 'res_task-Audi_space-fsLR_dir-ffx', 'res_task-BiologicalMotion1_space-fsLR_dir-ffx', 'res_task-BiologicalMotion2_space-fsLR_dir-ffx', 'res_task-BreathHolding_space-fsLR_dir-ffx', 'res_task-Catell_space-fsLR_dir-ffx', 'res_task-Checkerboard_space-fsLR_dir-ffx', 'res_task-Color_space-fsLR_dir-ffx', 'res_task-ColumbiaCards_space-fsLR_dir-ffx', 'res_task-Discount_space-fsLR_dir-ffx', 'res_task-DotPatterns_space-fsLR_dir-ffx', 'res_task-EmoMem_space-fsLR_dir-ffx', 'res_task-EmoReco_space-fsLR_dir-ffx', 'res_task-EmotionalPain_space-fsLR_dir-ffx', 'res_task-Enumeration_space-fsLR_dir-ffx', 'res_task-FaceBody_space-fsLR_dir-ffx', 'res_task-FingerTap_space-fsLR_dir-ffx', 'res_task-HcpEmotion_space-fsLR_dir-ffx', 'res_task-HcpGambling_space-fsLR_dir-ffx', 'res_task-HcpLanguage_space-fsLR_dir-ffx', 'res_task-HcpMotor_space-fsLR_dir-ffx', 'res_task-HcpRelational_space-fsLR_dir-ffx', 'res_task-HcpSocial_space-fsLR_dir-ffx', 'res_task-HcpWm_space-fsLR_dir-ffx', 'res_task-ItemRecognition_space-fsLR_dir-ffx', 'res_task-Lec1_space-fsLR_dir-ffx', 'res_task-Lec2_space-fsLR_dir-ffx', 'res_task-MCSE_space-fsLR_dir-ffx', 'res_task-MTTNS_space-fsLR_dir-ffx', 'res_task-MTTWE_space-fsLR_dir-ffx', 'res_task-MVEB_space-fsLR_dir-ffx', 'res_task-MVIS_space-fsLR_dir-ffx', 'res_task-MathLanguage_space-fsLR_dir-ffx', 'res_task-Motion_space-fsLR_dir-ffx', 'res_task-Moto_space-fsLR_dir-ffx', 'res_task-NARPS_space-fsLR_dir-ffx', 'res_task-PainMovie_space-fsLR_dir-ffx', 'res_task-PreferenceFaces_space-fsLR_dir-ffx', 'res_task-PreferenceFood_space-fsLR_dir-ffx', 'res_task-PreferenceHouses_space-fsLR_dir-ffx', 'res_task-PreferencePaintings_space-fsLR_dir-ffx', 'res_task-RSVPLanguage_space-fsLR_dir-ffx', 'res_task-RewProc_space-fsLR_dir-ffx', 'res_task-Scene_space-fsLR_dir-ffx', 'res_task-SelectiveStopSignal_space-fsLR_dir-ffx', 'res_task-Self_space-fsLR_dir-ffx', 'res_task-SpatialNavigation_space-fsLR_dir-ffx', 'res_task-StopNogo_space-fsLR_dir-ffx', 'res_task-StopSignal_space-fsLR_dir-ffx', 'res_task-Stroop_space-fsLR_dir-ffx', 'res_task-TheoryOfMind_space-fsLR_dir-ffx', 'res_task-TwoByTwo_space-fsLR_dir-ffx', 'res_task-VSTMC_space-fsLR_dir-ffx', 'res_task-VSTM_space-fsLR_dir-ffx', 'res_task-Visu_space-fsLR_dir-ffx', 'res_task-VisualSearch_space-fsLR_dir-ffx', 'res_task-WardAndAllport_space-fsLR_dir-ffx', 'res_task-WedgeAnti_space-fsLR_dir-ffx', 'res_task-WedgeClock_space-fsLR_dir-ffx', 'ses-00', 'ses-01', 'ses-02', 'ses-03', 'ses-04', 'ses-10', 'ses-11', 'ses-12', 'ses-13', 'ses-16', 'ses-17', 'ses-18', 'ses-19', 'ses-21', 'ses-24', 'ses-25', 'ses-26', 'ses-29', 'ses-30', 'ses-34', 'ses-35', 'ses-36', 'ses-37', 'ses-38', 'ses-39', 'ses-40', 'ses-42']
  ! Workbench smoothing failed for HcpWm/2back-0back, using unsmoothed map: Missing required file(s) for Workbench smoothing: ['/home/hmueller2/workbench/bin_linux64/wb_command']
  ✓ Loaded: HcpWm/2back-0back
  ! Workbench smoothing failed for ItemRecognition/encode5-encode1, using unsmoothed map: Missing required file(s) for Workbench smoothing: ['/home/hmueller2/workbench/bin_linux64/wb_command']
  ✓ Loaded: ItemRecognition/encode5-encode1
  - Not available: MDTB/2back_hard-easy
  - Not available: MDTB/search_hard-easy
  - Not available: MDTB/semantic_hard-easy
  - Not available: MDTB/finger_complex-simple
  - Not available: GoodBadUgly/dot_hard-easy
  ! Workbench smoothing failed for Stroop/incongruent-congruent, using unsmoothed map: Missing required file(s) for Workbench smoothing: ['/home/hmueller2/workbench/bin_linux64/wb_command']
  ✓ Loaded: Stroop/incongruent-congruent
  ! Workbench smoothing failed for Catell/hard-easy, using unsmoothed map: Missing required file(s) for Workbench smoothing: ['/home/hmueller2/workbench/bin_linux64/wb_command']
  ✓ Loaded: Catell/hard-easy

Applied Workbench CIFTI smoothing to input contrasts (FWHM=4.0mm)

Combined 4 MD contrasts
Mean z-score: -0.009 ± 0.556
Max z-score: 2.358

✓ Saved mean MD map: /ptmp/hmueller2/2025_ibc_latent/outputs/md_system/vertex_wise/sub-14/sub-14_MD_mean.dscalar.nii
✓ Saved std MD map: /ptmp/hmueller2/2025_ibc_latent/outputs/md_system/vertex_wise/sub-14/sub-14_MD_std.dscalar.nii
✓ Saved contrast info: /ptmp/hmueller2/2025_ibc_latent/outputs/md_system/vertex_wise/sub-14/sub-14_MD_contrasts.txt

============================================================
Processing subject 15
============================================================
  Looking for contrasts in: /ptmp/hmueller2/2025_ibc_latent/outputs/glm/contrast_maps_fsLR/sub-15
  Subject directory contents (89 items): ['res_task-ArchiEmotional_space-fsLR_dir-ffx', 'res_task-ArchiSocial_space-fsLR_dir-ffx', 'res_task-ArchiSpatial_space-fsLR_dir-ffx', 'res_task-ArchiStandard_space-fsLR_dir-ffx', 'res_task-Attention_space-fsLR_dir-ffx', 'res_task-Audi_space-fsLR_dir-ffx', 'res_task-BiologicalMotion1_space-fsLR_dir-ffx', 'res_task-BiologicalMotion2_space-fsLR_dir-ffx', 'res_task-BreathHolding_space-fsLR_dir-ffx', 'res_task-Catell_space-fsLR_dir-ffx', 'res_task-Checkerboard_space-fsLR_dir-ffx', 'res_task-Color_space-fsLR_dir-ffx', 'res_task-Discount_space-fsLR_dir-ffx', 'res_task-DotPatterns_space-fsLR_dir-ffx', 'res_task-EmoMem_space-fsLR_dir-ffx', 'res_task-EmoReco_space-fsLR_dir-ffx', 'res_task-EmotionalPain_space-fsLR_dir-ffx', 'res_task-Enumeration_space-fsLR_dir-ffx', 'res_task-FaceBody_space-fsLR_dir-ffx', 'res_task-FingerTap_space-fsLR_dir-ffx', 'res_task-HcpEmotion_space-fsLR_dir-ffx', 'res_task-HcpGambling_space-fsLR_dir-ffx', 'res_task-HcpLanguage_space-fsLR_dir-ffx', 'res_task-HcpMotor_space-fsLR_dir-ffx', 'res_task-HcpRelational_space-fsLR_dir-ffx', 'res_task-HcpSocial_space-fsLR_dir-ffx', 'res_task-HcpWm_space-fsLR_dir-ffx', 'res_task-ItemRecognition_space-fsLR_dir-ffx', 'res_task-Lec1_space-fsLR_dir-ffx', 'res_task-Lec2_space-fsLR_dir-ffx', 'res_task-MCSE_space-fsLR_dir-ffx', 'res_task-MTTNS_space-fsLR_dir-ffx', 'res_task-MTTWE_space-fsLR_dir-ffx', 'res_task-MVEB_space-fsLR_dir-ffx', 'res_task-MVIS_space-fsLR_dir-ffx', 'res_task-MathLanguage_space-fsLR_dir-ffx', 'res_task-Motion_space-fsLR_dir-ffx', 'res_task-Moto_space-fsLR_dir-ffx', 'res_task-NARPS_space-fsLR_dir-ffx', 'res_task-PainMovie_space-fsLR_dir-ffx', 'res_task-PreferenceFaces_space-fsLR_dir-ffx', 'res_task-PreferenceFood_space-fsLR_dir-ffx', 'res_task-PreferenceHouses_space-fsLR_dir-ffx', 'res_task-PreferencePaintings_space-fsLR_dir-ffx', 'res_task-RSVPLanguage_space-fsLR_dir-ffx', 'res_task-RewProc_space-fsLR_dir-ffx', 'res_task-Scene_space-fsLR_dir-ffx', 'res_task-SelectiveStopSignal_space-fsLR_dir-ffx', 'res_task-Self_space-fsLR_dir-ffx', 'res_task-SpatialNavigation_space-fsLR_dir-ffx', 'res_task-StopNogo_space-fsLR_dir-ffx', 'res_task-StopSignal_space-fsLR_dir-ffx', 'res_task-Stroop_space-fsLR_dir-ffx', 'res_task-TheoryOfMind_space-fsLR_dir-ffx', 'res_task-TwoByTwo_space-fsLR_dir-ffx', 'res_task-VSTMC_space-fsLR_dir-ffx', 'res_task-VSTM_space-fsLR_dir-ffx', 'res_task-Visu_space-fsLR_dir-ffx', 'res_task-VisualSearch_space-fsLR_dir-ffx', 'res_task-WardAndAllport_space-fsLR_dir-ffx', 'res_task-WedgeAnti_space-fsLR_dir-ffx', 'res_task-WedgeClock_space-fsLR_dir-ffx', 'ses-00', 'ses-01', 'ses-02', 'ses-03', 'ses-04', 'ses-05', 'ses-06', 'ses-10', 'ses-11', 'ses-14', 'ses-15', 'ses-19', 'ses-20', 'ses-21', 'ses-24', 'ses-25', 'ses-26', 'ses-29', 'ses-30', 'ses-31', 'ses-35', 'ses-36', 'ses-37', 'ses-38', 'ses-39', 'ses-40', 'ses-42']
  ! Workbench smoothing failed for HcpWm/2back-0back, using unsmoothed map: Missing required file(s) for Workbench smoothing: ['/home/hmueller2/workbench/bin_linux64/wb_command']
  ✓ Loaded: HcpWm/2back-0back
  ! Workbench smoothing failed for ItemRecognition/encode5-encode1, using unsmoothed map: Missing required file(s) for Workbench smoothing: ['/home/hmueller2/workbench/bin_linux64/wb_command']
  ✓ Loaded: ItemRecognition/encode5-encode1
  - Not available: MDTB/2back_hard-easy
  - Not available: MDTB/search_hard-easy
  - Not available: MDTB/semantic_hard-easy
  - Not available: MDTB/finger_complex-simple
  - Not available: GoodBadUgly/dot_hard-easy
  ! Workbench smoothing failed for Stroop/incongruent-congruent, using unsmoothed map: Missing required file(s) for Workbench smoothing: ['/home/hmueller2/workbench/bin_linux64/wb_command']
  ✓ Loaded: Stroop/incongruent-congruent
  ! Workbench smoothing failed for Catell/hard-easy, using unsmoothed map: Missing required file(s) for Workbench smoothing: ['/home/hmueller2/workbench/bin_linux64/wb_command']
  ✓ Loaded: Catell/hard-easy

Applied Workbench CIFTI smoothing to input contrasts (FWHM=4.0mm)

Combined 4 MD contrasts
Mean z-score: 0.000 ± 0.528
Max z-score: 2.379

✓ Saved mean MD map: /ptmp/hmueller2/2025_ibc_latent/outputs/md_system/vertex_wise/sub-15/sub-15_MD_mean.dscalar.nii
✓ Saved std MD map: /ptmp/hmueller2/2025_ibc_latent/outputs/md_system/vertex_wise/sub-15/sub-15_MD_std.dscalar.nii
✓ Saved contrast info: /ptmp/hmueller2/2025_ibc_latent/outputs/md_system/vertex_wise/sub-15/sub-15_MD_contrasts.txt

Group analysis: 8 subjects
Valid subjects: 04, 06, 07, 09, 11, 13, 14, 15
Mean group z-score: -0.001
Max group z-score: 1.041

Group MD mean map range before threshold: min=-0.867, max=1.041
Threshold: z > 1.0
Suprathreshold vertices: 1 (0.0%)

✓ Saved group mean: /ptmp/hmueller2/2025_ibc_latent/outputs/md_system/vertex_wise/group/group_MD_mean.dscalar.nii
✓ Saved group thresholded mean: /ptmp/hmueller2/2025_ibc_latent/outputs/md_system/vertex_wise/group/group_MD_mean_thresh_1.0.dscalar.nii
✓ Saved group std: /ptmp/hmueller2/2025_ibc_latent/outputs/md_system/vertex_wise/group/group_MD_std.dscalar.nii
✓ Saved group SEM: /ptmp/hmueller2/2025_ibc_latent/outputs/md_system/vertex_wise/group/group_MD_sem.dscalar.nii
✓ Saved group info: /ptmp/hmueller2/2025_ibc_latent/outputs/md_system/vertex_wise/group/group_MD_info.txt

============================================================
MD Mapping Complete!
============================================================
Results saved to: /ptmp/hmueller2/2025_ibc_latent/outputs/md_system/vertex_wise
Workbench geodesic smoothing applied: FWHM=4.0mm
Threshold applied: z > 1.0
============================================
Running parcel-based MD mapping
============================================
Command: python Command: /home/hmueller2/ibc_code/ibc_latent/Multiple-Demand/md_mapping_parcels.py Command: --subjects Command: 04 Command: 06 Command: 07 Command: 09 Command: 11 Command: 13 Command: 14 Command: 15 Command: --contrast-base Command: /ptmp/hmueller2/2025_ibc_latent/outputs/glm/contrast_maps_fsLR Command: --output Command: /ptmp/hmueller2/2025_ibc_latent/outputs/md_system/parcel_based Command: --group Command: --no-individual-contrasts 
Loading HCP 360 parcellation from: /home/hmueller2/atlases/fsLR/Q1-Q6_RelatedValidation210.CorticalAreas_dil_Final_Final_Areas_Group_Colors.32k_fs_LR.dlabel.nii
Extracted cortical parcellation (59412 vertices)
Loaded 360 cortical parcels from 360-parcel atlas

============================================================
Processing subject 04 (parcel-based)
============================================================
  Looking for contrasts in: /ptmp/hmueller2/2025_ibc_latent/outputs/glm/contrast_maps_fsLR/sub-04
  Subject directory contents (92 items): ['.DS_Store', '._.DS_Store', 'res_task-ArchiEmotional_space-fsLR_dir-ffx', 'res_task-ArchiSocial_space-fsLR_dir-ffx', 'res_task-ArchiSpatial_space-fsLR_dir-ffx', 'res_task-ArchiStandard_space-fsLR_dir-ffx', 'res_task-Attention_space-fsLR_dir-ffx', 'res_task-Audi_space-fsLR_dir-ffx', 'res_task-BiologicalMotion1_space-fsLR_dir-ffx', 'res_task-BiologicalMotion2_space-fsLR_dir-ffx', 'res_task-BreathHolding_space-fsLR_dir-ffx', 'res_task-Catell_space-fsLR_dir-ffx', 'res_task-Checkerboard_space-fsLR_dir-ffx', 'res_task-Color_space-fsLR_dir-ffx', 'res_task-ColumbiaCards_space-fsLR_dir-ffx', 'res_task-Discount_space-fsLR_dir-ffx', 'res_task-DotPatterns_space-fsLR_dir-ffx', 'res_task-EmoMem_space-fsLR_dir-ffx', 'res_task-EmoReco_space-fsLR_dir-ffx', 'res_task-EmotionalPain_space-fsLR_dir-ffx', 'res_task-Enumeration_space-fsLR_dir-ffx', 'res_task-FaceBody_space-fsLR_dir-ffx', 'res_task-FingerTap_space-fsLR_dir-ffx', 'res_task-HcpEmotion_space-fsLR_dir-ffx', 'res_task-HcpGambling_space-fsLR_dir-ffx', 'res_task-HcpLanguage_space-fsLR_dir-ffx', 'res_task-HcpMotor_space-fsLR_dir-ffx', 'res_task-HcpRelational_space-fsLR_dir-ffx', 'res_task-HcpSocial_space-fsLR_dir-ffx', 'res_task-HcpWm_space-fsLR_dir-ffx', 'res_task-ItemRecognition_space-fsLR_dir-ffx', 'res_task-Lec1_space-fsLR_dir-ffx', 'res_task-Lec2_space-fsLR_dir-ffx', 'res_task-MCSE_space-fsLR_dir-ffx', 'res_task-MTTNS_space-fsLR_dir-ffx', 'res_task-MTTWE_space-fsLR_dir-ffx', 'res_task-MVEB_space-fsLR_dir-ffx', 'res_task-MVIS_space-fsLR_dir-ffx', 'res_task-MathLanguage_space-fsLR_dir-ffx', 'res_task-Motion_space-fsLR_dir-ffx', 'res_task-Moto_space-fsLR_dir-ffx', 'res_task-NARPS_space-fsLR_dir-ffx', 'res_task-PainMovie_space-fsLR_dir-ffx', 'res_task-PreferenceFaces_space-fsLR_dir-ffx', 'res_task-PreferenceFood_space-fsLR_dir-ffx', 'res_task-PreferenceHouses_space-fsLR_dir-ffx', 'res_task-PreferencePaintings_space-fsLR_dir-ffx', 'res_task-RSVPLanguage_space-fsLR_dir-ffx', 'res_task-RewProc_space-fsLR_dir-ffx', 'res_task-Scene_space-fsLR_dir-ffx', 'res_task-SelectiveStopSignal_space-fsLR_dir-ffx', 'res_task-Self_space-fsLR_dir-ffx', 'res_task-SpatialNavigation_space-fsLR_dir-ffx', 'res_task-StopNogo_space-fsLR_dir-ffx', 'res_task-StopSignal_space-fsLR_dir-ffx', 'res_task-Stroop_space-fsLR_dir-ffx', 'res_task-TheoryOfMind_space-fsLR_dir-ffx', 'res_task-TwoByTwo_space-fsLR_dir-ffx', 'res_task-VSTMC_space-fsLR_dir-ffx', 'res_task-VSTM_space-fsLR_dir-ffx', 'res_task-Visu_space-fsLR_dir-ffx', 'res_task-VisualSearch_space-fsLR_dir-ffx', 'res_task-WardAndAllport_space-fsLR_dir-ffx', 'res_task-WedgeAnti_space-fsLR_dir-ffx', 'res_task-WedgeClock_space-fsLR_dir-ffx', 'ses-00', 'ses-01', 'ses-02', 'ses-03', 'ses-04', 'ses-09', 'ses-11', 'ses-12', 'ses-15', 'ses-16', 'ses-17', 'ses-18', 'ses-19', 'ses-21', 'ses-24', 'ses-25', 'ses-26', 'ses-29', 'ses-30', 'ses-31', 'ses-35', 'ses-36', 'ses-37', 'ses-38', 'ses-39', 'ses-40', 'ses-42']
  Extracted 59412 cortical vertices from 91282 total grayordinates
  ✓ Loaded and parcellated: HcpWm/2back-0back
  Extracted 59412 cortical vertices from 91282 total grayordinates
  ✓ Loaded and parcellated: ItemRecognition/encode5-encode1
  - Not available: MDTB/2back_hard-easy
  - Not available: MDTB/search_hard-easy
  - Not available: MDTB/semantic_hard-easy
  - Not available: MDTB/finger_complex-simple
  - Not available: GoodBadUgly/dot_hard-easy
  Extracted 59412 cortical vertices from 91282 total grayordinates
  ✓ Loaded and parcellated: Stroop/incongruent-congruent
  Extracted 59412 cortical vertices from 91282 total grayordinates
  ✓ Loaded and parcellated: Catell/hard-easy

Combined 4 MD contrasts
Mean parcel z-score: 0.011 ± 0.203
Max parcel z-score: 1.675

✓ Saved parcel data: /ptmp/hmueller2/2025_ibc_latent/outputs/md_system/parcel_based/sub-04/sub-04_MD_parcels.csv
✓ Saved parcel array: /ptmp/hmueller2/2025_ibc_latent/outputs/md_system/parcel_based/sub-04/sub-04_MD_parcels.npz
✓ Saved info: /ptmp/hmueller2/2025_ibc_latent/outputs/md_system/parcel_based/sub-04/sub-04_MD_parcels_info.txt

============================================================
Processing subject 06 (parcel-based)
============================================================
  Looking for contrasts in: /ptmp/hmueller2/2025_ibc_latent/outputs/glm/contrast_maps_fsLR/sub-06
  Subject directory contents (90 items): ['res_task-ArchiEmotional_space-fsLR_dir-ffx', 'res_task-ArchiSocial_space-fsLR_dir-ffx', 'res_task-ArchiSpatial_space-fsLR_dir-ffx', 'res_task-ArchiStandard_space-fsLR_dir-ffx', 'res_task-Attention_space-fsLR_dir-ffx', 'res_task-Audi_space-fsLR_dir-ffx', 'res_task-BiologicalMotion1_space-fsLR_dir-ffx', 'res_task-BiologicalMotion2_space-fsLR_dir-ffx', 'res_task-BreathHolding_space-fsLR_dir-ffx', 'res_task-Catell_space-fsLR_dir-ffx', 'res_task-Checkerboard_space-fsLR_dir-ffx', 'res_task-Color_space-fsLR_dir-ffx', 'res_task-ColumbiaCards_space-fsLR_dir-ffx', 'res_task-Discount_space-fsLR_dir-ffx', 'res_task-DotPatterns_space-fsLR_dir-ffx', 'res_task-EmoMem_space-fsLR_dir-ffx', 'res_task-EmoReco_space-fsLR_dir-ffx', 'res_task-EmotionalPain_space-fsLR_dir-ffx', 'res_task-Enumeration_space-fsLR_dir-ffx', 'res_task-FaceBody_space-fsLR_dir-ffx', 'res_task-FingerTap_space-fsLR_dir-ffx', 'res_task-HcpEmotion_space-fsLR_dir-ffx', 'res_task-HcpGambling_space-fsLR_dir-ffx', 'res_task-HcpLanguage_space-fsLR_dir-ffx', 'res_task-HcpMotor_space-fsLR_dir-ffx', 'res_task-HcpRelational_space-fsLR_dir-ffx', 'res_task-HcpSocial_space-fsLR_dir-ffx', 'res_task-HcpWm_space-fsLR_dir-ffx', 'res_task-ItemRecognition_space-fsLR_dir-ffx', 'res_task-Lec1_space-fsLR_dir-ffx', 'res_task-Lec2_space-fsLR_dir-ffx', 'res_task-MCSE_space-fsLR_dir-ffx', 'res_task-MTTNS_space-fsLR_dir-ffx', 'res_task-MTTWE_space-fsLR_dir-ffx', 'res_task-MVEB_space-fsLR_dir-ffx', 'res_task-MVIS_space-fsLR_dir-ffx', 'res_task-MathLanguage_space-fsLR_dir-ffx', 'res_task-Motion_space-fsLR_dir-ffx', 'res_task-Moto_space-fsLR_dir-ffx', 'res_task-NARPS_space-fsLR_dir-ffx', 'res_task-PainMovie_space-fsLR_dir-ffx', 'res_task-PreferenceFaces_space-fsLR_dir-ffx', 'res_task-PreferenceFood_space-fsLR_dir-ffx', 'res_task-PreferenceHouses_space-fsLR_dir-ffx', 'res_task-PreferencePaintings_space-fsLR_dir-ffx', 'res_task-RSVPLanguage_space-fsLR_dir-ffx', 'res_task-RewProc_space-fsLR_dir-ffx', 'res_task-Scene_space-fsLR_dir-ffx', 'res_task-SelectiveStopSignal_space-fsLR_dir-ffx', 'res_task-Self_space-fsLR_dir-ffx', 'res_task-SpatialNavigation_space-fsLR_dir-ffx', 'res_task-StopNogo_space-fsLR_dir-ffx', 'res_task-StopSignal_space-fsLR_dir-ffx', 'res_task-Stroop_space-fsLR_dir-ffx', 'res_task-TheoryOfMind_space-fsLR_dir-ffx', 'res_task-TwoByTwo_space-fsLR_dir-ffx', 'res_task-VSTMC_space-fsLR_dir-ffx', 'res_task-VSTM_space-fsLR_dir-ffx', 'res_task-Visu_space-fsLR_dir-ffx', 'res_task-VisualSearch_space-fsLR_dir-ffx', 'res_task-WardAndAllport_space-fsLR_dir-ffx', 'res_task-WedgeAnti_space-fsLR_dir-ffx', 'res_task-WedgeClock_space-fsLR_dir-ffx', 'ses-00', 'ses-01', 'ses-02', 'ses-03', 'ses-04', 'ses-08', 'ses-11', 'ses-12', 'ses-15', 'ses-16', 'ses-17', 'ses-18', 'ses-19', 'ses-21', 'ses-24', 'ses-25', 'ses-26', 'ses-29', 'ses-30', 'ses-31', 'ses-35', 'ses-36', 'ses-37', 'ses-38', 'ses-39', 'ses-40', 'ses-42']
  Extracted 59412 cortical vertices from 91282 total grayordinates
  ✓ Loaded and parcellated: HcpWm/2back-0back
  Extracted 59412 cortical vertices from 91282 total grayordinates
  ✓ Loaded and parcellated: ItemRecognition/encode5-encode1
  - Not available: MDTB/2back_hard-easy
  - Not available: MDTB/search_hard-easy
  - Not available: MDTB/semantic_hard-easy
  - Not available: MDTB/finger_complex-simple
  - Not available: GoodBadUgly/dot_hard-easy
  Extracted 59412 cortical vertices from 91282 total grayordinates
  ✓ Loaded and parcellated: Stroop/incongruent-congruent
  Extracted 59412 cortical vertices from 91282 total grayordinates
  ✓ Loaded and parcellated: Catell/hard-easy

Combined 4 MD contrasts
Mean parcel z-score: -0.008 ± 0.263
Max parcel z-score: 0.751

✓ Saved parcel data: /ptmp/hmueller2/2025_ibc_latent/outputs/md_system/parcel_based/sub-06/sub-06_MD_parcels.csv
✓ Saved parcel array: /ptmp/hmueller2/2025_ibc_latent/outputs/md_system/parcel_based/sub-06/sub-06_MD_parcels.npz
✓ Saved info: /ptmp/hmueller2/2025_ibc_latent/outputs/md_system/parcel_based/sub-06/sub-06_MD_parcels_info.txt

============================================================
Processing subject 07 (parcel-based)
============================================================
  Looking for contrasts in: /ptmp/hmueller2/2025_ibc_latent/outputs/glm/contrast_maps_fsLR/sub-07
  Subject directory contents (79 items): ['res_task-ArchiEmotional_space-fsLR_dir-ffx', 'res_task-ArchiSocial_space-fsLR_dir-ffx', 'res_task-ArchiSpatial_space-fsLR_dir-ffx', 'res_task-ArchiStandard_space-fsLR_dir-ffx', 'res_task-Attention_space-fsLR_dir-ffx', 'res_task-Audi_space-fsLR_dir-ffx', 'res_task-BiologicalMotion1_space-fsLR_dir-ffx', 'res_task-BiologicalMotion2_space-fsLR_dir-ffx', 'res_task-BreathHolding_space-fsLR_dir-ffx', 'res_task-Catell_space-fsLR_dir-ffx', 'res_task-Checkerboard_space-fsLR_dir-ffx', 'res_task-ColumbiaCards_space-fsLR_dir-ffx', 'res_task-Discount_space-fsLR_dir-ffx', 'res_task-DotPatterns_space-fsLR_dir-ffx', 'res_task-EmoMem_space-fsLR_dir-ffx', 'res_task-EmoReco_space-fsLR_dir-ffx', 'res_task-EmotionalPain_space-fsLR_dir-ffx', 'res_task-Enumeration_space-fsLR_dir-ffx', 'res_task-FingerTap_space-fsLR_dir-ffx', 'res_task-HcpEmotion_space-fsLR_dir-ffx', 'res_task-HcpGambling_space-fsLR_dir-ffx', 'res_task-HcpLanguage_space-fsLR_dir-ffx', 'res_task-HcpMotor_space-fsLR_dir-ffx', 'res_task-HcpRelational_space-fsLR_dir-ffx', 'res_task-HcpSocial_space-fsLR_dir-ffx', 'res_task-HcpWm_space-fsLR_dir-ffx', 'res_task-ItemRecognition_space-fsLR_dir-ffx', 'res_task-Lec1_space-fsLR_dir-ffx', 'res_task-Lec2_space-fsLR_dir-ffx', 'res_task-MCSE_space-fsLR_dir-ffx', 'res_task-MTTNS_space-fsLR_dir-ffx', 'res_task-MTTWE_space-fsLR_dir-ffx', 'res_task-MVEB_space-fsLR_dir-ffx', 'res_task-MVIS_space-fsLR_dir-ffx', 'res_task-MathLanguage_space-fsLR_dir-ffx', 'res_task-Moto_space-fsLR_dir-ffx', 'res_task-PainMovie_space-fsLR_dir-ffx', 'res_task-PreferenceFaces_space-fsLR_dir-ffx', 'res_task-PreferenceFood_space-fsLR_dir-ffx', 'res_task-PreferenceHouses_space-fsLR_dir-ffx', 'res_task-PreferencePaintings_space-fsLR_dir-ffx', 'res_task-RSVPLanguage_space-fsLR_dir-ffx', 'res_task-SelectiveStopSignal_space-fsLR_dir-ffx', 'res_task-Self_space-fsLR_dir-ffx', 'res_task-SpatialNavigation_space-fsLR_dir-ffx', 'res_task-StopNogo_space-fsLR_dir-ffx', 'res_task-StopSignal_space-fsLR_dir-ffx', 'res_task-Stroop_space-fsLR_dir-ffx', 'res_task-TheoryOfMind_space-fsLR_dir-ffx', 'res_task-TwoByTwo_space-fsLR_dir-ffx', 'res_task-VSTMC_space-fsLR_dir-ffx', 'res_task-VSTM_space-fsLR_dir-ffx', 'res_task-Visu_space-fsLR_dir-ffx', 'res_task-WardAndAllport_space-fsLR_dir-ffx', 'res_task-WedgeAnti_space-fsLR_dir-ffx', 'res_task-WedgeClock_space-fsLR_dir-ffx', 'ses-00', 'ses-01', 'ses-02', 'ses-03', 'ses-04', 'ses-08', 'ses-11', 'ses-12', 'ses-15', 'ses-16', 'ses-17', 'ses-18', 'ses-19', 'ses-23', 'ses-24', 'ses-25', 'ses-26', 'ses-29', 'ses-30', 'ses-31', 'ses-35', 'ses-36', 'ses-37']
  Extracted 59412 cortical vertices from 91282 total grayordinates
  ✓ Loaded and parcellated: HcpWm/2back-0back
  Extracted 59412 cortical vertices from 91282 total grayordinates
  ✓ Loaded and parcellated: ItemRecognition/encode5-encode1
  - Not available: MDTB/2back_hard-easy
  - Not available: MDTB/search_hard-easy
  - Not available: MDTB/semantic_hard-easy
  - Not available: MDTB/finger_complex-simple
  - Not available: GoodBadUgly/dot_hard-easy
  Extracted 59412 cortical vertices from 91282 total grayordinates
  ✓ Loaded and parcellated: Stroop/incongruent-congruent
  Extracted 59412 cortical vertices from 91282 total grayordinates
  ✓ Loaded and parcellated: Catell/hard-easy

Combined 4 MD contrasts
Mean parcel z-score: 0.014 ± 0.184
Max parcel z-score: 0.955

✓ Saved parcel data: /ptmp/hmueller2/2025_ibc_latent/outputs/md_system/parcel_based/sub-07/sub-07_MD_parcels.csv
✓ Saved parcel array: /ptmp/hmueller2/2025_ibc_latent/outputs/md_system/parcel_based/sub-07/sub-07_MD_parcels.npz
✓ Saved info: /ptmp/hmueller2/2025_ibc_latent/outputs/md_system/parcel_based/sub-07/sub-07_MD_parcels_info.txt

============================================================
Processing subject 09 (parcel-based)
============================================================
  Looking for contrasts in: /ptmp/hmueller2/2025_ibc_latent/outputs/glm/contrast_maps_fsLR/sub-09
  Subject directory contents (90 items): ['res_task-ArchiEmotional_space-fsLR_dir-ffx', 'res_task-ArchiSocial_space-fsLR_dir-ffx', 'res_task-ArchiSpatial_space-fsLR_dir-ffx', 'res_task-ArchiStandard_space-fsLR_dir-ffx', 'res_task-Attention_space-fsLR_dir-ffx', 'res_task-Audi_space-fsLR_dir-ffx', 'res_task-BiologicalMotion1_space-fsLR_dir-ffx', 'res_task-BiologicalMotion2_space-fsLR_dir-ffx', 'res_task-BreathHolding_space-fsLR_dir-ffx', 'res_task-Catell_space-fsLR_dir-ffx', 'res_task-Checkerboard_space-fsLR_dir-ffx', 'res_task-Color_space-fsLR_dir-ffx', 'res_task-ColumbiaCards_space-fsLR_dir-ffx', 'res_task-Discount_space-fsLR_dir-ffx', 'res_task-DotPatterns_space-fsLR_dir-ffx', 'res_task-EmoMem_space-fsLR_dir-ffx', 'res_task-EmoReco_space-fsLR_dir-ffx', 'res_task-EmotionalPain_space-fsLR_dir-ffx', 'res_task-Enumeration_space-fsLR_dir-ffx', 'res_task-FaceBody_space-fsLR_dir-ffx', 'res_task-FingerTap_space-fsLR_dir-ffx', 'res_task-HcpEmotion_space-fsLR_dir-ffx', 'res_task-HcpGambling_space-fsLR_dir-ffx', 'res_task-HcpLanguage_space-fsLR_dir-ffx', 'res_task-HcpMotor_space-fsLR_dir-ffx', 'res_task-HcpRelational_space-fsLR_dir-ffx', 'res_task-HcpSocial_space-fsLR_dir-ffx', 'res_task-HcpWm_space-fsLR_dir-ffx', 'res_task-ItemRecognition_space-fsLR_dir-ffx', 'res_task-Lec1_space-fsLR_dir-ffx', 'res_task-Lec2_space-fsLR_dir-ffx', 'res_task-MCSE_space-fsLR_dir-ffx', 'res_task-MTTNS_space-fsLR_dir-ffx', 'res_task-MTTWE_space-fsLR_dir-ffx', 'res_task-MVEB_space-fsLR_dir-ffx', 'res_task-MVIS_space-fsLR_dir-ffx', 'res_task-MathLanguage_space-fsLR_dir-ffx', 'res_task-Motion_space-fsLR_dir-ffx', 'res_task-Moto_space-fsLR_dir-ffx', 'res_task-NARPS_space-fsLR_dir-ffx', 'res_task-PainMovie_space-fsLR_dir-ffx', 'res_task-PreferenceFaces_space-fsLR_dir-ffx', 'res_task-PreferenceFood_space-fsLR_dir-ffx', 'res_task-PreferenceHouses_space-fsLR_dir-ffx', 'res_task-PreferencePaintings_space-fsLR_dir-ffx', 'res_task-RSVPLanguage_space-fsLR_dir-ffx', 'res_task-RewProc_space-fsLR_dir-ffx', 'res_task-Scene_space-fsLR_dir-ffx', 'res_task-SelectiveStopSignal_space-fsLR_dir-ffx', 'res_task-Self_space-fsLR_dir-ffx', 'res_task-SpatialNavigation_space-fsLR_dir-ffx', 'res_task-StopNogo_space-fsLR_dir-ffx', 'res_task-StopSignal_space-fsLR_dir-ffx', 'res_task-Stroop_space-fsLR_dir-ffx', 'res_task-TheoryOfMind_space-fsLR_dir-ffx', 'res_task-TwoByTwo_space-fsLR_dir-ffx', 'res_task-VSTMC_space-fsLR_dir-ffx', 'res_task-VSTM_space-fsLR_dir-ffx', 'res_task-Visu_space-fsLR_dir-ffx', 'res_task-VisualSearch_space-fsLR_dir-ffx', 'res_task-WardAndAllport_space-fsLR_dir-ffx', 'res_task-WedgeAnti_space-fsLR_dir-ffx', 'res_task-WedgeClock_space-fsLR_dir-ffx', 'ses-00', 'ses-01', 'ses-02', 'ses-04', 'ses-05', 'ses-10', 'ses-12', 'ses-13', 'ses-16', 'ses-17', 'ses-18', 'ses-20', 'ses-21', 'ses-22', 'ses-25', 'ses-26', 'ses-27', 'ses-30', 'ses-31', 'ses-32', 'ses-36', 'ses-37', 'ses-38', 'ses-39', 'ses-40', 'ses-41', 'ses-43']
  Extracted 59412 cortical vertices from 91282 total grayordinates
  ✓ Loaded and parcellated: HcpWm/2back-0back
  Extracted 59412 cortical vertices from 91282 total grayordinates
  ✓ Loaded and parcellated: ItemRecognition/encode5-encode1
  - Not available: MDTB/2back_hard-easy
  - Not available: MDTB/search_hard-easy
  - Not available: MDTB/semantic_hard-easy
  - Not available: MDTB/finger_complex-simple
  - Not available: GoodBadUgly/dot_hard-easy
  Extracted 59412 cortical vertices from 91282 total grayordinates
  ✓ Loaded and parcellated: Stroop/incongruent-congruent
  Extracted 59412 cortical vertices from 91282 total grayordinates
  ✓ Loaded and parcellated: Catell/hard-easy

Combined 4 MD contrasts
Mean parcel z-score: -0.003 ± 0.162
Max parcel z-score: 0.612

✓ Saved parcel data: /ptmp/hmueller2/2025_ibc_latent/outputs/md_system/parcel_based/sub-09/sub-09_MD_parcels.csv
✓ Saved parcel array: /ptmp/hmueller2/2025_ibc_latent/outputs/md_system/parcel_based/sub-09/sub-09_MD_parcels.npz
✓ Saved info: /ptmp/hmueller2/2025_ibc_latent/outputs/md_system/parcel_based/sub-09/sub-09_MD_parcels_info.txt

============================================================
Processing subject 11 (parcel-based)
============================================================
  Looking for contrasts in: /ptmp/hmueller2/2025_ibc_latent/outputs/glm/contrast_maps_fsLR/sub-11
  Subject directory contents (89 items): ['res_task-ArchiEmotional_space-fsLR_dir-ffx', 'res_task-ArchiSocial_space-fsLR_dir-ffx', 'res_task-ArchiSpatial_space-fsLR_dir-ffx', 'res_task-ArchiStandard_space-fsLR_dir-ffx', 'res_task-Attention_space-fsLR_dir-ffx', 'res_task-Audi_space-fsLR_dir-ffx', 'res_task-BiologicalMotion1_space-fsLR_dir-ffx', 'res_task-BiologicalMotion2_space-fsLR_dir-ffx', 'res_task-BreathHolding_space-fsLR_dir-ffx', 'res_task-Catell_space-fsLR_dir-ffx', 'res_task-Checkerboard_space-fsLR_dir-ffx', 'res_task-Color_space-fsLR_dir-ffx', 'res_task-ColumbiaCards_space-fsLR_dir-ffx', 'res_task-Discount_space-fsLR_dir-ffx', 'res_task-DotPatterns_space-fsLR_dir-ffx', 'res_task-EmoMem_space-fsLR_dir-ffx', 'res_task-EmoReco_space-fsLR_dir-ffx', 'res_task-EmotionalPain_space-fsLR_dir-ffx', 'res_task-Enumeration_space-fsLR_dir-ffx', 'res_task-FaceBody_space-fsLR_dir-ffx', 'res_task-FingerTap_space-fsLR_dir-ffx', 'res_task-HcpEmotion_space-fsLR_dir-ffx', 'res_task-HcpGambling_space-fsLR_dir-ffx', 'res_task-HcpLanguage_space-fsLR_dir-ffx', 'res_task-HcpMotor_space-fsLR_dir-ffx', 'res_task-HcpRelational_space-fsLR_dir-ffx', 'res_task-HcpSocial_space-fsLR_dir-ffx', 'res_task-HcpWm_space-fsLR_dir-ffx', 'res_task-ItemRecognition_space-fsLR_dir-ffx', 'res_task-Lec1_space-fsLR_dir-ffx', 'res_task-Lec2_space-fsLR_dir-ffx', 'res_task-MCSE_space-fsLR_dir-ffx', 'res_task-MTTNS_space-fsLR_dir-ffx', 'res_task-MTTWE_space-fsLR_dir-ffx', 'res_task-MVEB_space-fsLR_dir-ffx', 'res_task-MVIS_space-fsLR_dir-ffx', 'res_task-MathLanguage_space-fsLR_dir-ffx', 'res_task-Motion_space-fsLR_dir-ffx', 'res_task-Moto_space-fsLR_dir-ffx', 'res_task-NARPS_space-fsLR_dir-ffx', 'res_task-PainMovie_space-fsLR_dir-ffx', 'res_task-PreferenceFaces_space-fsLR_dir-ffx', 'res_task-PreferenceFood_space-fsLR_dir-ffx', 'res_task-PreferenceHouses_space-fsLR_dir-ffx', 'res_task-RSVPLanguage_space-fsLR_dir-ffx', 'res_task-RewProc_space-fsLR_dir-ffx', 'res_task-Scene_space-fsLR_dir-ffx', 'res_task-SelectiveStopSignal_space-fsLR_dir-ffx', 'res_task-Self_space-fsLR_dir-ffx', 'res_task-SpatialNavigation_space-fsLR_dir-ffx', 'res_task-StopNogo_space-fsLR_dir-ffx', 'res_task-StopSignal_space-fsLR_dir-ffx', 'res_task-Stroop_space-fsLR_dir-ffx', 'res_task-TheoryOfMind_space-fsLR_dir-ffx', 'res_task-TwoByTwo_space-fsLR_dir-ffx', 'res_task-VSTMC_space-fsLR_dir-ffx', 'res_task-VSTM_space-fsLR_dir-ffx', 'res_task-Visu_space-fsLR_dir-ffx', 'res_task-VisualSearch_space-fsLR_dir-ffx', 'res_task-WardAndAllport_space-fsLR_dir-ffx', 'res_task-WedgeAnti_space-fsLR_dir-ffx', 'res_task-WedgeClock_space-fsLR_dir-ffx', 'ses-00', 'ses-01', 'ses-02', 'ses-03', 'ses-05', 'ses-08', 'ses-11', 'ses-12', 'ses-16', 'ses-18', 'ses-19', 'ses-20', 'ses-21', 'ses-22', 'ses-25', 'ses-26', 'ses-27', 'ses-30', 'ses-32', 'ses-36', 'ses-37', 'ses-38', 'ses-39', 'ses-40', 'ses-41', 'ses-42', 'ses-44']
  Extracted 59412 cortical vertices from 91282 total grayordinates
  ✓ Loaded and parcellated: HcpWm/2back-0back
  Extracted 59412 cortical vertices from 91282 total grayordinates
  ✓ Loaded and parcellated: ItemRecognition/encode5-encode1
  - Not available: MDTB/2back_hard-easy
  - Not available: MDTB/search_hard-easy
  - Not available: MDTB/semantic_hard-easy
  - Not available: MDTB/finger_complex-simple
  - Not available: GoodBadUgly/dot_hard-easy
  Extracted 59412 cortical vertices from 91282 total grayordinates
  ✓ Loaded and parcellated: Stroop/incongruent-congruent
  Extracted 59412 cortical vertices from 91282 total grayordinates
  ✓ Loaded and parcellated: Catell/hard-easy

Combined 4 MD contrasts
Mean parcel z-score: -0.001 ± 0.217
Max parcel z-score: 0.844

✓ Saved parcel data: /ptmp/hmueller2/2025_ibc_latent/outputs/md_system/parcel_based/sub-11/sub-11_MD_parcels.csv
✓ Saved parcel array: /ptmp/hmueller2/2025_ibc_latent/outputs/md_system/parcel_based/sub-11/sub-11_MD_parcels.npz
✓ Saved info: /ptmp/hmueller2/2025_ibc_latent/outputs/md_system/parcel_based/sub-11/sub-11_MD_parcels_info.txt

============================================================
Processing subject 13 (parcel-based)
============================================================
  Looking for contrasts in: /ptmp/hmueller2/2025_ibc_latent/outputs/glm/contrast_maps_fsLR/sub-13
  Subject directory contents (78 items): ['res_task-ArchiEmotional_space-fsLR_dir-ffx', 'res_task-ArchiSocial_space-fsLR_dir-ffx', 'res_task-ArchiSpatial_space-fsLR_dir-ffx', 'res_task-ArchiStandard_space-fsLR_dir-ffx', 'res_task-Attention_space-fsLR_dir-ffx', 'res_task-Audi_space-fsLR_dir-ffx', 'res_task-BiologicalMotion1_space-fsLR_dir-ffx', 'res_task-BiologicalMotion2_space-fsLR_dir-ffx', 'res_task-BreathHolding_space-fsLR_dir-ffx', 'res_task-Catell_space-fsLR_dir-ffx', 'res_task-Checkerboard_space-fsLR_dir-ffx', 'res_task-ColumbiaCards_space-fsLR_dir-ffx', 'res_task-Discount_space-fsLR_dir-ffx', 'res_task-DotPatterns_space-fsLR_dir-ffx', 'res_task-EmoMem_space-fsLR_dir-ffx', 'res_task-EmoReco_space-fsLR_dir-ffx', 'res_task-EmotionalPain_space-fsLR_dir-ffx', 'res_task-Enumeration_space-fsLR_dir-ffx', 'res_task-FingerTap_space-fsLR_dir-ffx', 'res_task-HcpEmotion_space-fsLR_dir-ffx', 'res_task-HcpGambling_space-fsLR_dir-ffx', 'res_task-HcpLanguage_space-fsLR_dir-ffx', 'res_task-HcpMotor_space-fsLR_dir-ffx', 'res_task-HcpRelational_space-fsLR_dir-ffx', 'res_task-HcpSocial_space-fsLR_dir-ffx', 'res_task-HcpWm_space-fsLR_dir-ffx', 'res_task-ItemRecognition_space-fsLR_dir-ffx', 'res_task-Lec1_space-fsLR_dir-ffx', 'res_task-Lec2_space-fsLR_dir-ffx', 'res_task-MCSE_space-fsLR_dir-ffx', 'res_task-MTTNS_space-fsLR_dir-ffx', 'res_task-MTTWE_space-fsLR_dir-ffx', 'res_task-MVEB_space-fsLR_dir-ffx', 'res_task-MVIS_space-fsLR_dir-ffx', 'res_task-MathLanguage_space-fsLR_dir-ffx', 'res_task-Moto_space-fsLR_dir-ffx', 'res_task-PainMovie_space-fsLR_dir-ffx', 'res_task-PreferenceFaces_space-fsLR_dir-ffx', 'res_task-PreferenceHouses_space-fsLR_dir-ffx', 'res_task-PreferencePaintings_space-fsLR_dir-ffx', 'res_task-RSVPLanguage_space-fsLR_dir-ffx', 'res_task-SelectiveStopSignal_space-fsLR_dir-ffx', 'res_task-Self_space-fsLR_dir-ffx', 'res_task-SpatialNavigation_space-fsLR_dir-ffx', 'res_task-StopNogo_space-fsLR_dir-ffx', 'res_task-StopSignal_space-fsLR_dir-ffx', 'res_task-Stroop_space-fsLR_dir-ffx', 'res_task-TheoryOfMind_space-fsLR_dir-ffx', 'res_task-TwoByTwo_space-fsLR_dir-ffx', 'res_task-VSTMC_space-fsLR_dir-ffx', 'res_task-VSTM_space-fsLR_dir-ffx', 'res_task-Visu_space-fsLR_dir-ffx', 'res_task-WardAndAllport_space-fsLR_dir-ffx', 'res_task-WedgeAnti_space-fsLR_dir-ffx', 'res_task-WedgeClock_space-fsLR_dir-ffx', 'ses-00', 'ses-01', 'ses-02', 'ses-03', 'ses-04', 'ses-08', 'ses-11', 'ses-12', 'ses-15', 'ses-16', 'ses-17', 'ses-18', 'ses-19', 'ses-21', 'ses-24', 'ses-25', 'ses-26', 'ses-29', 'ses-30', 'ses-31', 'ses-35', 'ses-36', 'ses-37']
  Extracted 59412 cortical vertices from 91282 total grayordinates
  ✓ Loaded and parcellated: HcpWm/2back-0back
  Extracted 59412 cortical vertices from 91282 total grayordinates
  ✓ Loaded and parcellated: ItemRecognition/encode5-encode1
  - Not available: MDTB/2back_hard-easy
  - Not available: MDTB/search_hard-easy
  - Not available: MDTB/semantic_hard-easy
  - Not available: MDTB/finger_complex-simple
  - Not available: GoodBadUgly/dot_hard-easy
  Extracted 59412 cortical vertices from 91282 total grayordinates
  ✓ Loaded and parcellated: Stroop/incongruent-congruent
  Extracted 59412 cortical vertices from 91282 total grayordinates
  ✓ Loaded and parcellated: Catell/hard-easy

Combined 4 MD contrasts
Mean parcel z-score: -0.000 ± 0.196
Max parcel z-score: 0.963

✓ Saved parcel data: /ptmp/hmueller2/2025_ibc_latent/outputs/md_system/parcel_based/sub-13/sub-13_MD_parcels.csv
✓ Saved parcel array: /ptmp/hmueller2/2025_ibc_latent/outputs/md_system/parcel_based/sub-13/sub-13_MD_parcels.npz
✓ Saved info: /ptmp/hmueller2/2025_ibc_latent/outputs/md_system/parcel_based/sub-13/sub-13_MD_parcels_info.txt

============================================================
Processing subject 14 (parcel-based)
============================================================
  Looking for contrasts in: /ptmp/hmueller2/2025_ibc_latent/outputs/glm/contrast_maps_fsLR/sub-14
  Subject directory contents (90 items): ['res_task-ArchiEmotional_space-fsLR_dir-ffx', 'res_task-ArchiSocial_space-fsLR_dir-ffx', 'res_task-ArchiSpatial_space-fsLR_dir-ffx', 'res_task-ArchiStandard_space-fsLR_dir-ffx', 'res_task-Attention_space-fsLR_dir-ffx', 'res_task-Audi_space-fsLR_dir-ffx', 'res_task-BiologicalMotion1_space-fsLR_dir-ffx', 'res_task-BiologicalMotion2_space-fsLR_dir-ffx', 'res_task-BreathHolding_space-fsLR_dir-ffx', 'res_task-Catell_space-fsLR_dir-ffx', 'res_task-Checkerboard_space-fsLR_dir-ffx', 'res_task-Color_space-fsLR_dir-ffx', 'res_task-ColumbiaCards_space-fsLR_dir-ffx', 'res_task-Discount_space-fsLR_dir-ffx', 'res_task-DotPatterns_space-fsLR_dir-ffx', 'res_task-EmoMem_space-fsLR_dir-ffx', 'res_task-EmoReco_space-fsLR_dir-ffx', 'res_task-EmotionalPain_space-fsLR_dir-ffx', 'res_task-Enumeration_space-fsLR_dir-ffx', 'res_task-FaceBody_space-fsLR_dir-ffx', 'res_task-FingerTap_space-fsLR_dir-ffx', 'res_task-HcpEmotion_space-fsLR_dir-ffx', 'res_task-HcpGambling_space-fsLR_dir-ffx', 'res_task-HcpLanguage_space-fsLR_dir-ffx', 'res_task-HcpMotor_space-fsLR_dir-ffx', 'res_task-HcpRelational_space-fsLR_dir-ffx', 'res_task-HcpSocial_space-fsLR_dir-ffx', 'res_task-HcpWm_space-fsLR_dir-ffx', 'res_task-ItemRecognition_space-fsLR_dir-ffx', 'res_task-Lec1_space-fsLR_dir-ffx', 'res_task-Lec2_space-fsLR_dir-ffx', 'res_task-MCSE_space-fsLR_dir-ffx', 'res_task-MTTNS_space-fsLR_dir-ffx', 'res_task-MTTWE_space-fsLR_dir-ffx', 'res_task-MVEB_space-fsLR_dir-ffx', 'res_task-MVIS_space-fsLR_dir-ffx', 'res_task-MathLanguage_space-fsLR_dir-ffx', 'res_task-Motion_space-fsLR_dir-ffx', 'res_task-Moto_space-fsLR_dir-ffx', 'res_task-NARPS_space-fsLR_dir-ffx', 'res_task-PainMovie_space-fsLR_dir-ffx', 'res_task-PreferenceFaces_space-fsLR_dir-ffx', 'res_task-PreferenceFood_space-fsLR_dir-ffx', 'res_task-PreferenceHouses_space-fsLR_dir-ffx', 'res_task-PreferencePaintings_space-fsLR_dir-ffx', 'res_task-RSVPLanguage_space-fsLR_dir-ffx', 'res_task-RewProc_space-fsLR_dir-ffx', 'res_task-Scene_space-fsLR_dir-ffx', 'res_task-SelectiveStopSignal_space-fsLR_dir-ffx', 'res_task-Self_space-fsLR_dir-ffx', 'res_task-SpatialNavigation_space-fsLR_dir-ffx', 'res_task-StopNogo_space-fsLR_dir-ffx', 'res_task-StopSignal_space-fsLR_dir-ffx', 'res_task-Stroop_space-fsLR_dir-ffx', 'res_task-TheoryOfMind_space-fsLR_dir-ffx', 'res_task-TwoByTwo_space-fsLR_dir-ffx', 'res_task-VSTMC_space-fsLR_dir-ffx', 'res_task-VSTM_space-fsLR_dir-ffx', 'res_task-Visu_space-fsLR_dir-ffx', 'res_task-VisualSearch_space-fsLR_dir-ffx', 'res_task-WardAndAllport_space-fsLR_dir-ffx', 'res_task-WedgeAnti_space-fsLR_dir-ffx', 'res_task-WedgeClock_space-fsLR_dir-ffx', 'ses-00', 'ses-01', 'ses-02', 'ses-03', 'ses-04', 'ses-10', 'ses-11', 'ses-12', 'ses-13', 'ses-16', 'ses-17', 'ses-18', 'ses-19', 'ses-21', 'ses-24', 'ses-25', 'ses-26', 'ses-29', 'ses-30', 'ses-34', 'ses-35', 'ses-36', 'ses-37', 'ses-38', 'ses-39', 'ses-40', 'ses-42']
  Extracted 59412 cortical vertices from 91282 total grayordinates
  ✓ Loaded and parcellated: HcpWm/2back-0back
  Extracted 59412 cortical vertices from 91282 total grayordinates
  ✓ Loaded and parcellated: ItemRecognition/encode5-encode1
  - Not available: MDTB/2back_hard-easy
  - Not available: MDTB/search_hard-easy
  - Not available: MDTB/semantic_hard-easy
  - Not available: MDTB/finger_complex-simple
  - Not available: GoodBadUgly/dot_hard-easy
  Extracted 59412 cortical vertices from 91282 total grayordinates
  ✓ Loaded and parcellated: Stroop/incongruent-congruent
  Extracted 59412 cortical vertices from 91282 total grayordinates
  ✓ Loaded and parcellated: Catell/hard-easy

Combined 4 MD contrasts
Mean parcel z-score: -0.026 ± 0.195
Max parcel z-score: 0.700

✓ Saved parcel data: /ptmp/hmueller2/2025_ibc_latent/outputs/md_system/parcel_based/sub-14/sub-14_MD_parcels.csv
✓ Saved parcel array: /ptmp/hmueller2/2025_ibc_latent/outputs/md_system/parcel_based/sub-14/sub-14_MD_parcels.npz
✓ Saved info: /ptmp/hmueller2/2025_ibc_latent/outputs/md_system/parcel_based/sub-14/sub-14_MD_parcels_info.txt

============================================================
Processing subject 15 (parcel-based)
============================================================
  Looking for contrasts in: /ptmp/hmueller2/2025_ibc_latent/outputs/glm/contrast_maps_fsLR/sub-15
  Subject directory contents (89 items): ['res_task-ArchiEmotional_space-fsLR_dir-ffx', 'res_task-ArchiSocial_space-fsLR_dir-ffx', 'res_task-ArchiSpatial_space-fsLR_dir-ffx', 'res_task-ArchiStandard_space-fsLR_dir-ffx', 'res_task-Attention_space-fsLR_dir-ffx', 'res_task-Audi_space-fsLR_dir-ffx', 'res_task-BiologicalMotion1_space-fsLR_dir-ffx', 'res_task-BiologicalMotion2_space-fsLR_dir-ffx', 'res_task-BreathHolding_space-fsLR_dir-ffx', 'res_task-Catell_space-fsLR_dir-ffx', 'res_task-Checkerboard_space-fsLR_dir-ffx', 'res_task-Color_space-fsLR_dir-ffx', 'res_task-Discount_space-fsLR_dir-ffx', 'res_task-DotPatterns_space-fsLR_dir-ffx', 'res_task-EmoMem_space-fsLR_dir-ffx', 'res_task-EmoReco_space-fsLR_dir-ffx', 'res_task-EmotionalPain_space-fsLR_dir-ffx', 'res_task-Enumeration_space-fsLR_dir-ffx', 'res_task-FaceBody_space-fsLR_dir-ffx', 'res_task-FingerTap_space-fsLR_dir-ffx', 'res_task-HcpEmotion_space-fsLR_dir-ffx', 'res_task-HcpGambling_space-fsLR_dir-ffx', 'res_task-HcpLanguage_space-fsLR_dir-ffx', 'res_task-HcpMotor_space-fsLR_dir-ffx', 'res_task-HcpRelational_space-fsLR_dir-ffx', 'res_task-HcpSocial_space-fsLR_dir-ffx', 'res_task-HcpWm_space-fsLR_dir-ffx', 'res_task-ItemRecognition_space-fsLR_dir-ffx', 'res_task-Lec1_space-fsLR_dir-ffx', 'res_task-Lec2_space-fsLR_dir-ffx', 'res_task-MCSE_space-fsLR_dir-ffx', 'res_task-MTTNS_space-fsLR_dir-ffx', 'res_task-MTTWE_space-fsLR_dir-ffx', 'res_task-MVEB_space-fsLR_dir-ffx', 'res_task-MVIS_space-fsLR_dir-ffx', 'res_task-MathLanguage_space-fsLR_dir-ffx', 'res_task-Motion_space-fsLR_dir-ffx', 'res_task-Moto_space-fsLR_dir-ffx', 'res_task-NARPS_space-fsLR_dir-ffx', 'res_task-PainMovie_space-fsLR_dir-ffx', 'res_task-PreferenceFaces_space-fsLR_dir-ffx', 'res_task-PreferenceFood_space-fsLR_dir-ffx', 'res_task-PreferenceHouses_space-fsLR_dir-ffx', 'res_task-PreferencePaintings_space-fsLR_dir-ffx', 'res_task-RSVPLanguage_space-fsLR_dir-ffx', 'res_task-RewProc_space-fsLR_dir-ffx', 'res_task-Scene_space-fsLR_dir-ffx', 'res_task-SelectiveStopSignal_space-fsLR_dir-ffx', 'res_task-Self_space-fsLR_dir-ffx', 'res_task-SpatialNavigation_space-fsLR_dir-ffx', 'res_task-StopNogo_space-fsLR_dir-ffx', 'res_task-StopSignal_space-fsLR_dir-ffx', 'res_task-Stroop_space-fsLR_dir-ffx', 'res_task-TheoryOfMind_space-fsLR_dir-ffx', 'res_task-TwoByTwo_space-fsLR_dir-ffx', 'res_task-VSTMC_space-fsLR_dir-ffx', 'res_task-VSTM_space-fsLR_dir-ffx', 'res_task-Visu_space-fsLR_dir-ffx', 'res_task-VisualSearch_space-fsLR_dir-ffx', 'res_task-WardAndAllport_space-fsLR_dir-ffx', 'res_task-WedgeAnti_space-fsLR_dir-ffx', 'res_task-WedgeClock_space-fsLR_dir-ffx', 'ses-00', 'ses-01', 'ses-02', 'ses-03', 'ses-04', 'ses-05', 'ses-06', 'ses-10', 'ses-11', 'ses-14', 'ses-15', 'ses-19', 'ses-20', 'ses-21', 'ses-24', 'ses-25', 'ses-26', 'ses-29', 'ses-30', 'ses-31', 'ses-35', 'ses-36', 'ses-37', 'ses-38', 'ses-39', 'ses-40', 'ses-42']
  Extracted 59412 cortical vertices from 91282 total grayordinates
  ✓ Loaded and parcellated: HcpWm/2back-0back
  Extracted 59412 cortical vertices from 91282 total grayordinates
  ✓ Loaded and parcellated: ItemRecognition/encode5-encode1
  - Not available: MDTB/2back_hard-easy
  - Not available: MDTB/search_hard-easy
  - Not available: MDTB/semantic_hard-easy
  - Not available: MDTB/finger_complex-simple
  - Not available: GoodBadUgly/dot_hard-easy
  Extracted 59412 cortical vertices from 91282 total grayordinates
  ✓ Loaded and parcellated: Stroop/incongruent-congruent
  Extracted 59412 cortical vertices from 91282 total grayordinates
  ✓ Loaded and parcellated: Catell/hard-easy

Combined 4 MD contrasts
Mean parcel z-score: 0.011 ± 0.179
Max parcel z-score: 0.507

✓ Saved parcel data: /ptmp/hmueller2/2025_ibc_latent/outputs/md_system/parcel_based/sub-15/sub-15_MD_parcels.csv
✓ Saved parcel array: /ptmp/hmueller2/2025_ibc_latent/outputs/md_system/parcel_based/sub-15/sub-15_MD_parcels.npz
✓ Saved info: /ptmp/hmueller2/2025_ibc_latent/outputs/md_system/parcel_based/sub-15/sub-15_MD_parcels_info.txt

============================================================
Computing Group-Level MD Map (Parcel-Based)
============================================================

============================================================
Processing subject 04 (parcel-based)
============================================================
  Looking for contrasts in: /ptmp/hmueller2/2025_ibc_latent/outputs/glm/contrast_maps_fsLR/sub-04
  Subject directory contents (92 items): ['.DS_Store', '._.DS_Store', 'res_task-ArchiEmotional_space-fsLR_dir-ffx', 'res_task-ArchiSocial_space-fsLR_dir-ffx', 'res_task-ArchiSpatial_space-fsLR_dir-ffx', 'res_task-ArchiStandard_space-fsLR_dir-ffx', 'res_task-Attention_space-fsLR_dir-ffx', 'res_task-Audi_space-fsLR_dir-ffx', 'res_task-BiologicalMotion1_space-fsLR_dir-ffx', 'res_task-BiologicalMotion2_space-fsLR_dir-ffx', 'res_task-BreathHolding_space-fsLR_dir-ffx', 'res_task-Catell_space-fsLR_dir-ffx', 'res_task-Checkerboard_space-fsLR_dir-ffx', 'res_task-Color_space-fsLR_dir-ffx', 'res_task-ColumbiaCards_space-fsLR_dir-ffx', 'res_task-Discount_space-fsLR_dir-ffx', 'res_task-DotPatterns_space-fsLR_dir-ffx', 'res_task-EmoMem_space-fsLR_dir-ffx', 'res_task-EmoReco_space-fsLR_dir-ffx', 'res_task-EmotionalPain_space-fsLR_dir-ffx', 'res_task-Enumeration_space-fsLR_dir-ffx', 'res_task-FaceBody_space-fsLR_dir-ffx', 'res_task-FingerTap_space-fsLR_dir-ffx', 'res_task-HcpEmotion_space-fsLR_dir-ffx', 'res_task-HcpGambling_space-fsLR_dir-ffx', 'res_task-HcpLanguage_space-fsLR_dir-ffx', 'res_task-HcpMotor_space-fsLR_dir-ffx', 'res_task-HcpRelational_space-fsLR_dir-ffx', 'res_task-HcpSocial_space-fsLR_dir-ffx', 'res_task-HcpWm_space-fsLR_dir-ffx', 'res_task-ItemRecognition_space-fsLR_dir-ffx', 'res_task-Lec1_space-fsLR_dir-ffx', 'res_task-Lec2_space-fsLR_dir-ffx', 'res_task-MCSE_space-fsLR_dir-ffx', 'res_task-MTTNS_space-fsLR_dir-ffx', 'res_task-MTTWE_space-fsLR_dir-ffx', 'res_task-MVEB_space-fsLR_dir-ffx', 'res_task-MVIS_space-fsLR_dir-ffx', 'res_task-MathLanguage_space-fsLR_dir-ffx', 'res_task-Motion_space-fsLR_dir-ffx', 'res_task-Moto_space-fsLR_dir-ffx', 'res_task-NARPS_space-fsLR_dir-ffx', 'res_task-PainMovie_space-fsLR_dir-ffx', 'res_task-PreferenceFaces_space-fsLR_dir-ffx', 'res_task-PreferenceFood_space-fsLR_dir-ffx', 'res_task-PreferenceHouses_space-fsLR_dir-ffx', 'res_task-PreferencePaintings_space-fsLR_dir-ffx', 'res_task-RSVPLanguage_space-fsLR_dir-ffx', 'res_task-RewProc_space-fsLR_dir-ffx', 'res_task-Scene_space-fsLR_dir-ffx', 'res_task-SelectiveStopSignal_space-fsLR_dir-ffx', 'res_task-Self_space-fsLR_dir-ffx', 'res_task-SpatialNavigation_space-fsLR_dir-ffx', 'res_task-StopNogo_space-fsLR_dir-ffx', 'res_task-StopSignal_space-fsLR_dir-ffx', 'res_task-Stroop_space-fsLR_dir-ffx', 'res_task-TheoryOfMind_space-fsLR_dir-ffx', 'res_task-TwoByTwo_space-fsLR_dir-ffx', 'res_task-VSTMC_space-fsLR_dir-ffx', 'res_task-VSTM_space-fsLR_dir-ffx', 'res_task-Visu_space-fsLR_dir-ffx', 'res_task-VisualSearch_space-fsLR_dir-ffx', 'res_task-WardAndAllport_space-fsLR_dir-ffx', 'res_task-WedgeAnti_space-fsLR_dir-ffx', 'res_task-WedgeClock_space-fsLR_dir-ffx', 'ses-00', 'ses-01', 'ses-02', 'ses-03', 'ses-04', 'ses-09', 'ses-11', 'ses-12', 'ses-15', 'ses-16', 'ses-17', 'ses-18', 'ses-19', 'ses-21', 'ses-24', 'ses-25', 'ses-26', 'ses-29', 'ses-30', 'ses-31', 'ses-35', 'ses-36', 'ses-37', 'ses-38', 'ses-39', 'ses-40', 'ses-42']
  Extracted 59412 cortical vertices from 91282 total grayordinates
  ✓ Loaded and parcellated: HcpWm/2back-0back
  Extracted 59412 cortical vertices from 91282 total grayordinates
  ✓ Loaded and parcellated: ItemRecognition/encode5-encode1
  - Not available: MDTB/2back_hard-easy
  - Not available: MDTB/search_hard-easy
  - Not available: MDTB/semantic_hard-easy
  - Not available: MDTB/finger_complex-simple
  - Not available: GoodBadUgly/dot_hard-easy
  Extracted 59412 cortical vertices from 91282 total grayordinates
  ✓ Loaded and parcellated: Stroop/incongruent-congruent
  Extracted 59412 cortical vertices from 91282 total grayordinates
  ✓ Loaded and parcellated: Catell/hard-easy

Combined 4 MD contrasts
Mean parcel z-score: 0.011 ± 0.203
Max parcel z-score: 1.675

✓ Saved parcel data: /ptmp/hmueller2/2025_ibc_latent/outputs/md_system/parcel_based/sub-04/sub-04_MD_parcels.csv
✓ Saved parcel array: /ptmp/hmueller2/2025_ibc_latent/outputs/md_system/parcel_based/sub-04/sub-04_MD_parcels.npz
✓ Saved info: /ptmp/hmueller2/2025_ibc_latent/outputs/md_system/parcel_based/sub-04/sub-04_MD_parcels_info.txt

============================================================
Processing subject 06 (parcel-based)
============================================================
  Looking for contrasts in: /ptmp/hmueller2/2025_ibc_latent/outputs/glm/contrast_maps_fsLR/sub-06
  Subject directory contents (90 items): ['res_task-ArchiEmotional_space-fsLR_dir-ffx', 'res_task-ArchiSocial_space-fsLR_dir-ffx', 'res_task-ArchiSpatial_space-fsLR_dir-ffx', 'res_task-ArchiStandard_space-fsLR_dir-ffx', 'res_task-Attention_space-fsLR_dir-ffx', 'res_task-Audi_space-fsLR_dir-ffx', 'res_task-BiologicalMotion1_space-fsLR_dir-ffx', 'res_task-BiologicalMotion2_space-fsLR_dir-ffx', 'res_task-BreathHolding_space-fsLR_dir-ffx', 'res_task-Catell_space-fsLR_dir-ffx', 'res_task-Checkerboard_space-fsLR_dir-ffx', 'res_task-Color_space-fsLR_dir-ffx', 'res_task-ColumbiaCards_space-fsLR_dir-ffx', 'res_task-Discount_space-fsLR_dir-ffx', 'res_task-DotPatterns_space-fsLR_dir-ffx', 'res_task-EmoMem_space-fsLR_dir-ffx', 'res_task-EmoReco_space-fsLR_dir-ffx', 'res_task-EmotionalPain_space-fsLR_dir-ffx', 'res_task-Enumeration_space-fsLR_dir-ffx', 'res_task-FaceBody_space-fsLR_dir-ffx', 'res_task-FingerTap_space-fsLR_dir-ffx', 'res_task-HcpEmotion_space-fsLR_dir-ffx', 'res_task-HcpGambling_space-fsLR_dir-ffx', 'res_task-HcpLanguage_space-fsLR_dir-ffx', 'res_task-HcpMotor_space-fsLR_dir-ffx', 'res_task-HcpRelational_space-fsLR_dir-ffx', 'res_task-HcpSocial_space-fsLR_dir-ffx', 'res_task-HcpWm_space-fsLR_dir-ffx', 'res_task-ItemRecognition_space-fsLR_dir-ffx', 'res_task-Lec1_space-fsLR_dir-ffx', 'res_task-Lec2_space-fsLR_dir-ffx', 'res_task-MCSE_space-fsLR_dir-ffx', 'res_task-MTTNS_space-fsLR_dir-ffx', 'res_task-MTTWE_space-fsLR_dir-ffx', 'res_task-MVEB_space-fsLR_dir-ffx', 'res_task-MVIS_space-fsLR_dir-ffx', 'res_task-MathLanguage_space-fsLR_dir-ffx', 'res_task-Motion_space-fsLR_dir-ffx', 'res_task-Moto_space-fsLR_dir-ffx', 'res_task-NARPS_space-fsLR_dir-ffx', 'res_task-PainMovie_space-fsLR_dir-ffx', 'res_task-PreferenceFaces_space-fsLR_dir-ffx', 'res_task-PreferenceFood_space-fsLR_dir-ffx', 'res_task-PreferenceHouses_space-fsLR_dir-ffx', 'res_task-PreferencePaintings_space-fsLR_dir-ffx', 'res_task-RSVPLanguage_space-fsLR_dir-ffx', 'res_task-RewProc_space-fsLR_dir-ffx', 'res_task-Scene_space-fsLR_dir-ffx', 'res_task-SelectiveStopSignal_space-fsLR_dir-ffx', 'res_task-Self_space-fsLR_dir-ffx', 'res_task-SpatialNavigation_space-fsLR_dir-ffx', 'res_task-StopNogo_space-fsLR_dir-ffx', 'res_task-StopSignal_space-fsLR_dir-ffx', 'res_task-Stroop_space-fsLR_dir-ffx', 'res_task-TheoryOfMind_space-fsLR_dir-ffx', 'res_task-TwoByTwo_space-fsLR_dir-ffx', 'res_task-VSTMC_space-fsLR_dir-ffx', 'res_task-VSTM_space-fsLR_dir-ffx', 'res_task-Visu_space-fsLR_dir-ffx', 'res_task-VisualSearch_space-fsLR_dir-ffx', 'res_task-WardAndAllport_space-fsLR_dir-ffx', 'res_task-WedgeAnti_space-fsLR_dir-ffx', 'res_task-WedgeClock_space-fsLR_dir-ffx', 'ses-00', 'ses-01', 'ses-02', 'ses-03', 'ses-04', 'ses-08', 'ses-11', 'ses-12', 'ses-15', 'ses-16', 'ses-17', 'ses-18', 'ses-19', 'ses-21', 'ses-24', 'ses-25', 'ses-26', 'ses-29', 'ses-30', 'ses-31', 'ses-35', 'ses-36', 'ses-37', 'ses-38', 'ses-39', 'ses-40', 'ses-42']
  Extracted 59412 cortical vertices from 91282 total grayordinates
  ✓ Loaded and parcellated: HcpWm/2back-0back
  Extracted 59412 cortical vertices from 91282 total grayordinates
  ✓ Loaded and parcellated: ItemRecognition/encode5-encode1
  - Not available: MDTB/2back_hard-easy
  - Not available: MDTB/search_hard-easy
  - Not available: MDTB/semantic_hard-easy
  - Not available: MDTB/finger_complex-simple
  - Not available: GoodBadUgly/dot_hard-easy
  Extracted 59412 cortical vertices from 91282 total grayordinates
  ✓ Loaded and parcellated: Stroop/incongruent-congruent
  Extracted 59412 cortical vertices from 91282 total grayordinates
  ✓ Loaded and parcellated: Catell/hard-easy

Combined 4 MD contrasts
Mean parcel z-score: -0.008 ± 0.263
Max parcel z-score: 0.751

✓ Saved parcel data: /ptmp/hmueller2/2025_ibc_latent/outputs/md_system/parcel_based/sub-06/sub-06_MD_parcels.csv
✓ Saved parcel array: /ptmp/hmueller2/2025_ibc_latent/outputs/md_system/parcel_based/sub-06/sub-06_MD_parcels.npz
✓ Saved info: /ptmp/hmueller2/2025_ibc_latent/outputs/md_system/parcel_based/sub-06/sub-06_MD_parcels_info.txt

============================================================
Processing subject 07 (parcel-based)
============================================================
  Looking for contrasts in: /ptmp/hmueller2/2025_ibc_latent/outputs/glm/contrast_maps_fsLR/sub-07
  Subject directory contents (79 items): ['res_task-ArchiEmotional_space-fsLR_dir-ffx', 'res_task-ArchiSocial_space-fsLR_dir-ffx', 'res_task-ArchiSpatial_space-fsLR_dir-ffx', 'res_task-ArchiStandard_space-fsLR_dir-ffx', 'res_task-Attention_space-fsLR_dir-ffx', 'res_task-Audi_space-fsLR_dir-ffx', 'res_task-BiologicalMotion1_space-fsLR_dir-ffx', 'res_task-BiologicalMotion2_space-fsLR_dir-ffx', 'res_task-BreathHolding_space-fsLR_dir-ffx', 'res_task-Catell_space-fsLR_dir-ffx', 'res_task-Checkerboard_space-fsLR_dir-ffx', 'res_task-ColumbiaCards_space-fsLR_dir-ffx', 'res_task-Discount_space-fsLR_dir-ffx', 'res_task-DotPatterns_space-fsLR_dir-ffx', 'res_task-EmoMem_space-fsLR_dir-ffx', 'res_task-EmoReco_space-fsLR_dir-ffx', 'res_task-EmotionalPain_space-fsLR_dir-ffx', 'res_task-Enumeration_space-fsLR_dir-ffx', 'res_task-FingerTap_space-fsLR_dir-ffx', 'res_task-HcpEmotion_space-fsLR_dir-ffx', 'res_task-HcpGambling_space-fsLR_dir-ffx', 'res_task-HcpLanguage_space-fsLR_dir-ffx', 'res_task-HcpMotor_space-fsLR_dir-ffx', 'res_task-HcpRelational_space-fsLR_dir-ffx', 'res_task-HcpSocial_space-fsLR_dir-ffx', 'res_task-HcpWm_space-fsLR_dir-ffx', 'res_task-ItemRecognition_space-fsLR_dir-ffx', 'res_task-Lec1_space-fsLR_dir-ffx', 'res_task-Lec2_space-fsLR_dir-ffx', 'res_task-MCSE_space-fsLR_dir-ffx', 'res_task-MTTNS_space-fsLR_dir-ffx', 'res_task-MTTWE_space-fsLR_dir-ffx', 'res_task-MVEB_space-fsLR_dir-ffx', 'res_task-MVIS_space-fsLR_dir-ffx', 'res_task-MathLanguage_space-fsLR_dir-ffx', 'res_task-Moto_space-fsLR_dir-ffx', 'res_task-PainMovie_space-fsLR_dir-ffx', 'res_task-PreferenceFaces_space-fsLR_dir-ffx', 'res_task-PreferenceFood_space-fsLR_dir-ffx', 'res_task-PreferenceHouses_space-fsLR_dir-ffx', 'res_task-PreferencePaintings_space-fsLR_dir-ffx', 'res_task-RSVPLanguage_space-fsLR_dir-ffx', 'res_task-SelectiveStopSignal_space-fsLR_dir-ffx', 'res_task-Self_space-fsLR_dir-ffx', 'res_task-SpatialNavigation_space-fsLR_dir-ffx', 'res_task-StopNogo_space-fsLR_dir-ffx', 'res_task-StopSignal_space-fsLR_dir-ffx', 'res_task-Stroop_space-fsLR_dir-ffx', 'res_task-TheoryOfMind_space-fsLR_dir-ffx', 'res_task-TwoByTwo_space-fsLR_dir-ffx', 'res_task-VSTMC_space-fsLR_dir-ffx', 'res_task-VSTM_space-fsLR_dir-ffx', 'res_task-Visu_space-fsLR_dir-ffx', 'res_task-WardAndAllport_space-fsLR_dir-ffx', 'res_task-WedgeAnti_space-fsLR_dir-ffx', 'res_task-WedgeClock_space-fsLR_dir-ffx', 'ses-00', 'ses-01', 'ses-02', 'ses-03', 'ses-04', 'ses-08', 'ses-11', 'ses-12', 'ses-15', 'ses-16', 'ses-17', 'ses-18', 'ses-19', 'ses-23', 'ses-24', 'ses-25', 'ses-26', 'ses-29', 'ses-30', 'ses-31', 'ses-35', 'ses-36', 'ses-37']
  Extracted 59412 cortical vertices from 91282 total grayordinates
  ✓ Loaded and parcellated: HcpWm/2back-0back
  Extracted 59412 cortical vertices from 91282 total grayordinates
  ✓ Loaded and parcellated: ItemRecognition/encode5-encode1
  - Not available: MDTB/2back_hard-easy
  - Not available: MDTB/search_hard-easy
  - Not available: MDTB/semantic_hard-easy
  - Not available: MDTB/finger_complex-simple
  - Not available: GoodBadUgly/dot_hard-easy
  Extracted 59412 cortical vertices from 91282 total grayordinates
  ✓ Loaded and parcellated: Stroop/incongruent-congruent
  Extracted 59412 cortical vertices from 91282 total grayordinates
  ✓ Loaded and parcellated: Catell/hard-easy

Combined 4 MD contrasts
Mean parcel z-score: 0.014 ± 0.184
Max parcel z-score: 0.955

✓ Saved parcel data: /ptmp/hmueller2/2025_ibc_latent/outputs/md_system/parcel_based/sub-07/sub-07_MD_parcels.csv
✓ Saved parcel array: /ptmp/hmueller2/2025_ibc_latent/outputs/md_system/parcel_based/sub-07/sub-07_MD_parcels.npz
✓ Saved info: /ptmp/hmueller2/2025_ibc_latent/outputs/md_system/parcel_based/sub-07/sub-07_MD_parcels_info.txt

============================================================
Processing subject 09 (parcel-based)
============================================================
  Looking for contrasts in: /ptmp/hmueller2/2025_ibc_latent/outputs/glm/contrast_maps_fsLR/sub-09
  Subject directory contents (90 items): ['res_task-ArchiEmotional_space-fsLR_dir-ffx', 'res_task-ArchiSocial_space-fsLR_dir-ffx', 'res_task-ArchiSpatial_space-fsLR_dir-ffx', 'res_task-ArchiStandard_space-fsLR_dir-ffx', 'res_task-Attention_space-fsLR_dir-ffx', 'res_task-Audi_space-fsLR_dir-ffx', 'res_task-BiologicalMotion1_space-fsLR_dir-ffx', 'res_task-BiologicalMotion2_space-fsLR_dir-ffx', 'res_task-BreathHolding_space-fsLR_dir-ffx', 'res_task-Catell_space-fsLR_dir-ffx', 'res_task-Checkerboard_space-fsLR_dir-ffx', 'res_task-Color_space-fsLR_dir-ffx', 'res_task-ColumbiaCards_space-fsLR_dir-ffx', 'res_task-Discount_space-fsLR_dir-ffx', 'res_task-DotPatterns_space-fsLR_dir-ffx', 'res_task-EmoMem_space-fsLR_dir-ffx', 'res_task-EmoReco_space-fsLR_dir-ffx', 'res_task-EmotionalPain_space-fsLR_dir-ffx', 'res_task-Enumeration_space-fsLR_dir-ffx', 'res_task-FaceBody_space-fsLR_dir-ffx', 'res_task-FingerTap_space-fsLR_dir-ffx', 'res_task-HcpEmotion_space-fsLR_dir-ffx', 'res_task-HcpGambling_space-fsLR_dir-ffx', 'res_task-HcpLanguage_space-fsLR_dir-ffx', 'res_task-HcpMotor_space-fsLR_dir-ffx', 'res_task-HcpRelational_space-fsLR_dir-ffx', 'res_task-HcpSocial_space-fsLR_dir-ffx', 'res_task-HcpWm_space-fsLR_dir-ffx', 'res_task-ItemRecognition_space-fsLR_dir-ffx', 'res_task-Lec1_space-fsLR_dir-ffx', 'res_task-Lec2_space-fsLR_dir-ffx', 'res_task-MCSE_space-fsLR_dir-ffx', 'res_task-MTTNS_space-fsLR_dir-ffx', 'res_task-MTTWE_space-fsLR_dir-ffx', 'res_task-MVEB_space-fsLR_dir-ffx', 'res_task-MVIS_space-fsLR_dir-ffx', 'res_task-MathLanguage_space-fsLR_dir-ffx', 'res_task-Motion_space-fsLR_dir-ffx', 'res_task-Moto_space-fsLR_dir-ffx', 'res_task-NARPS_space-fsLR_dir-ffx', 'res_task-PainMovie_space-fsLR_dir-ffx', 'res_task-PreferenceFaces_space-fsLR_dir-ffx', 'res_task-PreferenceFood_space-fsLR_dir-ffx', 'res_task-PreferenceHouses_space-fsLR_dir-ffx', 'res_task-PreferencePaintings_space-fsLR_dir-ffx', 'res_task-RSVPLanguage_space-fsLR_dir-ffx', 'res_task-RewProc_space-fsLR_dir-ffx', 'res_task-Scene_space-fsLR_dir-ffx', 'res_task-SelectiveStopSignal_space-fsLR_dir-ffx', 'res_task-Self_space-fsLR_dir-ffx', 'res_task-SpatialNavigation_space-fsLR_dir-ffx', 'res_task-StopNogo_space-fsLR_dir-ffx', 'res_task-StopSignal_space-fsLR_dir-ffx', 'res_task-Stroop_space-fsLR_dir-ffx', 'res_task-TheoryOfMind_space-fsLR_dir-ffx', 'res_task-TwoByTwo_space-fsLR_dir-ffx', 'res_task-VSTMC_space-fsLR_dir-ffx', 'res_task-VSTM_space-fsLR_dir-ffx', 'res_task-Visu_space-fsLR_dir-ffx', 'res_task-VisualSearch_space-fsLR_dir-ffx', 'res_task-WardAndAllport_space-fsLR_dir-ffx', 'res_task-WedgeAnti_space-fsLR_dir-ffx', 'res_task-WedgeClock_space-fsLR_dir-ffx', 'ses-00', 'ses-01', 'ses-02', 'ses-04', 'ses-05', 'ses-10', 'ses-12', 'ses-13', 'ses-16', 'ses-17', 'ses-18', 'ses-20', 'ses-21', 'ses-22', 'ses-25', 'ses-26', 'ses-27', 'ses-30', 'ses-31', 'ses-32', 'ses-36', 'ses-37', 'ses-38', 'ses-39', 'ses-40', 'ses-41', 'ses-43']
  Extracted 59412 cortical vertices from 91282 total grayordinates
  ✓ Loaded and parcellated: HcpWm/2back-0back
  Extracted 59412 cortical vertices from 91282 total grayordinates
  ✓ Loaded and parcellated: ItemRecognition/encode5-encode1
  - Not available: MDTB/2back_hard-easy
  - Not available: MDTB/search_hard-easy
  - Not available: MDTB/semantic_hard-easy
  - Not available: MDTB/finger_complex-simple
  - Not available: GoodBadUgly/dot_hard-easy
  Extracted 59412 cortical vertices from 91282 total grayordinates
  ✓ Loaded and parcellated: Stroop/incongruent-congruent
  Extracted 59412 cortical vertices from 91282 total grayordinates
  ✓ Loaded and parcellated: Catell/hard-easy

Combined 4 MD contrasts
Mean parcel z-score: -0.003 ± 0.162
Max parcel z-score: 0.612

✓ Saved parcel data: /ptmp/hmueller2/2025_ibc_latent/outputs/md_system/parcel_based/sub-09/sub-09_MD_parcels.csv
✓ Saved parcel array: /ptmp/hmueller2/2025_ibc_latent/outputs/md_system/parcel_based/sub-09/sub-09_MD_parcels.npz
✓ Saved info: /ptmp/hmueller2/2025_ibc_latent/outputs/md_system/parcel_based/sub-09/sub-09_MD_parcels_info.txt

============================================================
Processing subject 11 (parcel-based)
============================================================
  Looking for contrasts in: /ptmp/hmueller2/2025_ibc_latent/outputs/glm/contrast_maps_fsLR/sub-11
  Subject directory contents (89 items): ['res_task-ArchiEmotional_space-fsLR_dir-ffx', 'res_task-ArchiSocial_space-fsLR_dir-ffx', 'res_task-ArchiSpatial_space-fsLR_dir-ffx', 'res_task-ArchiStandard_space-fsLR_dir-ffx', 'res_task-Attention_space-fsLR_dir-ffx', 'res_task-Audi_space-fsLR_dir-ffx', 'res_task-BiologicalMotion1_space-fsLR_dir-ffx', 'res_task-BiologicalMotion2_space-fsLR_dir-ffx', 'res_task-BreathHolding_space-fsLR_dir-ffx', 'res_task-Catell_space-fsLR_dir-ffx', 'res_task-Checkerboard_space-fsLR_dir-ffx', 'res_task-Color_space-fsLR_dir-ffx', 'res_task-ColumbiaCards_space-fsLR_dir-ffx', 'res_task-Discount_space-fsLR_dir-ffx', 'res_task-DotPatterns_space-fsLR_dir-ffx', 'res_task-EmoMem_space-fsLR_dir-ffx', 'res_task-EmoReco_space-fsLR_dir-ffx', 'res_task-EmotionalPain_space-fsLR_dir-ffx', 'res_task-Enumeration_space-fsLR_dir-ffx', 'res_task-FaceBody_space-fsLR_dir-ffx', 'res_task-FingerTap_space-fsLR_dir-ffx', 'res_task-HcpEmotion_space-fsLR_dir-ffx', 'res_task-HcpGambling_space-fsLR_dir-ffx', 'res_task-HcpLanguage_space-fsLR_dir-ffx', 'res_task-HcpMotor_space-fsLR_dir-ffx', 'res_task-HcpRelational_space-fsLR_dir-ffx', 'res_task-HcpSocial_space-fsLR_dir-ffx', 'res_task-HcpWm_space-fsLR_dir-ffx', 'res_task-ItemRecognition_space-fsLR_dir-ffx', 'res_task-Lec1_space-fsLR_dir-ffx', 'res_task-Lec2_space-fsLR_dir-ffx', 'res_task-MCSE_space-fsLR_dir-ffx', 'res_task-MTTNS_space-fsLR_dir-ffx', 'res_task-MTTWE_space-fsLR_dir-ffx', 'res_task-MVEB_space-fsLR_dir-ffx', 'res_task-MVIS_space-fsLR_dir-ffx', 'res_task-MathLanguage_space-fsLR_dir-ffx', 'res_task-Motion_space-fsLR_dir-ffx', 'res_task-Moto_space-fsLR_dir-ffx', 'res_task-NARPS_space-fsLR_dir-ffx', 'res_task-PainMovie_space-fsLR_dir-ffx', 'res_task-PreferenceFaces_space-fsLR_dir-ffx', 'res_task-PreferenceFood_space-fsLR_dir-ffx', 'res_task-PreferenceHouses_space-fsLR_dir-ffx', 'res_task-RSVPLanguage_space-fsLR_dir-ffx', 'res_task-RewProc_space-fsLR_dir-ffx', 'res_task-Scene_space-fsLR_dir-ffx', 'res_task-SelectiveStopSignal_space-fsLR_dir-ffx', 'res_task-Self_space-fsLR_dir-ffx', 'res_task-SpatialNavigation_space-fsLR_dir-ffx', 'res_task-StopNogo_space-fsLR_dir-ffx', 'res_task-StopSignal_space-fsLR_dir-ffx', 'res_task-Stroop_space-fsLR_dir-ffx', 'res_task-TheoryOfMind_space-fsLR_dir-ffx', 'res_task-TwoByTwo_space-fsLR_dir-ffx', 'res_task-VSTMC_space-fsLR_dir-ffx', 'res_task-VSTM_space-fsLR_dir-ffx', 'res_task-Visu_space-fsLR_dir-ffx', 'res_task-VisualSearch_space-fsLR_dir-ffx', 'res_task-WardAndAllport_space-fsLR_dir-ffx', 'res_task-WedgeAnti_space-fsLR_dir-ffx', 'res_task-WedgeClock_space-fsLR_dir-ffx', 'ses-00', 'ses-01', 'ses-02', 'ses-03', 'ses-05', 'ses-08', 'ses-11', 'ses-12', 'ses-16', 'ses-18', 'ses-19', 'ses-20', 'ses-21', 'ses-22', 'ses-25', 'ses-26', 'ses-27', 'ses-30', 'ses-32', 'ses-36', 'ses-37', 'ses-38', 'ses-39', 'ses-40', 'ses-41', 'ses-42', 'ses-44']
  Extracted 59412 cortical vertices from 91282 total grayordinates
  ✓ Loaded and parcellated: HcpWm/2back-0back
  Extracted 59412 cortical vertices from 91282 total grayordinates
  ✓ Loaded and parcellated: ItemRecognition/encode5-encode1
  - Not available: MDTB/2back_hard-easy
  - Not available: MDTB/search_hard-easy
  - Not available: MDTB/semantic_hard-easy
  - Not available: MDTB/finger_complex-simple
  - Not available: GoodBadUgly/dot_hard-easy
  Extracted 59412 cortical vertices from 91282 total grayordinates
  ✓ Loaded and parcellated: Stroop/incongruent-congruent
  Extracted 59412 cortical vertices from 91282 total grayordinates
  ✓ Loaded and parcellated: Catell/hard-easy

Combined 4 MD contrasts
Mean parcel z-score: -0.001 ± 0.217
Max parcel z-score: 0.844

✓ Saved parcel data: /ptmp/hmueller2/2025_ibc_latent/outputs/md_system/parcel_based/sub-11/sub-11_MD_parcels.csv
✓ Saved parcel array: /ptmp/hmueller2/2025_ibc_latent/outputs/md_system/parcel_based/sub-11/sub-11_MD_parcels.npz
✓ Saved info: /ptmp/hmueller2/2025_ibc_latent/outputs/md_system/parcel_based/sub-11/sub-11_MD_parcels_info.txt

============================================================
Processing subject 13 (parcel-based)
============================================================
  Looking for contrasts in: /ptmp/hmueller2/2025_ibc_latent/outputs/glm/contrast_maps_fsLR/sub-13
  Subject directory contents (78 items): ['res_task-ArchiEmotional_space-fsLR_dir-ffx', 'res_task-ArchiSocial_space-fsLR_dir-ffx', 'res_task-ArchiSpatial_space-fsLR_dir-ffx', 'res_task-ArchiStandard_space-fsLR_dir-ffx', 'res_task-Attention_space-fsLR_dir-ffx', 'res_task-Audi_space-fsLR_dir-ffx', 'res_task-BiologicalMotion1_space-fsLR_dir-ffx', 'res_task-BiologicalMotion2_space-fsLR_dir-ffx', 'res_task-BreathHolding_space-fsLR_dir-ffx', 'res_task-Catell_space-fsLR_dir-ffx', 'res_task-Checkerboard_space-fsLR_dir-ffx', 'res_task-ColumbiaCards_space-fsLR_dir-ffx', 'res_task-Discount_space-fsLR_dir-ffx', 'res_task-DotPatterns_space-fsLR_dir-ffx', 'res_task-EmoMem_space-fsLR_dir-ffx', 'res_task-EmoReco_space-fsLR_dir-ffx', 'res_task-EmotionalPain_space-fsLR_dir-ffx', 'res_task-Enumeration_space-fsLR_dir-ffx', 'res_task-FingerTap_space-fsLR_dir-ffx', 'res_task-HcpEmotion_space-fsLR_dir-ffx', 'res_task-HcpGambling_space-fsLR_dir-ffx', 'res_task-HcpLanguage_space-fsLR_dir-ffx', 'res_task-HcpMotor_space-fsLR_dir-ffx', 'res_task-HcpRelational_space-fsLR_dir-ffx', 'res_task-HcpSocial_space-fsLR_dir-ffx', 'res_task-HcpWm_space-fsLR_dir-ffx', 'res_task-ItemRecognition_space-fsLR_dir-ffx', 'res_task-Lec1_space-fsLR_dir-ffx', 'res_task-Lec2_space-fsLR_dir-ffx', 'res_task-MCSE_space-fsLR_dir-ffx', 'res_task-MTTNS_space-fsLR_dir-ffx', 'res_task-MTTWE_space-fsLR_dir-ffx', 'res_task-MVEB_space-fsLR_dir-ffx', 'res_task-MVIS_space-fsLR_dir-ffx', 'res_task-MathLanguage_space-fsLR_dir-ffx', 'res_task-Moto_space-fsLR_dir-ffx', 'res_task-PainMovie_space-fsLR_dir-ffx', 'res_task-PreferenceFaces_space-fsLR_dir-ffx', 'res_task-PreferenceHouses_space-fsLR_dir-ffx', 'res_task-PreferencePaintings_space-fsLR_dir-ffx', 'res_task-RSVPLanguage_space-fsLR_dir-ffx', 'res_task-SelectiveStopSignal_space-fsLR_dir-ffx', 'res_task-Self_space-fsLR_dir-ffx', 'res_task-SpatialNavigation_space-fsLR_dir-ffx', 'res_task-StopNogo_space-fsLR_dir-ffx', 'res_task-StopSignal_space-fsLR_dir-ffx', 'res_task-Stroop_space-fsLR_dir-ffx', 'res_task-TheoryOfMind_space-fsLR_dir-ffx', 'res_task-TwoByTwo_space-fsLR_dir-ffx', 'res_task-VSTMC_space-fsLR_dir-ffx', 'res_task-VSTM_space-fsLR_dir-ffx', 'res_task-Visu_space-fsLR_dir-ffx', 'res_task-WardAndAllport_space-fsLR_dir-ffx', 'res_task-WedgeAnti_space-fsLR_dir-ffx', 'res_task-WedgeClock_space-fsLR_dir-ffx', 'ses-00', 'ses-01', 'ses-02', 'ses-03', 'ses-04', 'ses-08', 'ses-11', 'ses-12', 'ses-15', 'ses-16', 'ses-17', 'ses-18', 'ses-19', 'ses-21', 'ses-24', 'ses-25', 'ses-26', 'ses-29', 'ses-30', 'ses-31', 'ses-35', 'ses-36', 'ses-37']
  Extracted 59412 cortical vertices from 91282 total grayordinates
  ✓ Loaded and parcellated: HcpWm/2back-0back
  Extracted 59412 cortical vertices from 91282 total grayordinates
  ✓ Loaded and parcellated: ItemRecognition/encode5-encode1
  - Not available: MDTB/2back_hard-easy
  - Not available: MDTB/search_hard-easy
  - Not available: MDTB/semantic_hard-easy
  - Not available: MDTB/finger_complex-simple
  - Not available: GoodBadUgly/dot_hard-easy
  Extracted 59412 cortical vertices from 91282 total grayordinates
  ✓ Loaded and parcellated: Stroop/incongruent-congruent
  Extracted 59412 cortical vertices from 91282 total grayordinates
  ✓ Loaded and parcellated: Catell/hard-easy

Combined 4 MD contrasts
Mean parcel z-score: -0.000 ± 0.196
Max parcel z-score: 0.963

✓ Saved parcel data: /ptmp/hmueller2/2025_ibc_latent/outputs/md_system/parcel_based/sub-13/sub-13_MD_parcels.csv
✓ Saved parcel array: /ptmp/hmueller2/2025_ibc_latent/outputs/md_system/parcel_based/sub-13/sub-13_MD_parcels.npz
✓ Saved info: /ptmp/hmueller2/2025_ibc_latent/outputs/md_system/parcel_based/sub-13/sub-13_MD_parcels_info.txt

============================================================
Processing subject 14 (parcel-based)
============================================================
  Looking for contrasts in: /ptmp/hmueller2/2025_ibc_latent/outputs/glm/contrast_maps_fsLR/sub-14
  Subject directory contents (90 items): ['res_task-ArchiEmotional_space-fsLR_dir-ffx', 'res_task-ArchiSocial_space-fsLR_dir-ffx', 'res_task-ArchiSpatial_space-fsLR_dir-ffx', 'res_task-ArchiStandard_space-fsLR_dir-ffx', 'res_task-Attention_space-fsLR_dir-ffx', 'res_task-Audi_space-fsLR_dir-ffx', 'res_task-BiologicalMotion1_space-fsLR_dir-ffx', 'res_task-BiologicalMotion2_space-fsLR_dir-ffx', 'res_task-BreathHolding_space-fsLR_dir-ffx', 'res_task-Catell_space-fsLR_dir-ffx', 'res_task-Checkerboard_space-fsLR_dir-ffx', 'res_task-Color_space-fsLR_dir-ffx', 'res_task-ColumbiaCards_space-fsLR_dir-ffx', 'res_task-Discount_space-fsLR_dir-ffx', 'res_task-DotPatterns_space-fsLR_dir-ffx', 'res_task-EmoMem_space-fsLR_dir-ffx', 'res_task-EmoReco_space-fsLR_dir-ffx', 'res_task-EmotionalPain_space-fsLR_dir-ffx', 'res_task-Enumeration_space-fsLR_dir-ffx', 'res_task-FaceBody_space-fsLR_dir-ffx', 'res_task-FingerTap_space-fsLR_dir-ffx', 'res_task-HcpEmotion_space-fsLR_dir-ffx', 'res_task-HcpGambling_space-fsLR_dir-ffx', 'res_task-HcpLanguage_space-fsLR_dir-ffx', 'res_task-HcpMotor_space-fsLR_dir-ffx', 'res_task-HcpRelational_space-fsLR_dir-ffx', 'res_task-HcpSocial_space-fsLR_dir-ffx', 'res_task-HcpWm_space-fsLR_dir-ffx', 'res_task-ItemRecognition_space-fsLR_dir-ffx', 'res_task-Lec1_space-fsLR_dir-ffx', 'res_task-Lec2_space-fsLR_dir-ffx', 'res_task-MCSE_space-fsLR_dir-ffx', 'res_task-MTTNS_space-fsLR_dir-ffx', 'res_task-MTTWE_space-fsLR_dir-ffx', 'res_task-MVEB_space-fsLR_dir-ffx', 'res_task-MVIS_space-fsLR_dir-ffx', 'res_task-MathLanguage_space-fsLR_dir-ffx', 'res_task-Motion_space-fsLR_dir-ffx', 'res_task-Moto_space-fsLR_dir-ffx', 'res_task-NARPS_space-fsLR_dir-ffx', 'res_task-PainMovie_space-fsLR_dir-ffx', 'res_task-PreferenceFaces_space-fsLR_dir-ffx', 'res_task-PreferenceFood_space-fsLR_dir-ffx', 'res_task-PreferenceHouses_space-fsLR_dir-ffx', 'res_task-PreferencePaintings_space-fsLR_dir-ffx', 'res_task-RSVPLanguage_space-fsLR_dir-ffx', 'res_task-RewProc_space-fsLR_dir-ffx', 'res_task-Scene_space-fsLR_dir-ffx', 'res_task-SelectiveStopSignal_space-fsLR_dir-ffx', 'res_task-Self_space-fsLR_dir-ffx', 'res_task-SpatialNavigation_space-fsLR_dir-ffx', 'res_task-StopNogo_space-fsLR_dir-ffx', 'res_task-StopSignal_space-fsLR_dir-ffx', 'res_task-Stroop_space-fsLR_dir-ffx', 'res_task-TheoryOfMind_space-fsLR_dir-ffx', 'res_task-TwoByTwo_space-fsLR_dir-ffx', 'res_task-VSTMC_space-fsLR_dir-ffx', 'res_task-VSTM_space-fsLR_dir-ffx', 'res_task-Visu_space-fsLR_dir-ffx', 'res_task-VisualSearch_space-fsLR_dir-ffx', 'res_task-WardAndAllport_space-fsLR_dir-ffx', 'res_task-WedgeAnti_space-fsLR_dir-ffx', 'res_task-WedgeClock_space-fsLR_dir-ffx', 'ses-00', 'ses-01', 'ses-02', 'ses-03', 'ses-04', 'ses-10', 'ses-11', 'ses-12', 'ses-13', 'ses-16', 'ses-17', 'ses-18', 'ses-19', 'ses-21', 'ses-24', 'ses-25', 'ses-26', 'ses-29', 'ses-30', 'ses-34', 'ses-35', 'ses-36', 'ses-37', 'ses-38', 'ses-39', 'ses-40', 'ses-42']
  Extracted 59412 cortical vertices from 91282 total grayordinates
  ✓ Loaded and parcellated: HcpWm/2back-0back
  Extracted 59412 cortical vertices from 91282 total grayordinates
  ✓ Loaded and parcellated: ItemRecognition/encode5-encode1
  - Not available: MDTB/2back_hard-easy
  - Not available: MDTB/search_hard-easy
  - Not available: MDTB/semantic_hard-easy
  - Not available: MDTB/finger_complex-simple
  - Not available: GoodBadUgly/dot_hard-easy
  Extracted 59412 cortical vertices from 91282 total grayordinates
  ✓ Loaded and parcellated: Stroop/incongruent-congruent
  Extracted 59412 cortical vertices from 91282 total grayordinates
  ✓ Loaded and parcellated: Catell/hard-easy

Combined 4 MD contrasts
Mean parcel z-score: -0.026 ± 0.195
Max parcel z-score: 0.700

✓ Saved parcel data: /ptmp/hmueller2/2025_ibc_latent/outputs/md_system/parcel_based/sub-14/sub-14_MD_parcels.csv
✓ Saved parcel array: /ptmp/hmueller2/2025_ibc_latent/outputs/md_system/parcel_based/sub-14/sub-14_MD_parcels.npz
✓ Saved info: /ptmp/hmueller2/2025_ibc_latent/outputs/md_system/parcel_based/sub-14/sub-14_MD_parcels_info.txt

============================================================
Processing subject 15 (parcel-based)
============================================================
  Looking for contrasts in: /ptmp/hmueller2/2025_ibc_latent/outputs/glm/contrast_maps_fsLR/sub-15
  Subject directory contents (89 items): ['res_task-ArchiEmotional_space-fsLR_dir-ffx', 'res_task-ArchiSocial_space-fsLR_dir-ffx', 'res_task-ArchiSpatial_space-fsLR_dir-ffx', 'res_task-ArchiStandard_space-fsLR_dir-ffx', 'res_task-Attention_space-fsLR_dir-ffx', 'res_task-Audi_space-fsLR_dir-ffx', 'res_task-BiologicalMotion1_space-fsLR_dir-ffx', 'res_task-BiologicalMotion2_space-fsLR_dir-ffx', 'res_task-BreathHolding_space-fsLR_dir-ffx', 'res_task-Catell_space-fsLR_dir-ffx', 'res_task-Checkerboard_space-fsLR_dir-ffx', 'res_task-Color_space-fsLR_dir-ffx', 'res_task-Discount_space-fsLR_dir-ffx', 'res_task-DotPatterns_space-fsLR_dir-ffx', 'res_task-EmoMem_space-fsLR_dir-ffx', 'res_task-EmoReco_space-fsLR_dir-ffx', 'res_task-EmotionalPain_space-fsLR_dir-ffx', 'res_task-Enumeration_space-fsLR_dir-ffx', 'res_task-FaceBody_space-fsLR_dir-ffx', 'res_task-FingerTap_space-fsLR_dir-ffx', 'res_task-HcpEmotion_space-fsLR_dir-ffx', 'res_task-HcpGambling_space-fsLR_dir-ffx', 'res_task-HcpLanguage_space-fsLR_dir-ffx', 'res_task-HcpMotor_space-fsLR_dir-ffx', 'res_task-HcpRelational_space-fsLR_dir-ffx', 'res_task-HcpSocial_space-fsLR_dir-ffx', 'res_task-HcpWm_space-fsLR_dir-ffx', 'res_task-ItemRecognition_space-fsLR_dir-ffx', 'res_task-Lec1_space-fsLR_dir-ffx', 'res_task-Lec2_space-fsLR_dir-ffx', 'res_task-MCSE_space-fsLR_dir-ffx', 'res_task-MTTNS_space-fsLR_dir-ffx', 'res_task-MTTWE_space-fsLR_dir-ffx', 'res_task-MVEB_space-fsLR_dir-ffx', 'res_task-MVIS_space-fsLR_dir-ffx', 'res_task-MathLanguage_space-fsLR_dir-ffx', 'res_task-Motion_space-fsLR_dir-ffx', 'res_task-Moto_space-fsLR_dir-ffx', 'res_task-NARPS_space-fsLR_dir-ffx', 'res_task-PainMovie_space-fsLR_dir-ffx', 'res_task-PreferenceFaces_space-fsLR_dir-ffx', 'res_task-PreferenceFood_space-fsLR_dir-ffx', 'res_task-PreferenceHouses_space-fsLR_dir-ffx', 'res_task-PreferencePaintings_space-fsLR_dir-ffx', 'res_task-RSVPLanguage_space-fsLR_dir-ffx', 'res_task-RewProc_space-fsLR_dir-ffx', 'res_task-Scene_space-fsLR_dir-ffx', 'res_task-SelectiveStopSignal_space-fsLR_dir-ffx', 'res_task-Self_space-fsLR_dir-ffx', 'res_task-SpatialNavigation_space-fsLR_dir-ffx', 'res_task-StopNogo_space-fsLR_dir-ffx', 'res_task-StopSignal_space-fsLR_dir-ffx', 'res_task-Stroop_space-fsLR_dir-ffx', 'res_task-TheoryOfMind_space-fsLR_dir-ffx', 'res_task-TwoByTwo_space-fsLR_dir-ffx', 'res_task-VSTMC_space-fsLR_dir-ffx', 'res_task-VSTM_space-fsLR_dir-ffx', 'res_task-Visu_space-fsLR_dir-ffx', 'res_task-VisualSearch_space-fsLR_dir-ffx', 'res_task-WardAndAllport_space-fsLR_dir-ffx', 'res_task-WedgeAnti_space-fsLR_dir-ffx', 'res_task-WedgeClock_space-fsLR_dir-ffx', 'ses-00', 'ses-01', 'ses-02', 'ses-03', 'ses-04', 'ses-05', 'ses-06', 'ses-10', 'ses-11', 'ses-14', 'ses-15', 'ses-19', 'ses-20', 'ses-21', 'ses-24', 'ses-25', 'ses-26', 'ses-29', 'ses-30', 'ses-31', 'ses-35', 'ses-36', 'ses-37', 'ses-38', 'ses-39', 'ses-40', 'ses-42']
  Extracted 59412 cortical vertices from 91282 total grayordinates
  ✓ Loaded and parcellated: HcpWm/2back-0back
  Extracted 59412 cortical vertices from 91282 total grayordinates
  ✓ Loaded and parcellated: ItemRecognition/encode5-encode1
  - Not available: MDTB/2back_hard-easy
  - Not available: MDTB/search_hard-easy
  - Not available: MDTB/semantic_hard-easy
  - Not available: MDTB/finger_complex-simple
  - Not available: GoodBadUgly/dot_hard-easy
  Extracted 59412 cortical vertices from 91282 total grayordinates
  ✓ Loaded and parcellated: Stroop/incongruent-congruent
  Extracted 59412 cortical vertices from 91282 total grayordinates
  ✓ Loaded and parcellated: Catell/hard-easy

Combined 4 MD contrasts
Mean parcel z-score: 0.011 ± 0.179
Max parcel z-score: 0.507

✓ Saved parcel data: /ptmp/hmueller2/2025_ibc_latent/outputs/md_system/parcel_based/sub-15/sub-15_MD_parcels.csv
✓ Saved parcel array: /ptmp/hmueller2/2025_ibc_latent/outputs/md_system/parcel_based/sub-15/sub-15_MD_parcels.npz
✓ Saved info: /ptmp/hmueller2/2025_ibc_latent/outputs/md_system/parcel_based/sub-15/sub-15_MD_parcels_info.txt

Group analysis: 8 subjects
Valid subjects: 04, 06, 07, 09, 11, 13, 14, 15
Mean group parcel z-score: -0.000
Max group parcel z-score: 0.625

Top 20 MD parcels:
  L_H_ROI: z = 0.625 ± 0.214
  R_p47r_ROI: z = 0.433 ± 0.093
  R_a47r_ROI: z = 0.314 ± 0.113
  L_a10p_ROI: z = 0.306 ± 0.104
  R_IP2_ROI: z = 0.286 ± 0.061
  R_a9-46v_ROI: z = 0.282 ± 0.071
  R_PFm_ROI: z = 0.260 ± 0.082
  L_PreS_ROI: z = 0.259 ± 0.089
  R_11l_ROI: z = 0.232 ± 0.034
  R_MIP_ROI: z = 0.231 ± 0.072
  L_7PL_ROI: z = 0.225 ± 0.081
  L_a47r_ROI: z = 0.218 ± 0.119
  L_p47r_ROI: z = 0.215 ± 0.083
  R_7Pm_ROI: z = 0.205 ± 0.059
  L_V3B_ROI: z = 0.205 ± 0.055
  L_PIT_ROI: z = 0.202 ± 0.083
  R_10pp_ROI: z = 0.192 ± 0.052
  L_AVI_ROI: z = 0.188 ± 0.076
  L_V3CD_ROI: z = 0.184 ± 0.081
  R_AVI_ROI: z = 0.180 ± 0.054

✓ Saved group parcel data: /ptmp/hmueller2/2025_ibc_latent/outputs/md_system/parcel_based/group/group_MD_parcels.csv
✓ Saved group array: /ptmp/hmueller2/2025_ibc_latent/outputs/md_system/parcel_based/group/group_MD_parcels.npz
✓ Saved group info: /ptmp/hmueller2/2025_ibc_latent/outputs/md_system/parcel_based/group/group_MD_parcels_info.txt

============================================================
Parcel-Based MD Mapping Complete!
============================================================
Results saved to: /ptmp/hmueller2/2025_ibc_latent/outputs/md_system/parcel_based

============================================
Analysis completed successfully!
============================================
Results root: /ptmp/hmueller2/2025_ibc_latent/outputs/md_system
Vertex outputs: /ptmp/hmueller2/2025_ibc_latent/outputs/md_system/vertex_wise
Parcel outputs: /ptmp/hmueller2/2025_ibc_latent/outputs/md_system/parcel_based
Workbench geodesic smoothing used (FWHM=4.0).

To visualize with Workbench scene file:
  ./md_mapping_view.sh group /ptmp/hmueller2/2025_ibc_latent/outputs/md_system/vertex_wise --group

To compare subjects:
  python visualize_md_maps.py compare /ptmp/hmueller2/2025_ibc_latent/outputs/md_system/vertex_wise --output /ptmp/hmueller2/2025_ibc_latent/outputs/md_system/vertex_wise/figures

Job finished at: Tue Mar 10 10:58:12 CET 2026
============================================
